sr_no,year,country,region,artist,song,artist_gender,group_solo,place,points,home_away_country,home_away_region,is_final,semi_final_number,song_in_english,song_quality,normalized_points,energy,duration,acousticness,danceability,tempo,speechiness,key,liveness,time_signature,mode,loudness,valence,happiness,decade,is_winner,top_3,top_10
1,2009,Lithuania,Former Socialist Bloc,Sasha Son ,Love,Male,Solo,23,23,Away,Home,1,,1,0.651052812830183,0.00944170771756979,0.678258290261204,183.18476,0.563170101345754,0.598360426203235,102.984,0.0278170639343017,9.0,0.0786431341148347,3.0,0.0,-9.082,0.482058644399615,6.14823232323,2000,False,False,False
2,2009,Israel,Independent,Noa and Mira Awad ,There Must Be Another Way,Female,Group,16,53,Away,Away,1,,1,1.32362700959569,0.0217569786535304,0.794093269784657,179.87873,0.0687110324676364,0.604542010162488,105.972,0.024996099290271,8.0,0.084805072088256,4.0,1.0,-6.059,0.42620882292588,5.14188679245,2000,False,False,False
3,2009,France,Western Europe,Patricia Kaas ,Et s'il fallait le faire,Female,Solo,8,107,Away,Away,1,,0,2.58643089120684,0.0439244663382594,0.574627615975658,227.97333,0.65407792614396,0.367344227334743,124.005,0.0437509643969314,1.0,0.923905049792307,4.0,1.0,-8.655,0.292869794406171,5.06976190476,2000,False,False,True
4,2009,Sweden,Scandinavia,Malena Ernman ,La voix,Female,Solo,21,33,Away,Away,1,,1,0.864871627813914,0.0135467980295567,0.672745987334615,178.4566,0.119194331013219,0.513201683978439,128.021,0.0348545662873757,10.0,0.143707678919496,4.0,1.0,-4.536,0.206492785923228,5.50269230769,2000,False,False,False
5,2009,Croatia,Former Yugoslavia,Igor Cukrov feat. Andrea ,Lijepa Tena,Both,Group,18,45,Away,Away,1,,0,0.931013525894435,0.0184729064039409,0.733959052674781,182.83057,0.323643438111558,0.590591968752472,116.107,0.0324064300848988,1.0,0.0793219638565446,4.0,0.0,-4.427,0.344540864461678,,2000,False,False,False
6,2009,Portugal,Western Europe,Flor-de-Lis ,Todas as ruas do amor,Both,Group,15,57,Away,Away,1,,0,1.39427192866231,0.0233990147783251,0.60622164022172,253.46567,0.266773885984264,0.575143883654989,96.966,0.042615815728949,7.0,0.113279984155113,4.0,1.0,-7.303,0.331690218298993,4.976,2000,False,False,False
7,2009,Iceland,Scandinavia,Yohanna,Is It True?,Female,Solo,2,218,Away,Away,1,,1,5.22304207584661,0.0894909688013136,0.648462297911811,182.08762,0.120636218253755,0.26085611286083,83.978,0.0303115602272359,0.0,0.100348165255363,4.0,0.0,-8.122,0.263601828788288,5.21528301887,2000,False,True,True
8,2009,Greece,Western Europe,Sakis Rouvas ,This Is Our Night,Male,Solo,7,120,Away,Away,1,,1,2.73887322569368,0.0492610837438424,0.92041421678741,176.4712,0.00619243096406111,0.628107956638931,127.92,0.0642546486920347,6.0,0.174562378836576,4.0,0.0,-6.166,0.677572772984297,,2000,False,False,True
9,2009,Armenia,Former Socialist Bloc,Inga and Anush ,Jan Jan,Female,Group,10,92,Away,Home,1,,1,2.34373453011831,0.0377668308702791,0.86809788720474,181.97333,0.368220787052183,0.691723299868364,86.271,0.0997431333217887,4.0,0.356401741372898,3.0,0.0,-4.061,0.736495474975287,,2000,False,False,True
10,2009,Russia,Former Socialist Bloc,Anastasiya Prikhodko ,Mamo,Female,Solo,11,91,Home,Home,1,,0,1.9609788580325,0.0373563218390805,0.94851627531922,170.56762,0.65204447458257,0.631655336865905,130.059,0.0634364468819174,2.0,0.186244662447847,4.0,0.0,-4.202,0.650372972583683,,2000,False,False,False
 ,2009,Azerbaijan,Former Socialist Bloc,AySel and Arash ,Always,Both,Group,3,207,Away,Home,1,,1,5.1675221983951,0.0849753694581281,0.946863896775781,248.33415,0.0245356228299472,0.729727632687265,134.982,0.1556444793134,6.0,0.120697795165309,4.0,1.0,-4.292,0.81851223719973,5.73219178082,2000,False,True,True
12,2009,Bosnia and Herzegovina,Former Yugoslavia,Regina ,Bistra voda,Male,Group,9,106,Away,Away,1,,0,2.37963600361502,0.0435139573070608,0.731082744924019,187.33823,0.504779183589222,0.547075542633362,75.976,0.0342888077458843,9.0,0.0960956823847908,4.0,1.0,-5.615,0.192152630982137,5.11545454545,2000,False,False,True
13,2009,Moldova,Former Socialist Bloc,Nelly Ciobanu ,Hora din Moldova,Female,Solo,14,69,Away,Home,1,,1,1.63013414872995,0.0283251231527094,0.881466736727367,177.35946,0.0196326118874264,0.350776623907456,92.836,0.060701124953619,6.0,0.0785113092658231,4.0,0.0,-4.548,0.495054137233052,5.2510989011,2000,False,False,False
14,2009,Malta,Western Europe,Chiara ,What If We,Female,Solo,22,31,Away,Away,1,,1,0.705850576425947,0.0127257799671593,0.378374420323919,181.80027,0.0480608382887424,0.528326096424245,123.937,0.0310549336421254,1.0,0.062293112701732,4.0,1.0,-8.226,0.478698632811048,5.48176470588,2000,False,False,False
15,2009,Estonia,Former Socialist Bloc,Urban Symphony ,R_ndajad,Female,Solo,6,129,Away,Home,1,,0,3.2007212646529,0.0529556650246305,,,,,,,,,,,,,5.56727272727,2000,False,False,True
16,2009,Denmark,Scandinavia,Niels Brinck ,Believe Again,Male,Solo,13,74,Away,Away,1,,1,1.8888669074736,0.0303776683087028,0.827642825044967,187.39048,0.021043806556308,0.555140575517914,120.01,0.0423908129653923,2.0,0.0584217318614703,4.0,1.0,-5.084,0.594089788918893,,2000,False,False,False
17,2009,Germany,Western Europe,Alex Swings Oscar Sings! ,Miss Kiss Kiss Bang,Male,Solo,20,35,Away,Away,1,,1,0.97622819478473,0.014367816091954,0.892347857428844,182.40109,0.00123503573746637,0.694713273069585,135.962,0.0785314445825251,5.0,0.403086011441211,4.0,1.0,-6.328,0.412281317891573,5.67058823529,2000,False,False,False
18,2009,Turkey,Independent,Hadise ,D»m Tek Tek,Female,Solo,4,177,Away,Away,1,,1,4.27828613966303,0.0726600985221675,0.793613277938689,185.34168,0.574425735974623,0.831569185491883,114.982,0.0363099787851114,10.0,0.0622175119335634,4.0,1.0,-6.503,0.772847844225027,,2000,False,False,True
19,2009,Albania,Former Socialist Bloc,Kejsi Tola ,Carry Me in Your Dreams,Female,Solo,17,48,Away,Home,1,,1,0.942503494341267,0.0197044334975369,0.779777173891104,186.56608,0.00779384027611544,0.66901746403781,127.996,0.0488439629885563,11.0,0.0687358519906998,4.0,1.0,-5.504,0.631781744611429,5.56760869565,2000,False,False,False
20,2009,Norway,Scandinavia,Alexander Rybak ,Fairytale,Male,Solo,1,387,Away,Away,1,,1,9.47503264351161,0.158866995073892,0.686648350697374,183.89007,0.223642738653331,0.601437155869744,107.974,0.0253877167932466,2.0,0.324601555871027,4.0,0.0,-6.585,0.464132107491933,5.32782608696,2000,True,True,True
21,2009,Ukraine,Former Socialist Bloc,Svetlana Loboda ,Be My Valentine,Female,Solo,12,76,Away,Home,1,,1,1.64265694092049,0.0311986863711002,0.911639848249596,181.06884,0.0145111532686171,0.625690338479756,124.828,0.0463108883353952,6.0,0.632591881795193,4.0,0.0,-4.786,0.699592674101826,,2000,False,False,False
22,2009,Romania,Former Socialist Bloc,Elena ,The Balkan Girls,Female,Solo,19,40,Away,Home,1,,1,0.90262996387426,0.0164203612479475,0.919267642906087,179.97333,0.0206984420883738,0.696327172326798,130.089,0.034788704189782,5.0,0.051819569604596,4.0,1.0,-4.835,0.380539301729905,5.94048192771,2000,False,False,False
23,2009,United Kingdom,Independent,Jade Ewen ,It's My Time,Female,Solo,5,173,Away,Away,1,,1,4.45383609656313,0.0710180623973727,0.499294627960064,197.47374,0.161320667292145,0.303260037327385,96.842,0.030022432099952,4.0,0.105617432864346,4.0,1.0,-6.903,0.120114071684585,5.50652173913,2000,False,False,True
24,2009,Finland,Scandinavia,Waldo's People ,Lose Control,Both,Group,25,22,Away,Away,1,,1,0.573594237520117,0.0090311986863711,0.972366692466512,182.16599,0.0074204361923424,0.580143216573779,137.996,0.0627952513936392,7.0,0.169707518340445,4.0,1.0,-5.088,0.702104923938241,,2000,False,False,False
25,2009,Spain,Western Europe,Soraya Arnelas ,La noche es para m,Female,Solo,23,23,Away,Away,1,,1,0.348077345243735,0.00944170771756979,,,,,,,,,,,,,,2000,False,False,False
26,2008,Romania,Former Socialist Bloc,Nico and Vlad,Pe-o margine de lume,Both,Group,20,45,Away,Away,1,,0,1.06821139082256,0.0180433039294306,0.630618112946005,180.06204,0.226592120407673,0.441085006464538,74.84,0.0463701384097194,2.0,0.164640861870203,4.0,1.0,-6.447,0.184160881793859,,2000,False,False,False
27,2008,United Kingdom,Independent,Andy Abraham,Even If,Male,Solo,25,14,Away,Away,1,,1,0.607250212789976,0.00561347233360064,0.927774105230023,224.07837,0.0122863935146434,0.617001885295435,119.983,0.054777405942542,8.0,0.0440493216167039,4.0,0.0,-6.657,0.642911662614208,5.36628272251,2000,False,False,False
28,2008,Albania,Former Socialist Bloc,Olta Boka,Zemr´n E Lam´ Peng,Female,Solo,17,43,Away,Away,1,,0,0.959554308596245,0.0220529270248597,0.611160139444701,178.93687,0.107240485540674,0.388494091602209,88.152,0.0271193199875154,8.0,0.233353487503121,7.0,1.0,-4.845,0.494869908966958,,2000,False,False,False
29,2008,Germany,Western Europe,No Angels,Disappear,Female,Group,23,14,Away,Away,1,,1,0.481072280839994,0.00561347233360064,0.63110851209122,198.04844,0.00709946267688402,0.707160164807145,122.768,0.0574857752889795,8.0,0.107897330285288,4.0,1.0,-5.845,0.46956980606974,5.21962686567,2000,False,False,False
30,2008,Armenia,Former Socialist Bloc,Sirusho,"Qele, Qele",Female,Solo,4,198,Away,Away,1,,1,4.63247030296479,0.0797914995990377,0.756131787970581,214.18041,0.112286519514166,0.661919332111037,128.119,0.0886907557036568,9.0,0.112762710215656,4.0,0.0,-6.312,0.585043663197973,,2000,False,False,True
31,2008,Bosnia and Herzegovina,Former Yugoslavia,Laka,Poku_aj,Male,Solo,10,105,Away,Home,1,,0,2.51053437917948,0.0441058540497193,,,,,,,,,,,,,,2000,False,False,True
32,2008,Israel,Independent,Boaz Ma'uda,The Fire in Your Eyes,Male,Solo,9,124,Away,Away,1,,1,2.90775612593157,0.04971932638332,0.490721337510733,180.57333,0.0695851133405109,0.183718746224968,79.767,0.0347354541184422,6.0,0.385549157077759,4.0,0.0,-6.277,0.169227091898312,,2000,False,False,True
33,2008,Finland,Scandinavia,TerÊsbetoni,Miss_ Miehet Ratsastaa,Male,Group,22,35,Away,Away,1,,0,0.885662973269094,0.0140336808340016,,,,,,,,,,,,,,2000,False,False,False
34,2008,Croatia,Former Yugoslavia,Kraljevi Ulice and 75 cents,Romanca,Both,Group,21,42,Away,Home,1,,0,0.930762429178271,0.0176423416198877,0.60775791164998,181.81333,0.137343722124945,0.714295459542581,124.084,0.165319697606619,0.0,0.107548010695328,4.0,1.0,-7.724,0.481029045135529,,2000,False,False,False
35,2008,Poland,Former Socialist Bloc,Isis Gee,For Life,Female,Solo,24,14,Away,Away,1,,1,0.253042309519795,0.00561347233360064,0.705635745672643,180.84671,0.133519577693821,0.522679733416127,140.1,0.0336041507639528,11.0,0.110737450511584,4.0,1.0,-8.026,0.380681188716821,5.62918918919,2000,False,False,False
36,2008,Iceland,Scandinavia,Euroband,This is My Life,Both,Group,14,64,Away,Away,1,,1,1.57436039221752,0.0256615878107458,0.906751575662302,245.89887,0.0014358245503785,0.702358265450894,127.973,0.0352265774151836,10.0,0.0824900846308127,4.0,0.0,-8.194,0.732163951565076,,2000,False,False,False
37,2008,Turkey,Independent,Mor ve _tesi,Deli,Male,Group,7,131,Away,Away,1,,0,3.00466308555152,0.0553327987169206,0.869777996640156,183.08163,0.0376967398764833,0.386439188323218,151.107,0.0554316919380841,4.0,0.170243569261854,4.0,0.0,-4.447,0.276184099341225,,2000,False,False,True
38,2008,Portugal,Western Europe,VÑnia Fernandes,Senhora do mar (Negras _guas),Female,Solo,13,69,Away,Away,1,,0,1.7293293105979,0.0276663993584603,0.557688792157471,184.83048,0.376182840335685,0.302826865924913,104.781,0.0506228817374101,9.0,0.349508994015196,3.0,1.0,-6.542,0.153754089812086,,2000,False,False,False
39,2008,Latvia,Former Socialist Bloc,Pirates of the Sea,Wolves of the Sea,Both,Group,12,83,Away,Away,1,,1,1.98555247954337,0.0332798716920609,0.884848053455763,184.20354,0.00281336897667749,0.550279046879579,72.512,0.0505601820770635,9.0,0.335802016199063,4.0,1.0,-11.77,0.387177550562934,5.28,2000,False,False,False
40,2008,Sweden,Scandinavia,Charlotte Perrelli,Hero,Female,Solo,18,47,Away,Away,1,,1,1.18703295552724,0.0188452285485164,0.906245236464877,175.26376,0.00461808693258131,0.616044299301077,126.995,0.0390564008056162,11.0,0.216965834924553,4.0,1.0,-5.34,0.666444529228951,5.52580152672,2000,False,False,False
41,2008,Denmark,Scandinavia,Simon Mathew,All Night Long,Male,Solo,15,60,Away,Away,1,,1,1.54881400520725,0.0240577385725742,0.724638288775042,173.83293,0.00383894619872092,0.687790237067065,122.978,0.0342484222908238,6.0,0.345082893902367,4.0,0.0,-5.154,0.727190503773187,6.01571428571,2000,False,False,False
42,2008,Georgia,Former Socialist Bloc,Diana Gurtskaya,Peace Will Come,Female,Solo,11,83,Away,Away,1,,1,1.8461048343577,0.0332798716920609,0.606369356143975,183.68109,0.0659603426466039,0.58094418260788,76.991,0.0328344006904414,5.0,0.136456276386391,4.0,0.0,-4.608,0.476056138068603,5.27205479452,2000,False,False,False
43,2008,Ukraine,Former Socialist Bloc,Ani Lorak,Shady Lady,Female,Solo,2,226,Away,Away,1,,1,5.17320625061721,0.0922213311948677,0.715463697296292,178.71782,0.0308128445850922,0.708392919806756,127.935,0.0723506804199636,6.0,0.113615976061692,4.0,0.0,-5.709,0.777855065164826,,2000,False,True,True
44,2008,France,Western Europe,S_bastien Tellier,Divine,Male,Solo,19,47,Away,Away,1,,1,1.09284841130732,0.0188452285485164,0.867469367349915,181.0,0.182578768884906,0.567790861234422,142.019,0.0332327085457554,10.0,0.245526276486361,4.0,1.0,-5.557,0.242570000563053,,2000,False,False,False
45,2008,Azerbaijan,Former Socialist Bloc,Elnur and Samir,Day After Day,Both,Group,8,124,Away,Away,1,,1,3.03803557887809,0.0529270248596632,0.687630449973683,188.22639,0.026570546967825,0.587428273205132,108.018,0.0452593220383542,6.0,0.125131146113448,4.0,1.0,-9.139,0.459717998951167,,2000,False,False,True
46,2008,Greece,Western Europe,Kalomira,Secret Combination,Female,Solo,3,215,Away,Away,1,,1,4.84931959341321,0.0874097834803528,,,,,,,,,,,,,,2000,False,True,True
47,2008,Spain,Western Europe,Rodolfo Chikilicuatre,Baila el Chiki-chiki,Male,Solo,16,55,Away,Away,1,,1,1.12655853551366,0.0220529270248597,0.863410199125957,173.8068,0.000413313377815341,0.851493905372977,96.992,0.171342212018328,10.0,0.0580219907147787,4.0,0.0,-5.907,0.848925641442207,5.00361111111,2000,False,False,False
48,2008,Serbia,Former Yugoslavia,Jelena Toma?evi?,Oro,Female,Solo,6,150,Home,Home,1,,0,3.46166290810706,0.0641539695268645,,,,,,,,,,,,,,2000,False,False,True
49,2008,Russia,Former Socialist Bloc,Dima Bilan,Believe,Male,Solo,1,266,Away,Away,1,,1,6.09674369411721,0.10906174819567,0.514367999535381,185.11782,0.112698569290717,0.539576023823619,66.815,0.0440005011576633,8.0,0.159315813699278,4.0,1.0,-11.799,0.223983626976259,,2000,True,True,True
50,2008,Norway,Scandinavia,Maria Haukaas Storeng,Hold On Be Strong,Female,Solo,5,182,Away,Away,1,,1,4.41391517149501,0.0729751403368083,0.738855579506066,185.17007,0.0236930999034027,0.553748829156224,92.021,0.025480601263678,6.0,0.297942374341513,4.0,0.0,-4.464,0.747437664094923,5.27571428571,2000,False,False,True
51,2007,Bosnia and Herzegovina,Former Yugoslavia,Marija,Rijeka bez imena,Female,Solo,11,106,Away,Away,1,,0,2.4584561112321,0.0435139573070608,0.514178888736934,185.88689,0.340025452635261,0.503882798323965,78.993,0.0391783474519195,2.0,0.143929746735459,4.0,1.0,-8.707,0.253546872557687,5.09870967742,2000,False,False,False
52,2007,Spain,Western Europe,D'NASH,I Love You Mi Vida,Male,Group,20,43,Away,Away,1,,1,0.763141375309152,0.0176518883415435,0.946414694011538,180.09351,0.0114820820070196,0.463904376925506,83.407,0.0853940562542922,7.0,0.418115515150988,3.0,1.0,-5.943,0.648456472668942,5.2643220339,2000,False,False,False
53,2007,Belarus,Former Socialist Bloc,Dmitry Koldun,Work Your Magic,Male,Solo,6,145,Away,Away,1,,1,3.52513363289965,0.0595238095238095,,,,,,,,,,,,,,2000,False,False,True
54,2007,Ireland,Independent,Dervish,They Can't Stop The Spring,Both,Group,24,5,Away,Away,1,,1,0.169874157894956,0.00205254515599343,0.696926598361413,172.66893,0.0851953668112267,0.30406650999524,85.427,0.0363908467169899,0.0,0.0949314099974597,4.0,1.0,-6.53,0.472387332794434,4.83711340206,2000,False,False,False
55,2007,Finland,Scandinavia,Hanna Pakarinen,Leave Me Alone,Female,Solo,17,53,Away,Home,1,,1,1.29389430861792,0.0217569786535304,0.857734736651319,213.97333,0.0055130795353873,0.521360071396983,106.037,0.037229146042834,6.0,0.486445024230112,3.0,0.0,-7.004,0.283932850008772,,2000,False,False,False
56,2007,Macedonia,Former Yugoslavia,Karolina,Mojot svet,Female,Solo,14,73,Away,Away,1,,1,1.70758442403533,0.0299671592775041,,,,,,,,,,,,,,2000,False,False,False
57,2007,Slovenia,Former Yugoslavia,Alenka Gotar,Cvet z juga,Female,Solo,15,66,Away,Away,1,,0,1.45066161557994,0.0270935960591133,0.788287512991585,183.76,0.805490646796933,0.317491335569919,124.723,0.0585106676671764,3.0,0.351493795208798,4.0,1.0,-3.797,0.229705969337366,4.83857142857,2000,False,False,False
58,2007,Hungary,Former Socialist Bloc,Magdi R£zsa,Unsubstantial Blues,Female,Solo,9,128,Away,Away,1,,1,3.13544331251652,0.0525451559934319,0.456684974842691,182.1093,0.850128968429577,0.479246206333292,93.495,0.0343423144041148,10.0,0.1348406662949,5.0,0.0,-4.086,0.587942339853145,,2000,False,False,True
59,2007,Lithuania,Former Socialist Bloc,4Fun,Love or Leave,Both,Group,21,28,Away,Away,1,,1,0.60937474402134,0.0114942528735632,0.616090375076737,181.05424,0.175154247475983,0.659810262912424,83.523,0.0301110167161044,8.0,0.0862980509474454,4.0,1.0,-7.794,0.564057731590734,5.32896,2000,False,False,False
60,2007,Greece,Western Europe,Sarbel,Yassou Maria,Male,Solo,7,139,Away,Away,1,,1,3.09983823566007,0.0570607553366174,0.765281291760566,30.02399,0.00877864744402139,0.599874805791072,86.017,0.0373161719254964,4.0,0.332436594448682,4.0,1.0,-11.735,0.704054891226844,5.46130841121,2000,False,False,True
61,2007,Georgia,Former Socialist Bloc,Sopho,Visionary Dream,Female,Solo,12,97,Away,Away,1,,1,2.35375866704118,0.0398193760262726,0.726092921854802,170.07846,0.0580738129372168,0.551423441776213,121.83,0.0502566626926421,7.0,0.11118752992449,3.0,1.0,-6.317,0.419098987916419,,2000,False,False,False
62,2007,Sweden,Scandinavia,The Ark,The Worrying Kind,Male,Group,18,51,Away,Home,1,,1,1.25670388152589,0.020935960591133,0.861285141374742,177.12435,0.0415468889578065,0.549564958372868,66.976,0.0321817145071491,11.0,0.083335115063832,4.0,1.0,-4.429,0.792874636727746,5.5,2000,False,False,False
63,2007,France,Western Europe,Les Fatals Picards,L'amour _ La Franaise,Male,Group,22,19,Away,Away,1,,1,0.428438407888722,0.00779967159277504,0.89443229125131,162.73088,0.00906940372895598,0.571298140001927,83.548,0.0519278500791258,0.0,0.529460174387559,4.0,1.0,-6.653,0.712696708970423,,2000,False,False,False
64,2007,Latvia,Former Socialist Bloc,Bonaparti.lv,Questa notte,Male,Group,16,54,Away,Away,1,,0,1.29062692276569,0.0221674876847291,0.571233088642672,178.77333,0.145411959262485,0.409287309096381,88.862,0.0302937371525304,10.0,0.0954677825275238,4.0,1.0,-5.004,0.263482061660606,4.96388888889,2000,False,False,False
65,2007,Russia,Former Socialist Bloc,Serebro,Song #1,Female,Group,3,207,Away,Away,1,,1,4.7964694229637,0.0849753694581281,0.953835640651353,199.6419,0.00567353388263271,0.691462270752944,128.057,0.0445311709993688,10.0,0.384838159444222,4.0,1.0,-3.074,0.608077924110783,5.36228571429,2000,False,True,True
66,2007,Germany,Western Europe,Roger Cicero,Frauen regier'n die Welt,Male,Solo,19,49,Away,Away,1,,1,1.21845930420199,0.0201149425287356,0.69759293059384,178.10667,0.285984956478006,0.494970691366003,101.625,0.110145361461338,11.0,0.099577033407049,3.0,0.0,-4.042,0.762047409679355,4.58464646465,2000,False,False,False
67,2007,Serbia,Former Yugoslavia,Marija ?erifovi?,Molitva,Female,Solo,1,268,Away,Away,1,,0,6.11388293466716,0.110016420361248,0.959497665062176,218.04363,0.0280942164638403,0.650668599470117,132.007,0.134356543789784,4.0,0.142156669842629,4.0,0.0,-5.242,0.465615737900377,,2000,True,True,True
68,2007,Ukraine,Former Socialist Bloc,Verka Serduchka,Dancing Lasha Tumbai,Male,Solo,2,235,Away,Away,1,,1,5.61801590243581,0.0964696223316913,0.965034281086776,180.18068,0.023076373201051,0.728792369672181,144.037,0.0482075432722039,11.0,0.318528660386856,4.0,0.0,-4.57,0.968450080971351,,2000,False,True,True
69,2007,United Kingdom,Independent,Scooch,Flying the Flag (for You),Both,Group,23,19,Away,Away,1,,1,0.628510854485168,0.00779967159277504,0.985499654878939,282.67927,0.0547997513586263,0.559747093023422,137.848,0.0496730760321398,5.0,0.092369485668724,1.0,0.0,-9.378,0.500893575997312,5.16660944206,2000,False,False,False
70,2007,Romania,Former Socialist Bloc,Todomondo,"Liubi, Liubi, I Love You",Male,Group,13,84,Away,Away,1,,1,2.06431309850718,0.0344827586206897,0.58535593060852,179.94558,0.0201060304183294,0.5684992997209,108.242,0.0724902434321327,1.0,0.12117968905764,4.0,0.0,-7.33,0.928402432108216,5.26973684211,2000,False,False,False
71,2007,Bulgaria,Former Socialist Bloc,Elitsa Todorova and Stoyan Yankoulov,Water,Both,Group,5,157,Away,Away,1,,0,3.82454650090322,0.0644499178981938,,,,,,,,,,,,,,2000,False,False,True
72,2007,Turkey,Independent,Kenan Do?ulu,Shake It Up Shekerim,Male,Solo,4,163,Away,Away,1,,1,3.94023344888201,0.0669129720853859,0.740508349179203,182.7522,0.0197046549045992,0.804160723496759,107.998,0.0812158492805641,10.0,0.0375677436517602,4.0,0.0,-6.863,0.708265996726892,,2000,False,False,True
73,2007,Armenia,Former Socialist Bloc,Hayko,Anytime You Need,Male,Solo,8,138,Away,Away,1,,1,3.17610755741206,0.0566502463054187,0.567510047542246,179.72345,0.478446792778078,0.451273875160059,167.906,0.0309407027692656,7.0,0.107394224650032,4.0,0.0,-8.535,0.122551365259302,,2000,False,False,True
74,2007,Moldova,Former Socialist Bloc,Natalia Barbu,Fight,Female,Solo,10,107,Away,Away,1,,1,2.69073971366078,0.0447454844006568,0.903091155382302,179.02975,0.300154438427355,0.582126006626178,170.093,0.0665365695504785,2.0,0.134618065427493,4.0,0.0,-3.92,0.264178341075762,5.17414634146,2000,False,False,True
75,2006,Switzerland,Western Europe,six4one,If We All Give A Little,Both,Group,16,30,Away,Home,1,,1,0.811468685765272,0.0136116152450091,0.746307389682798,182.28635,0.0625670919296256,0.406480150152333,160.557,0.0698276044087103,11.0,0.152291540113494,4.0,1.0,-6.132,0.206355885035671,5.7504,2000,False,False,False
76,2006,Moldova,Former Socialist Bloc,Arsenium feat. Natalia Gordienko & Connect-R,Loca,Both,Group,20,22,Away,Away,1,,1,0.60916238169045,0.00998185117967332,0.707482231079308,178.46812,0.0609193131526174,0.829763917971947,93.004,0.182745756793203,4.0,0.0661252870637792,4.0,0.0,-5.755,0.853164242885201,,2000,False,False,False
77,2006,Israel,Independent,Eddie Butler,Together We Are One,Male,Solo,23,4,Away,Away,1,,1,0.0494905247937461,0.00181488203266788,0.732123508007858,185.75628,0.152364326987891,0.527223427654072,90.002,0.0284048540508511,0.0,0.129108470802296,4.0,1.0,-6.166,0.471137794296013,5.68151260504,2000,False,False,False
78,2006,Latvia,Former Socialist Bloc,Vocal Group Cosmos,I Hear Your Heart,Male,Group,16,30,Away,Away,1,,1,0.840158736858749,0.0136116152450091,0.339331847904464,180.61161,0.851286802604192,0.47906903135669,167.386,0.239997606484486,6.0,0.0899043458728788,4.0,0.0,-11.982,0.169703604654254,,2000,False,False,False
79,2006,Norway,Scandinavia,Christine Guldbrandsen,Alvedansen,Female,Solo,14,36,Away,Away,1,,0,1.01285532015332,0.0163339382940109,0.675308329456343,175.0722,0.100308620005896,0.450919262180821,86.014,0.0276937336200598,7.0,0.300094341327069,4.0,0.0,-6.618,0.482656702929234,5.796,2000,False,False,False
80,2006,Spain,Western Europe,Las Ketchup,Un Blodymary,Female,Group,21,18,Away,Home,1,,0,0.146504635173384,0.00816696914700544,0.795050282819162,182.5171,0.0354178349960265,0.74644321450079,136.041,0.0373838676800872,8.0,0.098353225245973,4.0,1.0,-7.36,0.873979288689769,5.02979166667,2000,False,False,False
81,2006,Malta,Western Europe,Fabrizio Faniello,I Do,Male,Solo,24,1,Away,Home,1,,1,0.10866846890917,0.000453720508166969,0.712771852422244,257.50884,0.0529678565823883,0.681337884641383,136.013,0.0602768147706376,5.0,0.63465773022514,4.0,0.0,-8.61,0.441618173515279,5.7302020202,2000,False,False,False
82,2006,Germany,Western Europe,Texas Lightning,No No Never,Both,Group,14,36,Away,Home,1,,1,0.962077899055185,0.0163339382940109,0.841856979228033,180.51147,0.0764014644310158,0.647470494341606,121.003,0.0291864097001056,2.0,0.282934137915005,4.0,1.0,-6.133,0.773154168330491,5.34764150943,2000,False,False,False
83,2006,Denmark,Scandinavia,Sidsel Ben Semmane,Twist of Love,Female,Solo,18,26,Away,Away,1,,1,0.664558083432493,0.0117967332123412,0.890210684833396,179.47537,0.00354573955083057,0.505573052216252,78.984,0.0338867330334437,9.0,0.304736732940059,4.0,1.0,-3.016,0.799512137345182,5.35279503106,2000,False,False,False
84,2006,Russia,Former Socialist Bloc,Dima Bilan,Never Let You Go,Male,Solo,2,248,Away,Away,1,,1,6.39074943028419,0.112522686025408,0.919482313920411,180.2068,0.251355885733142,0.552904955737191,85.034,0.0631973109947996,7.0,0.412788487929765,4.0,0.0,-5.412,0.448510809478527,,2000,False,True,True
85,2006,Macedonia,Former Yugoslavia,Elena Risteska,Ninanajna,Female,Solo,12,56,Away,Away,1,,1,1.50678053942445,0.0254083484573503,0.797092409958102,181.39383,0.00803914547910056,0.747202461984797,100.06,0.073719278591468,0.0,0.0916687761908387,4.0,1.0,-5.327,0.686494127042086,,2000,False,False,False
86,2006,Romania,Former Socialist Bloc,Mihai Tr?istariu,Tornerâ,Male,Solo,4,176,Away,Away,1,,1,4.60888118584117,0.0780399274047187,,,,,,,,,,,,,,2000,False,False,True
87,2006,Bosnia and Herzegovina,Former Yugoslavia,Hari Mata Hari,Lejla,Male,Group,3,229,Away,Away,1,,0,6.22364042971419,0.103901996370236,0.626817462424985,191.17379,0.0580364363195455,0.348795264874333,81.17,0.0375750219048957,6.0,0.975524471516566,3.0,0.0,-4.494,0.202941113901221,5.19555555556,2000,False,True,True
88,2006,Lithuania,Former Socialist Bloc,LT United,We Are The Winners,Male,Group,6,162,Away,Away,1,,1,4.50233269304379,0.073502722323049,0.702818150762176,151.53333,0.00958558121816326,0.733670637472783,129.998,0.0692466701351317,10.0,0.0721363583073448,4.0,0.0,-6.27,0.87957280854707,5.73403225806,2000,False,False,True
89,2006,United Kingdom,Independent,Daz Sampson,Teenage Life,Male,Solo,19,25,Away,Away,1,,1,0.691665038634791,0.0113430127041742,0.920070777066324,184.88118,0.576555153091137,0.55646160647668,179.757,0.0931120689941843,7.0,0.85628558693149,4.0,1.0,-5.553,0.854127670692312,5.52954385965,2000,False,False,False
90,2006,Greece,Western Europe,Anna Vissi,Everything,Female,Solo,9,128,Home,Home,1,,1,3.14141058077707,0.058076225045372,0.526038780051494,180.52,0.0254852756865203,0.530164000192848,88.211,0.0285030125139789,3.0,0.246790431708451,4.0,0.0,-7.118,0.51391506320233,,2000,False,False,True
91,2006,Finland,Scandinavia,Lordi,Hard Rock Hallelujah,Male,Group,1,292,Away,Away,1,,1,7.91241452714401,0.132486388384755,0.948509357782067,247.2,0.0185916931860617,0.549882181800374,123.033,0.0482048251471118,8.0,0.138220361185361,4.0,1.0,-4.041,0.530165773463636,,2000,True,True,True
92,2006,Ukraine,Former Socialist Bloc,Tina Karol,Show Me Your Love,Female,Solo,7,145,Away,Away,1,,1,3.80726926275214,0.0657894736842105,,,,,,,,,,,,,5.77092105263,2000,False,False,True
93,2006,France,Western Europe,Virginie Pouchain,Il _tait temps,Female,Solo,22,5,Away,Home,1,,0,-0.228006663996862,0.00226860254083485,0.335698555377382,182.46485,0.0559073938660482,0.613181946957654,99.916,0.0306524877546344,0.0,0.0856314742298429,4.0,0.0,-6.539,0.307903052183993,5.04661538462,2000,False,False,False
94,2006,Croatia,Former Yugoslavia,Severina,Moja ?tikla,Female,Solo,12,56,Away,Away,1,,0,1.55919780497748,0.0254083484573503,0.915772838650282,224.41796,0.11440178540003,0.411804249188211,102.088,0.063061702552172,4.0,0.953340200639893,4.0,1.0,-4.471,0.469310895822513,5.116,2000,False,False,False
95,2006,Ireland,Independent,Brian Kennedy,Every Song Is a Cry for Love,Male,Solo,10,93,Away,Away,1,,1,2.52090568770553,0.0421960072595281,0.542616619513277,180.61333,0.0523821471587768,0.457602237541729,70.038,0.0268011143512046,7.0,0.119095130256996,4.0,1.0,-5.976,0.313173963597852,5.284,2000,False,False,True
96,2006,Sweden,Scandinavia,Carola,Invincible,Female,Solo,5,170,Away,Away,1,,1,4.52319601464764,0.0771324863883848,0.901847072484191,445.75302,0.00175100463773392,0.669866526734427,130.993,0.0443222874745373,1.0,0.0398387588596479,4.0,1.0,-5.264,0.86661684634349,5.93535714286,2000,False,False,True
97,2006,Turkey,Independent,Sibel Tzn,Sper Star,Female,Solo,11,91,Away,Away,1,,1,2.49091620179526,0.0412885662431942,,,,,,,,,,,,,,2000,False,False,False
98,2006,Armenia,Former Socialist Bloc,Andr_,Without Your Love,Male,Solo,8,129,Away,Away,1,,1,3.33822984006812,0.058529945553539,,,,,,,,,,,,,,2000,False,False,True
99,2005,Hungary,Former Socialist Bloc,NOX,"Forogj, vil_g!",Both,Group,12,97,Away,Home,1,,0,2.51946051187062,0.0428824049513705,0.880630022223956,396.77333,0.17356519680235,0.412664897304611,144.843,0.408260161334631,11.0,0.696317906096585,4.0,0.0,-8.261,0.451118415439908,5.2947826087,2000,False,False,False
100,2005,United Kingdom,Independent,Javine,Touch My Fire,Female,Solo,22,18,Away,Away,1,,1,0.430637946724505,0.00795755968169761,0.763697497370331,190.30159,0.0356488005336253,0.746406446628513,120.029,0.0629479412457624,10.0,0.28051507264119,4.0,0.0,-5.963,0.849109784359058,5.36509803922,2000,False,False,False
101,2005,Malta,Western Europe,Chiara,Angel,Female,Solo,2,192,Away,Away,1,,1,5.14824906900663,0.0848806366047745,0.480065815464658,230.04844,0.00729690546082294,0.456984543983799,148.059,0.0301239054908553,9.0,0.253942796026785,4.0,1.0,-10.012,0.149809519813863,5.63438596491,2000,False,True,True
102,2005,Romania,Former Socialist Bloc,Lumini?a Anghel and Sistem,Let Me Try,Female,Solo,3,158,Away,Home,1,,1,4.04995211671845,0.0698496905393457,,,,,,,,,,,,,,2000,False,True,True
103,2005,Norway,Scandinavia,Wig Wam,In My Dreams,Male,Group,9,125,Away,Away,1,,1,3.22277292812016,0.0552608311229001,0.780855419433983,183.94231,0.166150058075526,0.429884311738295,126.042,0.0450356560499777,4.0,0.167047549040174,4.0,0.0,-5.72,0.454281825124459,5.50442622951,2000,False,False,True
104,2005,Turkey,Independent,Glseren,Rimi Rimi Ley,Female,Solo,13,92,Away,Away,1,,0,2.55790589214098,0.0406719717064545,,,,,,,,,,,,,4.73104477612,2000,False,False,False
105,2005,Moldova,Former Socialist Bloc,Zdob ?i Zdub,Boonika bate doba,Male,Group,6,148,Away,Home,1,,1,3.98694024770742,0.0654288240495137,0.90353904130345,239.50667,0.00682639938945545,0.489460433906907,87.267,0.0402385560001012,9.0,0.227271391412963,4.0,1.0,-5.209,0.328386976249985,,2000,False,False,True
106,2005,Albania,Former Socialist Bloc,Ledina ãelo,Tomorrow I Go,Female,Solo,16,53,Away,Home,1,,1,1.2616281649973,0.0234305923961096,,,,,,,,,,,,,,2000,False,False,False
107,2005,Cyprus,Independent,Constantinos Christoforou,Ela Ela (Come Baby),Male,Solo,18,46,Away,Away,1,,1,1.16414674331843,0.0203359858532272,,,,,,,,,,,,,,2000,False,False,False
108,2005,Spain,Western Europe,Son de Sol,Brujera,Female,Group,21,28,Away,Away,1,,0,0.516839073287275,0.0123784261715296,,,,,,,,,,,,,4.83518987342,2000,False,False,False
109,2005,Israel,Independent,Shiri Maimon,Hasheket Shenish'ar,Female,Solo,4,154,Away,Away,1,,1,4.18275439212423,0.0680813439434129,0.662122718591969,181.34667,0.520315134726206,0.536614179219801,75.014,0.0289597063419959,5.0,0.0957554132382771,4.0,0.0,-6.313,0.678389286511407,,2000,False,False,True
110,2005,Serbia and Montenegro,Former Yugoslavia,No Name,Zauvijek moja,Male,Group,7,137,Away,Away,1,,0,3.70683405095854,0.0605658709106985,,,,,,,,,,,,,5.49441624365,2000,False,False,True
111,2005,Denmark,Scandinavia,Jakob Sveistrup,Talking to You,Male,Solo,10,125,Away,Away,1,,1,3.17034750995334,0.0552608311229001,0.732815563359826,183.60272,0.109408438507339,0.643914774509765,87.017,0.0465822676687798,0.0,0.144226688377099,4.0,1.0,-5.813,0.644188424036622,5.58707482993,2000,False,False,True
112,2005,Sweden,Scandinavia,Martin Stenmarck,Las Vegas,Male,Solo,19,30,Away,Away,1,,1,0.658783495830036,0.013262599469496,0.913913271208763,185.17723,0.0547967409107819,0.560739315920241,128.001,0.0421536355256904,3.0,0.32860594348428,4.0,0.0,-4.327,0.560368732311458,5.64941176471,2000,False,False,False
113,2005,Macedonia,Former Yugoslavia,Martin Vu?i?,Make My Day,Male,Solo,17,52,Away,Away,1,,1,1.37417851999133,0.0229885057471264,,,,,,,,,,,,,,2000,False,False,False
114,2005,Ukraine,Former Socialist Bloc,GreenJolly,Razom nas bahato,Male,Group,19,30,Home,Home,1,,1,0.813370866278794,0.013262599469496,0.942477396346854,159.29333,0.398839193493537,0.894179246017995,90.094,0.0900006145082795,4.0,0.0676614132499182,4.0,0.0,-4.96,0.857736239020161,5.22476190476,2000,False,False,False
115,2005,Germany,Western Europe,Gracia Baur,Run and Hide,Female,Solo,24,4,Away,Away,1,,1,0.0992707064245059,0.0017683465959328,0.752798732450073,239.53088,0.0458789787513241,0.462903635850804,155.88,0.0564669955439307,4.0,0.106635553899037,4.0,1.0,-7.238,0.206829339678868,,2000,False,False,False
116,2005,Croatia,Former Yugoslavia,Boris Novkovi?,Vukovi umiru sami,Male,Solo,11,115,Away,Away,1,,0,3.00452133139162,0.0508399646330681,0.797358955397309,181.55102,0.069534651969806,0.317649213869955,80.048,0.0896696763464622,2.0,0.798499989143654,3.0,0.0,-6.635,0.265054655450316,,2000,False,False,False
117,2005,Greece,Western Europe,Helena Paparizou,My Number One,Female,Solo,1,230,Away,Away,1,,1,5.91885995477701,0.101679929266136,0.74797067135921,175.06667,0.00925576346083308,0.77153425386583,113.034,0.0354853722296878,8.0,0.0265131697133492,4.0,0.0,-6.131,0.971989042578638,5.57529411765,2000,True,True,True
118,2005,Russia,Former Socialist Bloc,Natalia Podolskaya,Nobody Hurt No One,Female,Solo,15,57,Away,Home,1,,1,1.45549780046096,0.0251989389920424,,,,,,,,,,,,,4.3756302521,2000,False,False,False
119,2005,Bosnia and Herzegovina,Former Yugoslavia,Feminnem,Call Me,Female,Group,14,79,Away,Away,1,,1,2.08299533155348,0.0349248452696729,,,,,,,,,,,,,5.45777272727,2000,False,False,False
120,2005,Switzerland,Western Europe,Vanilla Ninja,Cool Vibes,Female,Group,8,128,Away,Away,1,,1,3.24076591482073,0.0565870910698497,0.663860146067522,247.73333,0.0374576754148415,0.512192122869977,127.049,0.0629262750162941,4.0,0.0628813066969021,4.0,0.0,-6.553,0.247399387586464,5.28797619048,2000,False,False,True
121,2005,Latvia,Former Socialist Bloc,Walters and Kazha,The War Is Not Over,Male,Group,5,153,Away,Home,1,,1,4.01020345521316,0.0676392572944297,0.601029414485813,177.02667,0.626087390584366,0.753754576786844,104.978,0.025652236180913,0.0,0.136981161193198,4.0,1.0,-4.766,0.706140579327569,5.28580152672,2000,False,False,True
122,2005,France,Western Europe,Ortal,Chacun pense ó soi,Female,Solo,23,11,Away,Away,1,,0,0.171570268667746,0.00486295313881521,,,,,,,,,,,,,4.95461538462,2000,False,False,False
123,2004,Spain,Western Europe,Ram¢n,Para llenarme de ti,Male,Solo,10,87,Away,Away,1,,0,2.47105435801064,0.0416666666666667,,,,,,,,,,,,,5.51388888889,2000,False,False,True
124,2004,Austria,Western Europe,Tie Break,Du bist,Male,Group,21,9,Away,Away,1,,0,0.20149963988625,0.00431034482758621,0.514342628996262,191.36,0.176648530794625,0.325959493522001,85.537,0.0330230522099112,5.0,0.0768430640425404,5.0,1.0,-7.004,0.616096084811151,4.61028169014,2000,False,False,False
125,2004,Norway,Scandinavia,Knut Anders S_rum,High,Male,Solo,24,3,Away,Away,1,,1,-0.0107102296427415,0.0014367816091954,0.764991401516952,182.9873,0.0204467168211748,0.489428171524341,93.695,0.0280938950448885,8.0,0.154777020030392,4.0,1.0,-8.248,0.321987009442205,5.59240310078,2000,False,False,False
126,2004,France,Western Europe,Jonatan Cerrada,š chaque pas,Male,Solo,15,40,Away,Away,1,,0,1.03552533573272,0.0191570881226054,0.299055585252729,187.72,,0.559522981913328,140.96,0.0283052072368777,2.0,0.235751310673586,4.0,1.0,-7.546,,4.88543209877,2000,False,False,False
127,2004,Serbia and Montenegro,Former Yugoslavia,?eljko Joksimovi?,Lane moje,Male,Solo,2,263,Away,Away,1,,0,7.73253620497916,0.12595785440613,,,,,,,,,,,,,,2000,False,True,True
128,2004,Malta,Western Europe,Julie and Ludwig,On Again... Off Again,Both,Group,12,50,Away,Away,1,,1,1.4556917534286,0.0239463601532567,,,,,,,,,,,,,5.48558282209,2000,False,False,False
129,2004,Netherlands,Western Europe,Re-Union,Without You,Male,Group,20,11,Away,Away,1,,1,0.355708524570565,0.00526819923371648,,,,,,,,,,,,,,2000,False,False,False
130,2004,Germany,Western Europe,Max,Can't Wait Until Tonight,Male,Solo,8,93,Away,Away,1,,1,2.60234899676438,0.0445402298850575,0.373493168238178,182.45333,0.518331541694966,0.736041904656716,98.034,0.0342328873855269,9.0,0.100326257185837,4.0,1.0,-9.47,0.375232729940959,5.30872881356,2000,False,False,True
131,2004,Albania,Former Socialist Bloc,Anjeza Shahini,The Image of You,Female,Solo,7,106,Away,Away,1,,1,2.81834357218658,0.0507662835249042,,,,,,,,,,,,,5.561375,2000,False,False,True
132,2004,Ukraine,Former Socialist Bloc,Ruslana,Wild Dances,Female,Solo,1,280,Away,Away,1,,1,8.12732179594602,0.134099616858238,0.775246205041318,182.74494,0.00644587448887172,0.696340370112074,85.964,0.0443881081942196,2.0,0.0784146214081157,4.0,1.0,-9.145,0.89078099643113,5.55301886792,2000,True,True,True
133,2004,Croatia,Former Yugoslavia,Ivan Mikuli?,You Are The Only One,Male,Solo,12,50,Away,Away,1,,1,1.39735313511039,0.0239463601532567,,,,,,,,,,,,,,2000,False,False,False
134,2004,Bosnia and Herzegovina,Former Yugoslavia,Deen,In The Disco,Male,Solo,9,91,Away,Away,1,,1,2.51579901913111,0.0435823754789272,0.897901614187031,176.28544,0.017778640079871,0.473193865505289,133.953,0.124436746714225,1.0,0.562067912796185,4.0,1.0,-4.562,0.891231094789373,5.43122807018,2000,False,False,True
135,2004,Belgium,Western Europe,Xandee,1 Life,Female,Solo,22,7,Away,Away,1,,1,0.29274897111237,0.00335249042145594,0.941381034229858,173.57333,0.0271708862083285,0.713673886687864,130.01,0.0653322728933548,0.0,0.185628630451344,4.0,1.0,-5.683,0.804391965484192,5.47974358974,2000,False,False,False
136,2004,Russia,Former Socialist Bloc,Julia Savicheva,Believe Me,Female,Solo,11,67,Away,Away,1,,1,1.91561369702303,0.032088122605364,,,,,,,,,,,,,5.39151515152,2000,False,False,False
137,2004,Macedonia,Former Yugoslavia,To?e Proeski,Life,Male,Solo,14,47,Away,Away,1,,1,1.43204049278648,0.0225095785440613,0.938486470876376,181.73333,0.392504622185949,0.726625939868963,136.023,0.0794113700415406,9.0,0.115993208179355,1.0,0.0,-3.548,0.699185249878323,,2000,False,False,False
138,2004,Greece,Western Europe,Sakis Rouvas,Shake It,Male,Solo,3,252,Away,Away,1,,1,7.22940230406763,0.120689655172414,0.926672990701743,179.21161,0.00216820850778648,0.71777167033355,113.039,0.0460631861376504,2.0,0.110225539024165,4.0,1.0,-4.909,0.771430321848521,5.46479041916,2000,False,True,True
139,2004,Iceland,Scandinavia,J¢nsi,Heaven,Male,Solo,19,16,Away,Away,1,,1,0.414778347477234,0.00766283524904215,0.413522279404092,192.12145,0.0944528206235848,0.499725466261903,125.953,0.0289654979821102,0.0,0.0994907329330006,4.0,1.0,-12.362,0.297289341831549,5.53701834862,2000,False,False,False
140,2004,Ireland,Independent,Chris Doran,If My World Stopped Turning,Male,Solo,22,7,Away,Away,1,,1,0.0920432002253148,0.00335249042145594,0.506990429168737,184.96,0.57032930749898,0.47265130597266,74.15,0.0313053388156744,11.0,0.161704247953326,4.0,1.0,-8.551,0.22906347464141,5.41461538462,2000,False,False,False
141,2004,Poland,Former Socialist Bloc,Blue Caf_,Love Song,Both,Group,17,27,Away,Away,1,,1,0.946498664629718,0.0129310344827586,0.0647304377840477,203.14667,0.992610014003123,0.373385127031284,87.928,0.0382635415142915,4.0,0.283097365828172,4.0,1.0,-19.675,0.0407558717751988,,2000,False,False,False
142,2004,United Kingdom,Independent,James Fox,Hold On to Our Love,Male,Solo,16,29,Away,Away,1,,1,0.781414152437189,0.0138888888888889,,,,,,,,,,,,,5.61021857923,2000,False,False,False
143,2004,Cyprus,Independent,Lisa Andreas,Stronger Every Minute,Female,Solo,5,170,Away,Away,1,,1,5.00639450950244,0.0814176245210728,,,,,,,,,,,,,5.61344827586,2000,False,False,True
144,2004,Turkey,Independent,Athena,For Real,Male,Group,4,195,Home,Home,1,,1,5.91760665190524,0.0933908045977011,0.742435430374503,188.22639,0.344185552774475,0.868359829807458,126.04,0.0639277536660295,5.0,0.0480826845567839,4.0,0.0,-9.505,0.867909294283872,5.56189655172,2000,False,False,True
145,2004,Romania,Former Socialist Bloc,Sanda,I Admit,Female,Solo,18,18,Away,Away,1,,1,0.778902461320484,0.00862068965517241,,,,,,,,,,,,,5.56219178082,2000,False,False,False
146,2004,Sweden,Scandinavia,Lena Philipsson,It Hurts,Female,Solo,5,170,Away,Away,1,,1,4.63474414794192,0.0814176245210728,0.947076043950577,182.06286,0.00192356646365679,0.685550574316677,126.935,0.0274044951364397,11.0,0.0739345095022504,4.0,1.0,-4.693,0.753434472063163,5.19057971014,2000,False,False,True
147,2003,Iceland,Scandinavia,Birgitta Haukdal,Open Your Heart,,,8,81,Away,Away,1,,1,3.28622063467574,0.0537135278514589,0.851536177728254,183.73333,0.0179993341941612,0.487658598704267,105.141,0.0408773154201735,4.0,0.207722236599958,4.0,1.0,-4.876,0.628780188616963,5.60405797101,2000,False,False,True
148,2003,Austria,Western Europe,Alf Poier,Weil der Mensch zÊhlt,,,6,101,Away,Away,1,,0,3.98899775248133,0.0669761273209549,,,,,,,,,,,,,4.96360824742,2000,False,False,True
149,2003,Ireland,Independent,Mickey Joe Harte,We've Got the World,,,11,53,Away,Away,1,,1,1.93531532704548,0.0351458885941645,0.875718344409031,203.69333,0.0844265269288136,0.568171529613299,104.009,0.0407514880791381,2.0,0.400932880472639,4.0,1.0,-5.689,0.541669363796679,,2000,False,False,False
150,2003,Turkey,Independent,Sertab Erener,Everyway That I Can,,,1,167,Away,Away,1,,1,6.9504061886583,0.110742705570292,0.85871642968183,276.04853,0.0151832029702056,0.726158362329528,94.974,0.0427059936020524,11.0,0.0441186427920273,4.0,0.0,-4.767,0.619479214525743,5.80413793103,2000,True,True,True
151,2003,Malta,Western Europe,Lynn Chircop,To Dream Again,,,25,4,Away,Away,1,,1,0.0195118077351072,0.0026525198938992,,,,,,,,,,,,,5.88066666667,2000,False,False,False
152,2003,Bosnia and Herzegovina,Former Yugoslavia,Mija Martina,Ne brini,,,16,27,Away,Away,1,,1,1.12201261004333,0.0179045092838196,,,,,,,,,,,,,,2000,False,False,False
153,2003,Portugal,Western Europe,Rita Guerra,Deixa-me sonhar,,,22,13,Away,Away,1,,1,0.210598126171466,0.00862068965517241,0.257389126319094,336.49333,0.762867754055231,0.545363794782003,82.998,0.0298438685840935,2.0,0.122193262314456,4.0,1.0,-10.184,0.201688210385296,5.26,2000,False,False,False
154,2003,Croatia,Former Yugoslavia,Claudia Beni,Vi?e nisam tvoja,,,15,29,Away,Away,1,,1,1.45759446282181,0.0192307692307692,0.808279964026335,172.47456,0.705873158044359,0.830398001573386,94.981,0.0419717394170974,3.0,0.0824935956933902,4.0,0.0,-2.352,0.870379386120089,,2000,False,False,False
155,2003,Cyprus,Independent,Stelios Konstantas,Feeling Alive,,,20,15,Away,Away,1,,1,0.81826927904506,0.00994694960212202,,,,,,,,,,,,,,2000,False,False,False
156,2003,Germany,Western Europe,Lou,Let's Get Happy,,,11,53,Away,Away,1,,1,1.88669301651551,0.0351458885941645,0.923018597485066,181.81179,0.0170723705872381,0.63176389057836,145.082,0.0551603042769157,10.0,0.261104588369344,4.0,0.0,-3.801,0.94129717974807,5.53015306122,2000,False,False,False
157,2003,Russia,Former Socialist Bloc,t.A.T.u.,"Ne ver', ne boysia",,,3,164,Away,Home,1,,0,6.76749770970034,0.108753315649867,0.791910547167829,185.69252,0.00107817159847413,0.658398359672624,136.043,0.0328458554971919,10.0,0.317602456421067,4.0,0.0,-7.468,0.385373097283997,5.54664536741,2000,False,True,True
158,2003,Spain,Western Europe,Beth,Dime,,,8,81,Away,Away,1,,0,3.16239308362019,0.0537135278514589,0.819261932246991,181.71891,0.00686770724452447,0.677511252455985,130.072,0.0488190983294272,11.0,0.346669229800622,4.0,0.0,-6.368,0.891448749691062,5.57265957447,2000,False,False,True
159,2003,Israel,Independent,Lior Narkis,Words for Love,,,19,17,Away,Away,1,,1,0.626856859210659,0.0112732095490716,,,,,,,,,,,,,5.66333333333,2000,False,False,False
160,2003,Netherlands,Western Europe,Esther Hart,One More Night,,,13,45,Away,Away,1,,1,1.70144596857992,0.029840848806366,0.861165748158378,180.04707,0.00800201988457241,0.625632147762205,116.032,0.0678424213412094,1.0,0.320529691248941,4.0,1.0,-6.33,0.849175415874716,5.74293269231,2000,False,False,False
161,2003,United Kingdom,Independent,Jemini,Cry Baby,,,26,0,Away,Away,1,,1,-0.302963388297041,0.0,,,,,,,,,,,,,5.05851851852,2000,False,False,False
162,2003,Ukraine,Former Socialist Bloc,Oleksandr Ponomaryov,Hasta la Vista,,,14,30,Away,Home,1,,1,1.36416626383616,0.019893899204244,,,,,,,,,,,,,,2000,False,False,False
163,2003,Greece,Western Europe,Mando,Never Let You Go,,,17,25,Away,Away,1,,1,1.15404936453118,0.01657824933687,,,,,,,,,,,,,,2000,False,False,False
164,2003,Norway,Scandinavia,Jostein Hasselg_rd,I'm Not Afraid To Move On,,,4,123,Away,Away,1,,1,4.87672138551989,0.0815649867374005,0.431977804802702,183.06567,0.137689159825147,0.541164768910132,75.994,0.0253918835421484,0.0,0.0968345002795729,4.0,1.0,-7.259,0.338391382328471,,2000,False,False,True
165,2003,France,Western Europe,Louisa Ba¾leche,Monts et merveilles,,,18,19,Away,Away,1,,0,0.60969027084273,0.0125994694960212,,,,,,,,,,,,,,2000,False,False,False
166,2003,Poland,Former Socialist Bloc,Ich Troje,Keine Grenzen-?adnych granic,,,7,90,Away,Home,1,,0,3.86099990123119,0.0596816976127321,0.126677224872597,182.78354,0.690863124404493,0.491622960646852,69.071,0.0281911097460994,7.0,0.110196831875031,4.0,1.0,-21.878,0.136894710199273,4.99923076923,2000,False,False,True
167,2003,Latvia,Former Socialist Bloc,F.L.Y.,Hello From Mars,,,24,5,Home,Home,1,,1,0.157047885687777,0.00331564986737401,0.712074211744656,178.46667,0.0249054797885806,0.549474468646437,132.062,0.0299594323098115,0.0,0.161618276105707,4.0,1.0,-4.963,0.415208032647436,5.55652173913,2000,False,False,False
168,2003,Belgium,Western Europe,Urban Trad,Sanomi,,,2,165,Away,Away,1,,0,6.25389444288614,0.109416445623342,0.809913210811817,247.89007,0.0984442291122552,0.557138511851565,85.073,0.030357393968681,7.0,0.158820037920308,4.0,0.0,-6.722,0.700236427791113,4.954,2000,False,True,True
169,2003,Estonia,Former Socialist Bloc,Ruffus,Eighties Coming Back,,,21,14,Away,Home,1,,1,0.502635995747292,0.00928381962864721,,,,,,,,,,,,,5.4911409396,2000,False,False,False
170,2003,Romania,Former Socialist Bloc,Nicola,Don't Break My Heart,,,10,73,Away,Home,1,,1,3.05821565441063,0.0484084880636605,0.906752916295874,185.97333,0.208405684302873,0.603701640617931,83.968,0.0494259750475257,2.0,0.326938161107387,4.0,1.0,-4.107,0.547943338634502,5.28251655629,2000,False,False,True
171,2003,Sweden,Scandinavia,Fame,Give Me Your Love,,,5,107,Away,Away,1,,1,4.25999884028122,0.07095490716180369,0.916466239591289,180.46503,0.00840312643398093,0.550905391598292,131.958,0.0568058205629685,2.0,0.110881769850329,4.0,1.0,-5.633,0.456225691251675,5.67561290323,2000,False,False,True
172,2003,Slovenia,Former Yugoslavia,Karmen Stavec,Nanana,,,23,7,Away,Away,1,,1,0.489222313166372,0.00464190981432361,,,,,,,,,,,,,5.56319526627,2000,False,False,False
173,2002,Cyprus,Independent,One,Gimme,,,6,85,Away,Away,1,,1,3.82945041249381,0.0610632183908046,0.959941953077305,184.41252,0.0131456053440466,0.626612320505822,136.049,0.0813951711952268,0.0,0.268070405620946,4.0,0.0,-5.912,0.58435986475023,5.52333333333,2000,False,False,True
174,2002,United Kingdom,Independent,Jessica Garlick,Come Back,,,3,111,Away,Away,1,,1,4.61667540689816,0.0797413793103448,0.476553752172741,173.5717,0.134785215196105,0.542817254057463,124.082,0.0310428200089839,5.0,0.549414564327472,3.0,1.0,-6.818,0.345372977380238,5.55808695652,2000,False,True,True
175,2002,Austria,Western Europe,Manuel Ortega,Say A Word,,,18,26,Away,Away,1,,1,0.924956782638974,0.0186781609195402,0.944920811501269,303.62077,0.00692505207753197,0.651997538935662,135.996,0.0324252351750229,2.0,0.342216086958714,4.0,1.0,-5.461,0.619543685086693,5.5541314554,2000,False,False,False
176,2002,Greece,Western Europe,Michalis Rakintzis,S.A.G.A.P.O.,,,17,27,Away,Away,1,,1,1.33504135048415,0.0193965517241379,,,,,,,,,,,,,,2000,False,False,False
177,2002,Spain,Western Europe,Rosa,Europe's Living A Celebration,,,7,81,Away,Away,1,,0,3.75220473376528,0.0581896551724138,0.916636440795557,189.37578,0.00818294916826049,0.682658001764764,135.055,0.250082276145993,9.0,0.128972403536368,4.0,1.0,-6.024,0.891825197700412,4.61380952381,2000,False,False,True
178,2002,Croatia,Former Yugoslavia,Vesna Pisarovi?,Everything I Want,,,11,44,Away,Away,1,,1,1.81857052458788,0.0316091954022989,,,,,,,,,,,,,,2000,False,False,False
179,2002,Russia,Former Socialist Bloc,Prime Minister,Northern Girl,,,10,55,Away,Home,1,,1,2.65128382897658,0.0395114942528736,,,,,,,,,,,,,,2000,False,False,True
180,2002,Estonia,Former Socialist Bloc,Sahlene,Runaway,,,3,111,Home,Home,1,,1,4.43294967719037,0.0797413793103448,0.878726227442264,172.54748,0.00609834982786993,0.692048932947179,128.006,0.0284313771679854,6.0,0.292179662219952,4.0,1.0,-4.794,0.890771617806774,5.47095744681,2000,False,True,True
181,2002,Macedonia,Former Yugoslavia,Karolina Go?eva,Od nas zavisi,,,19,25,Away,Away,1,,0,1.2912699195287,0.0179597701149425,,,,,,,,,,,,,,2000,False,False,False
182,2002,Israel,Independent,Sarit Hadad,Nadlik Beyakhad Ner (Light A Candle),,,12,37,Away,Away,1,,1,1.76398581631853,0.0265804597701149,,,,,,,,,,,,,,2000,False,False,False
183,2002,Switzerland,Western Europe,Francine Jordi,Dans le jardin de mon Ñme,,,22,15,Away,Away,1,,0,0.553054005006631,0.0107758620689655,0.58493669539441,184.11057,0.604327056428792,0.319727369311939,135.094,0.0309543613777034,0.0,0.313154905297625,4.0,1.0,-5.083,0.26776393390652,4.57471428571,2000,False,False,False
184,2002,Sweden,Scandinavia,Afro-dite,Never Let It Go,,,8,72,Away,Away,1,,1,2.96571386833802,0.0517241379310345,0.929732298279508,182.30667,0.113090674694542,0.70946286302325,137.957,0.0473887158473749,3.0,0.355024898836691,4.0,0.0,-5.835,0.823214028422073,5.42628959276,2000,False,False,True
185,2002,Finland,Scandinavia,Laura Voutilainen,Addicted To You,,,20,24,Away,Away,1,,1,0.82906193234623,0.0172413793103448,0.680442492473012,187.11465,0.04033086618147,0.793682655508436,126.078,0.0449475418001811,7.0,0.184082608330209,4.0,1.0,-8.788,0.743407981480334,,2000,False,False,False
186,2002,Denmark,Scandinavia,Malene,Tell Me Who You Are,,,24,7,Away,Away,1,,1,0.132146330533133,0.00502873563218391,,,,,,,,,,,,,,2000,False,False,False
187,2002,Bosnia and Herzegovina,Former Yugoslavia,Maja Tati?,Na jastuku za dvoje,,,13,33,Away,Away,1,,1,1.12398802096575,0.0237068965517241,,,,,,,,,,,,,,2000,False,False,False
188,2002,Belgium,Western Europe,Sergio & The Ladies,Sister,,,13,33,Away,Away,1,,1,1.49594992051526,0.0237068965517241,,,,,,,,,,,,,5.59777777778,2000,False,False,False
189,2002,France,Western Europe,Sandrine Fran_ois,Il faut du temps,,,5,104,Away,Away,1,,0,4.5956788761266,0.0747126436781609,0.520138818670171,237.11302,0.391367480227642,0.539543589469341,132.01,0.0349181329747278,2.0,0.0472763178840796,4.0,1.0,-7.981,0.12490331596846,,2000,False,False,True
190,2002,Germany,Western Europe,Corinna May,I Can't Live Without Music,,,21,17,Away,Away,1,,1,0.585966054885931,0.0122126436781609,0.856891801993558,194.21125,0.0110896824357614,0.64589750824888,124.45,0.0939129978711755,7.0,0.373761295339238,4.0,1.0,-6.666,0.890130239581583,5.53369047619,2000,False,False,False
191,2002,Turkey,Independent,Buket Bengisu & Group Safir,Leylaklar Soldu Kalbinde,,,16,29,Away,Away,1,,1,1.5925011534693,0.0208333333333333,0.756930041537786,184.32,0.0599435096088026,0.730929693524,105.057,0.177347918047264,7.0,0.288971904978209,4.0,0.0,-11.027,0.836149490101927,5.2324,2000,False,False,False
192,2002,Malta,Western Europe,Ira Losco,7th Wonder,,,2,164,Away,Away,1,,1,7.15961787891566,0.117816091954023,0.839688309549097,179.41333,0.0260140330460572,0.611207783511499,105.006,0.029140372579281,5.0,0.249596603012488,4.0,1.0,-6.764,0.394868889545522,5.60283464567,2000,False,True,True
193,2002,Romania,Former Socialist Bloc,Monica Anghel & Marcel Pavel,Tell Me Why,,,9,71,Away,Home,1,,1,3.17417407795054,0.0510057471264368,,,,,,,,,,,,,5.5885,2000,False,False,True
194,2002,Slovenia,Former Yugoslavia,Sestre,Samo ljubezen,,,13,33,Away,Away,1,,0,1.14867607305694,0.0237068965517241,0.880156352880665,182.06667,0.00803559124906552,0.574024456822717,140.04,0.0409182313602002,2.0,0.278640827378864,3.0,1.0,-6.809,0.587671398345527,5.15674418605,2000,False,False,False
195,2002,Latvia,Former Socialist Bloc,Marie N,I Wanna,,,1,176,Away,Home,1,,1,7.41418470883736,0.126436781609195,0.592708255091499,224.95456,0.514155100910134,0.776232362999971,136.124,0.0887823229953555,3.0,0.341520458715418,4.0,1.0,-10.142,0.736676029362816,5.73777777778,2000,True,True,True
196,2002,Lithuania,Former Socialist Bloc,Aivaras,Happy You,,,23,12,Away,Home,1,,1,0.47539624854188,0.00862068965517241,,,,,,,,,,,,,6.14528571429,2000,False,False,False
197,2001,Netherlands,Western Europe,Michelle,Out On My Own,,,18,16,Away,Away,1,,1,0.600327975412533,0.0119940029985007,,,,,,,,,,,,,5.54046153846,2000,False,False,False
198,2001,Iceland,Scandinavia,Two Tricky,Angel,,,22,3,Away,Home,1,,1,-0.0537564249641164,0.00224887556221889,0.912040158938425,183.73333,0.0700460820449291,0.643741354269947,124.01,0.0464897949876744,6.0,0.196203189776449,4.0,0.0,-5.115,0.774322150576429,,2000,False,False,False
199,2001,Bosnia and Herzegovina,Former Yugoslavia,Nino Pr?e?,Hano,,,14,29,Away,Away,1,,1,1.34967411144412,0.0217391304347826,0.649941053702684,186.38667,0.0915055685782815,0.667409443692502,87.001,0.0358693127014326,7.0,0.0600106481198212,4.0,1.0,-7.519,0.425062674071311,,2000,False,False,False
200,2001,Norway,Scandinavia,Haldor L«greid,On My Own,,,22,3,Away,Home,1,,1,-0.363663313276704,0.00224887556221889,0.520368097060133,183.69261,0.771002117145633,0.305563334598735,125.954,0.0339157516378472,9.0,0.155355963149478,4.0,1.0,-6.034,0.0902732979833911,,2000,False,False,False
201,2001,Israel,Independent,Tal Sondak,En Davar,,,16,25,Away,Away,1,,0,1.23070319766691,0.0187406296851574,,,,,,,,,,,,,,2000,False,False,False
202,2001,Russia,Former Socialist Bloc,Mumiy Troll,Lady Alpine Blue,,,12,37,Away,Away,1,,1,2.05692659974159,0.027736131934033,0.9841880372228,292.73351,0.0235233756546137,0.616528119070172,135.01,0.0394148770430421,9.0,0.122223887597692,1.0,0.0,-8.54,0.901290910691982,,2000,False,False,False
203,2001,Sweden,Scandinavia,Friends,Listen To Your Heartbeat,,,5,100,Away,Home,1,,1,4.24030942927789,0.0749625187406297,0.875702567624451,187.12925,0.0219149474835623,0.593368486409793,136.934,0.0375780361577542,1.0,0.258751344239569,4.0,0.0,-3.449,0.778233852892021,5.49946428571,2000,False,False,True
204,2001,Lithuania,Former Socialist Bloc,SKAMP,You Got Style,,,13,35,Away,Away,1,,1,1.22438624293432,0.0262368815592204,0.70168754139305,198.86975,0.180177950955593,0.764368607880258,120.062,0.0432875850289465,8.0,0.171897662508623,4.0,1.0,-7.212,0.772342624329902,5.72411042945,2000,False,False,False
205,2001,Latvia,Former Socialist Bloc,Arnis Mednis,Too Much,,,18,16,Away,Away,1,,1,0.239520530789116,0.0119940029985007,,,,,,,,,,,,,5.58014084507,2000,False,False,False
206,2001,Croatia,Former Yugoslavia,Vanna,Strings of My Heart,,,10,42,Away,Away,1,,1,2.15211481666442,0.0314842578710645,0.781992280266183,177.88,0.0547163403937991,0.54413639158138,120.006,0.132872159328944,5.0,0.130693495604032,4.0,1.0,-7.637,0.345153753128662,5.58277777778,2000,False,False,True
207,2001,Portugal,Western Europe,MTM,S¢ sei ser feliz assim,,,17,18,Away,Away,1,,0,0.826560367055024,0.0134932533733133,,,,,,,,,,,,,,2000,False,False,False
208,2001,Ireland,Independent,Gary O'Shaughnessy,Without Your Love,,,21,6,Away,Away,1,,1,-0.355622903604497,0.00449775112443778,,,,,,,,,,,,,,2000,False,False,False
209,2001,Spain,Western Europe,David Civera,Dile que la quiero,,,6,76,Away,Away,1,,0,3.68634319680338,0.0569715142428786,0.935183837552001,290.80925,0.131588302204284,0.746248913757052,115.048,0.120062737863467,4.0,0.153462314281846,4.0,0.0,-8.96,0.783677703903126,,2000,False,False,True
210,2001,France,Western Europe,Natasha St-Pier,Je n'ai que mon Ñme,,,4,142,Away,Away,1,,1,6.30980461191066,0.106446776611694,0.570963081874444,171.09333,0.207614143820655,0.347906985694783,95.291,0.0268826819465474,0.0,0.160449894520223,3.0,1.0,-4.001,0.208874271394851,,2000,False,False,True
211,2001,Turkey,Independent,Sedat Yce,Sevgiliye Son,,,11,41,Away,Away,1,,1,2.37962031244249,0.0307346326836582,0.39684288904472,186.1776,0.241818949019591,0.224359500301612,72.973,0.0347400123512632,0.0,0.367644351977032,4.0,1.0,-8.442,0.114412492368887,,2000,False,False,False
212,2001,United Kingdom,Independent,Lindsay Dracass,No Dream Impossible,,,15,28,Away,Away,1,,1,0.722965096598907,0.0209895052473763,,,,,,,,,,,,,5.89068181818,2000,False,False,False
213,2001,Slovenia,Former Yugoslavia,Nu?a Derenda,Energy,,,7,70,Away,Away,1,,1,3.26796519859547,0.0524737631184408,,,,,,,,,,,,,,2000,False,False,True
214,2001,Poland,Former Socialist Bloc,PIASEK,2 Long,,,20,11,Away,Away,1,,1,0.812613184839794,0.00824587706146927,,,,,,,,,,,,,,2000,False,False,False
215,2001,Germany,Western Europe,Michelle,Wer Liebe lebt,,,8,66,Away,Away,1,,1,2.69192336271007,0.0494752623688156,0.755449877555158,246.93506,0.510276125844346,0.41024920434253,75.504,0.0347843276913174,8.0,0.346555036930793,4.0,1.0,-5.036,0.239875758300324,4.66866666667,2000,False,False,True
216,2001,Estonia,Former Socialist Bloc,"Tanel Padar, Dave Benton, 2XL",Everybody,,,1,198,Away,Away,1,,1,8.74104423368361,0.148425787106447,,,,,,,,,,,,,,2000,True,True,True
217,2001,Malta,Western Europe,Fabrizio Faniello,Another Summer Night,,,9,48,Away,Away,1,,1,2.04802762671148,0.0359820089955022,0.983046770407607,318.22667,0.00105701941637813,0.772053219920841,125.994,0.0476921350560035,9.0,0.304394803089144,4.0,0.0,-8.259,0.865701546495398,5.54033898305,2000,False,False,True
218,2001,Greece,Western Europe,Antique,Die for You,,,3,147,Away,Away,1,,1,7.46684230665182,0.110194902548726,0.962036662958571,177.21279,0.0354740423001577,0.552833891293757,124.011,0.0419040863363303,11.0,0.171193503238067,4.0,0.0,-4.193,0.753331605263863,5.35395744681,2000,False,True,True
219,2001,Denmark,Scandinavia,Rollo & King,Never Ever Let You Go,,,2,177,Home,Home,1,,1,7.37864459894105,0.132683658170915,0.851522024398602,181.38231,0.0177924716983262,0.705854100906339,108.006,0.0459376870412257,10.0,0.0727963297937631,4.0,1.0,-7.349,0.797510439533976,5.37018181818,2000,False,True,True
220,2000,Israel,Independent,PingPong,Sameyakh,,,22,7,Away,Away,1,,0,0.199163547109177,0.00502873563218391,,,,,,,,,,,,,,2000,False,False,False
221,2000,Netherlands,Western Europe,Linda Wagenmakers,No Goodbyes,,,13,40,Away,Away,1,,1,1.69080585964654,0.028735632183908,,,,,,,,,,,,,,2000,False,False,False
222,2000,United Kingdom,Independent,Nicki French,Don't Play That Song Again,,,16,28,Away,Away,1,,1,0.828478822843014,0.0201149425287356,,,,,,,,,,,,,5.36243243243,2000,False,False,False
223,2000,Estonia,Former Socialist Bloc,Ines,Once in a Lifetime,,,4,98,Away,Away,1,,1,3.51994626459498,0.0704022988505747,0.785483528181417,289.97034,0.00112835846521288,0.764460324759031,124.975,0.0443989685803705,1.0,0.0970676128652066,4.0,1.0,-8.862,0.755950987894077,5.57917355372,2000,False,False,True
224,2000,France,Western Europe,Sofia Mestari,On aura le ciel,,,23,5,Away,Away,1,,0,0.445947822534677,0.00359195402298851,0.521009712780595,214.63619,0.117303312504054,0.680909874865975,93.983,0.0332360523519443,1.0,0.085883333307818,4.0,0.0,-9.963,0.813143275060914,4.9228,2000,False,False,False
225,2000,Romania,Former Socialist Bloc,Taxi,The Moon,,,17,25,Away,Away,1,,1,1.46354143691522,0.0179597701149425,0.446442431112779,158.17333,0.51311807806287,0.504163641598905,91.459,0.0240586473602943,9.0,0.138975122110325,4.0,1.0,-8.463,0.308790773403917,,2000,False,False,False
226,2000,Malta,Western Europe,Claudette Pace,Desire,,,8,73,Away,Away,1,,1,2.87972444341488,0.0524425287356322,0.607338862279481,178.82231,0.149342639046386,0.558597843676772,96.785,0.0476705614480103,0.0,0.110139162783883,4.0,1.0,-6.531,0.295734172861845,5.65555023923,2000,False,False,True
227,2000,Norway,Scandinavia,Charmed,My Heart Goes Boom,,,11,57,Away,Home,1,,1,2.02786631228339,0.040948275862069,0.873958767819581,183.15855,0.0399269496438578,0.642223545872186,105.011,0.0289260427190741,11.0,0.0768131297630261,4.0,1.0,-5.39,0.820629333470832,,2000,False,False,False
228,2000,Russia,Former Socialist Bloc,Alsou,Solo,,,2,155,Away,Away,1,,1,7.19000051764771,0.111350574712644,,,,,,,,,,,,,,2000,False,True,True
229,2000,Belgium,Western Europe,Nathalie Sorce,Envie de vivre,,,24,2,Away,Away,1,,0,-0.0999120348152347,0.0014367816091954,,,,,,,,,,,,,,2000,False,False,False
230,2000,Cyprus,Independent,Voice,Nomiza,,,21,8,Away,Away,1,,0,0.872308641746568,0.00574712643678161,,,,,,,,,,,,,5.07134920635,2000,False,False,False
231,2000,Iceland,Scandinavia,August & Telma,Tell Me!,,,12,45,Away,Home,1,,1,1.41349212254196,0.0323275862068966,0.876685004592641,177.33333,0.00736029523088583,0.488347277557822,145.398,0.0534094035680291,9.0,0.103579737586282,4.0,1.0,-7.442,0.421031372206561,,2000,False,False,False
232,2000,Spain,Western Europe,Serafn Zubiri,Colgado de un sue_o,,,18,18,Away,Away,1,,0,0.946233728552312,0.0129310344827586,0.590296399964937,188.18567,0.477619840758073,0.56652527469788,114.672,0.027684490983149,4.0,0.184961580259977,4.0,0.0,-7.749,0.389806927365398,,2000,False,False,False
233,2000,Denmark,Scandinavia,Olsen Brothers,Fly on the Wings of Love,,,1,195,Away,Home,1,,1,7.72189865591286,0.140086206896552,0.808926965776583,184.34567,0.0284788158480851,0.743306000429064,104.022,0.0471639647327471,2.0,0.0573958302615393,4.0,1.0,-5.895,0.302477564919414,5.87720430108,2000,True,True,True
234,2000,Germany,Western Europe,Stefan Raab,Wadde hadde dudde da?,,,5,96,Away,Away,1,,0,4.21234417601535,0.0689655172413793,0.889672300414411,181.09497,0.0742285470981917,0.725839488241028,117.805,0.0479703073156906,0.0,0.275810147305071,4.0,1.0,-6.169,0.815656746534175,5.17405405405,2000,False,False,True
235,2000,Switzerland,Western Europe,Jane Bogaert,La vita cos'_?,,,20,14,Away,Away,1,,0,0.543644637686208,0.0100574712643678,,,,,,,,,,,,,,2000,False,False,False
236,2000,Croatia,Former Yugoslavia,Goran Karan,Kad zaspu an?eli,,,9,70,Away,Away,1,,0,3.63142006602959,0.0502873563218391,0.631910254335516,183.69333,0.198550847386113,0.59035834371139,76.048,0.0324417120650243,2.0,0.223727957080207,4.0,1.0,-7.551,0.418072041435152,4.77888888889,2000,False,False,True
237,2000,Sweden,Scandinavia,Roger Pontare,When Spirits Are Calling My Name,,,7,88,Home,Home,1,,1,3.32454763171903,0.0632183908045977,0.84226996827749,182.81333,0.0763103060151998,0.357900768878356,122.562,0.0660780080892542,7.0,0.245735658668018,4.0,0.0,-3.755,0.674176019353188,5.57846153846,2000,False,False,True
238,2000,Macedonia,Former Yugoslavia,XXL,100% te ljubam,,,15,29,Away,Away,1,,1,1.97445654615319,0.0208333333333333,,,,,,,,,,,,,5.0619047619,2000,False,False,False
239,2000,Finland,Independent,Nina str”m,A Little Bit,,,18,18,Away,Away,1,,1,0.226516625736021,0.0129310344827586,0.579731067449292,340.98617,0.0315196345491792,0.442849360699515,76.309,0.106749540494602,10.0,0.143837816075554,4.0,0.0,-7.222,0.466809590477086,,2000,False,False,False
240,2000,Latvia,Former Socialist Bloc,Brainstorm,My Star,,,3,136,Away,Away,1,,1,5.63881672585568,0.0977011494252874,0.850600415758932,185.87537,0.110878300228444,0.552156887911551,135.189,0.0340197341518599,5.0,0.145467414493746,4.0,1.0,-6.735,0.361306709206804,5.64615819209,2000,False,True,True
241,2000,Turkey,Independent,Pnar Ayhan & The SOS,Yorgunum Anla,,,10,59,Away,Away,1,,1,3.1084070632545,0.0423850574712644,0.700393991968003,232.37333,0.0297610465394385,0.622238307898068,79.023,0.0365728349670754,7.0,0.203594792357876,4.0,0.0,-6.974,0.204494791225482,,2000,False,False,True
242,2000,Ireland,Independent,Eamonn Toal,Millennium of Love,,,6,92,Away,Away,1,,1,3.66586364625297,0.0660919540229885,,,,,,,,,,,,,,2000,False,False,True
243,2000,Austria,Western Europe,The Rounder Girls,All To You,,,14,34,Away,Away,1,,1,1.68152741202177,0.0244252873563218,,,,,,,,,,,,,,2000,False,False,False
244,1999,Lithuania,Former Socialist Bloc,Aist?,Strazdas,,,20,13,Away,Away,1,,0,0.736468040353208,0.00974512743628186,,,,,,,,,,,,,,1990,False,False,False
245,1999,Belgium,Western Europe,Vanessa Chinitor,Like The Wind,,,13,38,Away,Away,1,,1,1.35119887729521,0.0284857571214393,,,,,,,,,,,,,5.53421686747,1990,False,False,False
246,1999,Spain,Western Europe,Lydia,No quiero escuchar,,,23,1,Away,Away,1,,0,0.186768691421619,0.000749625187406297,0.491714400800736,241.89333,0.305148280000195,0.652784458086226,87.998,0.0248225395029568,3.0,0.0835350066458523,4.0,0.0,-9.411,0.414486496949659,5.90857142857,1990,False,False,False
247,1999,Croatia,Former Yugoslavia,Doris Dragovi?,Marija Magdalena,,,4,118,Away,Away,1,,0,5.62621709966231,0.088455772113943,0.895149690984757,183.13333,0.0995070553917708,0.581318044965726,119.991,0.0418238748736453,9.0,0.196442471690129,4.0,1.0,-7.726,0.660723132207836,,1990,False,False,True
248,1999,United Kingdom,Independent,Precious,Say It Again,,,12,38,Away,Away,1,,1,1.12581554947456,0.0284857571214393,0.722443677752327,177.38558,0.0230034162860811,0.700398029419559,89.349,0.0611964100881828,10.0,0.267904052726792,4.0,0.0,-5.611,0.624316105764606,5.47981132075,1990,False,False,False
249,1999,Slovenia,Former Yugoslavia,Darja ?vajger,For A Thousand Years,,,11,50,Away,Away,1,,1,2.27818869867163,0.0374812593703148,,,,,,,,,,,,,,1990,False,False,False
250,1999,Turkey,Independent,Tu?ba _nal,D”n Artk,,,16,21,Away,Away,1,,0,1.39990976571169,0.0157421289355322,,,,,,,,,,,,,,1990,False,False,False
251,1999,Norway,Scandinavia,Stig Van Eijk,Living My Life Without You,,,14,35,Away,Away,1,,1,1.06101766290328,0.0262368815592204,0.773053894592789,180.46803,0.4457242081831,0.821119008409358,116.011,0.0388304809196725,11.0,0.0704508918394118,4.0,0.0,-5.569,0.933134716754647,,1990,False,False,False
252,1999,Denmark,Scandinavia,Trine Jepsen & Michael Teschl,This Time I Mean It,,,8,71,Away,Away,1,,1,2.39800364472774,0.0532233883058471,,,,,,,,,,,,,,1990,False,False,True
253,1999,France,Western Europe,Nayah,Je veux donner ma voix,,,19,14,Away,Away,1,,0,0.273781992517827,0.0104947526236882,0.554769706650179,185.03946,0.0202704000542919,0.593624563340037,85.0,0.0343562526544415,0.0,0.100364221764965,4.0,1.0,-7.256,0.119181990787985,,1990,False,False,False
254,1999,Netherlands,Western Europe,Marlayne,One Good Reason,,,8,71,Away,Away,1,,1,2.75062793117819,0.0532233883058471,0.820114512605392,180.80317,0.0917133462966359,0.567323232146885,95.056,0.0306728292603797,10.0,0.129978948025618,4.0,0.0,-9.304,0.406128973977092,5.78794258373,1990,False,False,True
255,1999,Poland,Former Socialist Bloc,Mietek Szcze?niak,Przytul mnie mocno,,,18,17,Away,Away,1,,0,1.03996567534684,0.012743628185907,,,,,,,,,,,,,,1990,False,False,False
256,1999,Iceland,Scandinavia,Selma,All Out of Luck,,,2,146,Away,Away,1,,1,6.21832390625239,0.109445277361319,0.875377175756733,207.0751,0.00992635677428162,0.55891131916701,131.847,0.038850662509416,9.0,0.328260908827543,4.0,1.0,-8.749,0.503189725316073,5.51734693878,1990,False,True,True
257,1999,Cyprus,Independent,Marlain,Tha 'ne erotas,,,22,2,Away,Away,1,,0,0.858225177142279,0.00149925037481259,,,,,,,,,,,,,,1990,False,False,False
258,1999,Sweden,Scandinavia,Charlotte Nilsson,Take Me to Your Heaven,,,1,163,Away,Away,1,,1,7.01030282555147,0.122188905547226,,,,,,,,,,,,,5.67192771084,1990,True,True,True
259,1999,Portugal,Western Europe,Rui Bandeira,Como tudo come_ou,,,21,12,Away,Away,1,,0,0.503995564368515,0.00899550224887556,,,,,,,,,,,,,,1990,False,False,False
260,1999,Ireland,Independent,The Mullans,When You Need Me,,,17,18,Away,Away,1,,1,0.229933816616681,0.0134932533733133,,,,,,,,,,,,,,1990,False,False,False
261,1999,Austria,Western Europe,Bobbie Singer,Reflection,,,10,65,Away,Away,1,,1,2.69569348926893,0.0487256371814093,,,,,,,,,,,,,5.50459016393,1990,False,False,True
262,1999,Israel,Independent,Eden,Yom Huledet (Happy Birthday),,,5,93,Home,Home,1,,1,4.58698246801102,0.0697151424287856,,,,,,,,,,,,,,1990,False,False,True
263,1999,Malta,Western Europe,Times Three,Believe 'n Peace,,,15,32,Away,Away,1,,1,1.39434899236027,0.0239880059970015,0.798075323870186,184.04,0.00639774184926716,0.688589985584613,129.037,0.0323402656899177,11.0,0.227336584292993,4.0,0.0,-6.187,0.391883451935173,,1990,False,False,False
264,1999,Germany,Western Europe,Srpriz,Reise nach Jerusalem -,,,3,140,Away,Away,1,,1,6.10254026260519,0.104947526236882,,,,,,,,,,,,,,1990,False,True,True
265,1999,Bosnia and Herzegovina,Former Yugoslavia,Dino & B_atrice,Putnici,,,7,86,Away,Away,1,,0,3.86424961531683,0.0644677661169415,0.838221309752559,182.78703,0.119071225509786,0.657272777329783,86.031,0.0769565242960754,11.0,0.123973110682724,4.0,0.0,-10.98,0.507723459122103,5.64577777778,1990,False,False,True
266,1999,Estonia,Former Socialist Bloc,Evelin Samuel & Camille,Diamond of Night,,,6,90,Away,Away,1,,1,4.20164988040195,0.0674662668665667,,,,,,,,,,,,,,1990,False,False,True
267,1998,Croatia,Former Yugoslavia,Danijela,Neka mi ne svane,,,5,131,Away,Away,1,,0,5.62930031135174,0.0903448275862069,0.413501746506071,177.64,0.912314376866027,0.516909367702814,121.708,0.0315255336607327,1.0,0.0931298318128329,4.0,1.0,-8.708,0.256257720450709,5.54739130435,1990,False,False,True
268,1998,Greece,Western Europe,Thalassa,Mia Krifi Evesthisia,,,20,12,Away,Away,1,,0,0.720469714099725,0.00827586206896552,,,,,,,,,,,,,,1990,False,False,False
269,1998,France,Western Europe,Marie Line,O† aller,,,24,3,Away,Away,1,,0,-0.187993361232628,0.00206896551724138,,,,,,,,,,,,,,1990,False,False,False
270,1998,Spain,Western Europe,Mikel Herzog,ëQu_ voy a hacer sin ti?,,,16,21,Away,Away,1,,0,0.806021001440509,0.0144827586206897,,,,,,,,,,,,,,1990,False,False,False
271,1998,Switzerland,Western Europe,Gunvor,Lass' ihn,,,25,0,Away,Away,1,,0,-0.169116908851844,0.0,,,,,,,,,,,,,,1990,False,False,False
272,1998,Slovakia,Former Socialist Bloc,Katarna Hasprov_,Modlitba,,,21,8,Away,Away,1,,0,0.253529208729469,0.00551724137931034,,,,,,,,,,,,,,1990,False,False,False
273,1998,Poland,Former Socialist Bloc,Sixteen,To takie proste,,,17,19,Away,Away,1,,0,1.0919042944745,0.0131034482758621,0.747421535098619,174.17333,0.0623132004274408,0.688034724588725,100.094,0.0239943585824584,5.0,0.266851107601379,4.0,0.0,-6.065,0.656010699993746,5.096,1990,False,False,False
274,1998,Israel,Independent,Dana International,Diva,,,1,172,Away,Away,1,,0,7.43620233969027,0.118620689655172,0.91737361564706,182.51855,0.125870939332034,0.541516519504991,134.032,0.0328510684443594,4.0,0.307422690264742,4.0,0.0,-8.033,0.579385790075734,5.67054054054,1990,True,True,True
275,1998,Germany,Western Europe,Guildo Horn,Guildo hat euch lieb!,,,7,86,Away,Away,1,,0,3.38805140215521,0.0593103448275862,0.941077732458205,227.46231,0.0107313354415773,0.674682797526002,129.039,0.0385851963539113,2.0,0.0854758338663751,4.0,1.0,-7.473,0.922859335832228,4.7906122449,1990,False,False,True
276,1998,Malta,Western Europe,Chiara,The One That I Love,,,3,165,Away,Away,1,,1,6.74359454392894,0.113793103448276,0.385984703778775,185.0917,0.452746270201739,0.533959676881706,101.903,0.0298405744645704,4.0,0.0692819849350832,4.0,1.0,-7.441,0.0611168297259533,5.58220183486,1990,False,True,True
277,1998,Hungary,Former Socialist Bloc,Charlie,A holnap m_r nem lesz szomor£,,,23,4,Away,Away,1,,0,0.151244825629041,0.00275862068965517,0.476142507947679,185.04,0.0181770294194338,0.399192972440657,100.567,0.0284838494993303,5.0,0.126270908555786,3.0,1.0,-7.494,0.448749341395108,5.4679245283,1990,False,False,False
278,1998,Slovenia,Former Yugoslavia,Vili Resnik,Naj bogovi sli?ijo,,,18,17,Away,Away,1,,0,1.00236149901602,0.0117241379310345,,,,,,,,,,,,,,1990,False,False,False
279,1998,Ireland,Independent,Dawn Martin,Is Always Over Now?,,,9,64,Away,Away,1,,1,2.53520490971331,0.0441379310344828,,,,,,,,,,,,,,1990,False,False,True
280,1998,Portugal,Western Europe,Alma Lusa,Se eu te pudesse abra_ar,,,12,36,Away,Away,1,,0,1.3719533335056,0.0248275862068966,,,,,,,,,,,,,,1990,False,False,False
281,1998,Romania,Former Socialist Bloc,M?lina Olinescu,Eu cred,,,22,6,Away,Away,1,,0,-0.0393310706781137,0.00413793103448276,,,,,,,,,,,,,,1990,False,False,False
282,1998,United Kingdom,Independent,Imaani,Where Are You?,,,2,166,Home,Home,1,,1,6.61583450198237,0.11448275862069,0.84220895228707,194.93986,0.00366386842254615,0.634753617793807,125.975,0.056141613075197,7.0,0.176519656783925,4.0,0.0,-6.89,0.577802553496717,5.43388571429,1990,False,True,True
283,1998,Cyprus,Independent,Michalis Hadjiyiannis,Genesis,,,11,37,Away,Away,1,,0,1.7936709205734,0.0255172413793103,,,,,,,,,,,,,,1990,False,False,False
284,1998,Netherlands,Western Europe,Edsilia,Hemel en aarde,,,4,150,Away,Away,1,,0,6.14119405835076,0.103448275862069,0.939594819718126,180.44,0.181972073369396,0.597706801690365,95.011,0.0512419729735487,6.0,0.360675971453253,4.0,0.0,-4.638,0.475322281459073,5.43538461538,1990,False,False,True
285,1998,Sweden,Scandinavia,Jill Johnson,KÊrleken Êr,,,10,53,Away,Away,1,,0,2.13417530618744,0.036551724137931,,,,,,,,,,,,,5.46214814815,1990,False,False,True
286,1998,Belgium,Western Europe,M_lanie Cohl,Dis oui,,,6,122,Away,Away,1,,0,4.58220893727731,0.0841379310344828,,,,,,,,,,,,,,1990,False,False,True
287,1998,Finland,Independent,Edea,Aava,,,15,22,Away,Away,1,,0,0.62494754077486,0.0151724137931034,0.536599089323516,181.53905,0.0483161606032901,0.51017934756815,105.093,0.0259284705350228,0.0,0.0878968441262487,4.0,1.0,-9.18,0.222819469153882,,1990,False,False,False
288,1998,Norway,Scandinavia,Lars Fredriksen,Alltid sommer,,,8,79,Away,Away,1,,0,3.48857169974314,0.0544827586206897,,,,,,,,,,,,,,1990,False,False,True
289,1998,Estonia,Former Socialist Bloc,Koit Toome,Mere lapsed,,,12,36,Away,Away,1,,0,1.60757827964411,0.0248275862068966,,,,,,,,,,,,,,1990,False,False,False
290,1998,Turkey,Independent,Tzmen,Unutamazsn,,,14,25,Away,Away,1,,0,1.5274573278183,0.0172413793103448,,,,,,,,,,,,,5.36444444444,1990,False,False,False
291,1998,Macedonia,Former Yugoslavia,Vlado Janevski,"Ne zori, zoro",,,19,16,Away,Away,1,,0,1.08925218188406,0.0110344827586207,,,,,,,,,,,,,,1990,False,False,False
292,2011,Austria,Western Europe,Nadine Beiler,The Secret Is Love,,,18,64,Away,Home,1,,1,1.34938295739187,0.0256615878107458,0.426524424742884,186.21293,0.131120777354093,0.544610664275675,122.659,0.0332350315764476,2.0,0.1025924718072,4.0,1.0,-8.659,0.0469563337490966,5.65038461538,2010,False,False,False
293,2011,Azerbaijan,Former Socialist Bloc,Ell & Nikki,Running Scared,,,1,221,Away,Away,1,,1,5.19706927752796,0.0886126704089816,0.745659542051355,180.63628,0.00761606489524646,0.461092177966933,85.954,0.0281112239245312,0.0,0.360655745304641,4.0,1.0,-4.342,0.246462797132993,4.99243243243,2010,True,True,True
294,2011,Bosnia and Herzegovina,Former Yugoslavia,Dino Merlin,Love In Rewind,,,6,125,Away,Away,1,,1,2.89731191479634,0.0501202886928629,0.730684593818967,175.93424,0.300410859290965,0.408066952675379,168.48,0.0579974554494351,6.0,0.0563801831384357,4.0,0.0,-6.793,0.497393815584489,5.60520547945,2010,False,False,True
295,2011,Denmark,Scandinavia,A Friend In London,New Tomorrow,,,5,134,Away,Away,1,,1,3.29787510037186,0.053728949478749,0.763007837166501,180.44458,0.2523856528521,0.487463690967139,147.288,0.0314096168624743,7.0,0.0862920271460128,4.0,1.0,-5.804,0.484062575432585,5.44760869565,2010,False,False,True
296,2011,Estonia,Former Socialist Bloc,Getter Jaani,Rockefeller Street,,,24,44,Away,Away,1,,1,0.9148616861303,0.0176423416198877,0.887229528620897,192.9927,0.22798561113851,0.801491342835274,130.163,0.0610735651803435,3.0,0.0900760839471907,4.0,0.0,-3.86,0.809916044518106,5.5620979021,2010,False,False,False
297,2011,Finland,Scandinavia,Paradise Oskar,Da Da Dam,,,21,57,Away,Away,1,,1,1.36862809384478,0.0228548516439455,0.489864199008169,186.04363,0.212550087451536,0.522970023697719,72.995,0.0290982999808185,2.0,0.0984847771143038,4.0,1.0,-9.076,0.251625624632487,5.41027027027,2010,False,False,False
298,2011,France,Western Europe,Amaury Vorobjov,Get You,,,15,82,Away,Home,1,,1,1.85117187130616,0.032878909382518,0.667963070386159,180.34893,0.0100816863868768,0.70611926643028,123.002,0.0495790284964712,2.0,0.63068347279148,4.0,1.0,-10.214,0.526087514951371,,2010,False,False,False
299,2011,Georgia,Former Socialist Bloc,Eldrine,One More Day,,,9,110,Away,Away,1,,1,2.34962372687628,0.0441058540497193,0.833997770155496,180.16608,0.0702863500777689,0.623485400747459,116.062,0.0601926146684326,8.0,0.0759700029224484,4.0,1.0,-8.23,0.636663247526042,5.23396396396,2010,False,False,True
300,2011,Germany,Western Europe,Lena,Taken By A Stranger,,,10,107,Home,Home,1,,1,2.58837109447844,0.0429029671210906,0.437417766340097,217.17007,0.163112166719308,0.681058803259531,160.157,0.0285115384600175,10.0,0.987509888013218,3.0,1.0,-11.331,0.622015799888621,5.37086614173,2010,False,False,True
301,2011,Greece,Western Europe,Loucas Yiorkas feat. Stereo Mike,Watch My Dance,,,7,120,Away,Home,1,,1,2.40219766049967,0.0481154771451484,0.880264028364849,183.02803,0.0198255158209147,0.552094843557741,134.074,0.0490899967879054,10.0,0.0595346685297908,4.0,0.0,-4.861,0.53481693926081,,2010,False,False,True
302,2011,Hungary,Former Socialist Bloc,Kati Wolf,What About My Dreams?,,,22,53,Away,Away,1,,1,1.1219582989686,0.0212510024057739,0.932715966052736,249.97986,0.127262280139864,0.510918756170786,126.004,0.0919024988484877,4.0,0.0838459944174131,4.0,0.0,-4.193,0.445683925329538,5.25643564356,2010,False,False,False
303,2011,Iceland,Scandinavia,Sjonni's Friends,Coming Home,,,20,61,Away,Away,1,,1,1.32816066559871,0.0244587008821171,0.736805402758948,182.16127,0.0310181781986207,0.636703431040687,91.951,0.0334788228565276,11.0,0.158000981768972,4.0,0.0,-6.284,0.793900179955489,,2010,False,False,False
304,2011,Ireland,Independent,Jedward,Lipstick,,,8,119,Away,Away,1,,1,2.85778721970054,0.0477145148356055,0.859096396343118,174.93868,0.0166510429770663,0.618349881208333,138.049,0.0666229287905655,8.0,0.280766501991708,4.0,1.0,-5.483,0.714611869044601,5.44886597938,2010,False,False,True
305,2011,Italy,Western Europe,Raphael Gualazzi,Madness Of Love,,,2,189,Away,Home,1,,1,4.272874260803,0.0757818765036087,0.258091521911374,211.99955,0.907924757869152,0.385264984921494,88.347,0.0400539035487906,0.0,0.147685130606915,4.0,1.0,-15.805,0.239629721078066,5.34174603175,2010,False,True,True
306,2011,Lithuania,Former Socialist Bloc,Evelina Sa_enko,C'est Ma Vie,,,19,63,Away,Away,1,,1,1.26152318535308,0.0252606255012029,0.279968658186769,185.86077,0.178900949827968,0.317328350854657,81.882,0.031227338870393,9.0,0.199249831473954,4.0,1.0,-9.742,0.0561782058857952,,2010,False,False,False
307,2011,Moldova,Former Socialist Bloc,Zdob _i Zdub,So Lucky,,,12,97,Away,Away,1,,1,2.08970918110954,0.0388933440256616,0.895313258487157,229.74667,0.00211699984185942,0.737449923142412,148.008,0.0568265978534409,4.0,0.102544576397005,4.0,0.0,-4.338,0.716365987473397,,2010,False,False,False
308,2011,Romania,Former Socialist Bloc,Hotel FM,Change,,,17,77,Away,Away,1,,1,1.75946822899685,0.0308740978348035,0.786955933321933,184.34567,0.1849488356541,0.679273786102945,139.971,0.0372224418195124,2.0,0.0687489346257746,4.0,1.0,-4.549,0.524795721576406,5.45017857143,2010,False,False,False
309,2011,Russia,Former Socialist Bloc,Alexej Vorobjov,Get You,,,16,77,Away,Away,1,,1,1.51166958551142,0.0308740978348035,0.667963070386159,180.34893,0.0100816863868768,0.70611926643028,123.002,0.0495790284964712,2.0,0.63068347279148,4.0,1.0,-10.214,0.526087514951371,,2010,False,False,False
310,2011,Serbia,Former Yugoslavia,Nina,_aroban,,,14,85,Away,Away,1,,0,1.81335018972205,0.0340817963111468,,,,,,,,,,,,,5.38615384615,2010,False,False,False
311,2011,Slovenia,Former Yugoslavia,Maja Keuc,No One,,,13,96,Away,Away,1,,1,2.32910709806988,0.0384923817161187,0.809255571512758,181.98667,0.0274450827917788,0.416043534166364,88.213,0.0344306510960478,1.0,0.121730319970455,4.0,1.0,-3.279,0.309832384586753,5.58,2010,False,False,False
312,2011,Spain,Western Europe,Luca P_rez,Que Me Quiten Lo Bailao,,,23,50,Away,Home,1,,0,1.11716818571266,0.0200481154771451,,,,,,,,,,,,,,2010,False,False,False
313,2011,Sweden,Scandinavia,Eric Saade,Popular,,,3,185,Away,Away,1,,1,4.40961453323784,0.0741780272654371,0.972226674542489,180.00045,0.0120416476845548,0.536862635357874,125.044,0.100881416435072,9.0,0.103155018420018,4.0,1.0,-4.05,0.370157124439689,5.67437956204,2010,False,True,True
314,2011,Switzerland,Western Europe,Anna Rossinelli,In Love For A While,,,25,19,Away,Home,1,,1,0.438531444728789,0.00761828388131516,0.385519832845091,168.94921,0.135950249517255,0.760114935024198,127.858,0.0374153820108081,9.0,0.0984713311357086,4.0,1.0,-6.974,0.74044006552176,5.51232,2010,False,False,False
315,2011,Ukraine,Former Socialist Bloc,Mika Newton,Angel,,,4,159,Away,Away,1,,1,3.37757381412498,0.0637530072173216,,,,,,,,,,,,,,2010,False,False,True
316,2011,United Kingdom,Western Europe,Blue,I Can,,,11,100,Away,Home,1,,1,2.51506958614603,0.0400962309542903,0.703130046587302,189.13333,0.220265041062178,0.610096041872814,90.003,0.0378307648849481,10.0,0.163478537589508,4.0,1.0,-7.738,0.599463307946777,5.2168503937,2010,False,False,False
317,2012,Azerbaijan,Former Socialist Bloc,Sabina Babayeva,When the Music Dies,,,5,146,Home,Home,1,,1,3.51567256503667,0.061576354679803,0.36183583023143,201.85501,0.458700678580266,0.410170997544627,87.519,0.0374938221064001,11.0,0.0899588217419483,3.0,0.0,-8.548,0.277185648828365,5.59216494845,2010,False,False,True
318,2012,Albania,Former Socialist Bloc,Rona Nishliu,Suus,,,4,150,Away,Home,1,,0,2.95304592449053,0.0599343185550082,0.280160592042823,184.43864,0.414719932643665,0.454157804896633,76.063,0.0330831785625401,10.0,0.141944533974092,3.0,0.0,-10.337,0.057194839094658,4.94105263158,2010,False,False,True
319,2012,Bosnia and Herzegovina,Former Yugoslavia,Maya Sar,Korake ti znam,,,18,55,Away,Home,1,,0,1.01926723704098,0.0225779967159278,0.340392609511709,181.77791,0.735758577303022,0.378632505278765,123.496,0.0323733311225181,9.0,0.243238574206179,4.0,1.0,-7.992,0.245919991382314,5.03161290323,2010,False,False,False
320,2012,Cyprus,Independent,Ivi Adamou,La La Love,,,16,65,Away,Home,1,,1,1.53472990560498,0.0266830870279146,0.745343860710335,182.47946,0.05746459087654,0.759732204403443,131.014,0.0400054428908689,9.0,0.123125590470982,4.0,1.0,-5.001,0.64507827256988,5.37829457364,2010,False,False,False
321,2012,Denmark,Scandinavia,Soluna Samay,Should've Known Better,,,23,21,Away,Away,1,,1,0.56791997803046,0.00862068965517241,0.619905113145584,180.23293,0.0617975690932798,0.594269825214348,95.009,0.0329233492809828,8.0,0.104092419879651,4.0,1.0,-6.139,0.456759171938157,5.57282608696,2010,False,False,False
322,2012,Estonia,Former Socialist Bloc,Ott Lepland,Kuula,,,6,120,Away,Away,1,,0,2.71263556238091,0.0492610837438424,0.408968316895781,261.02966,0.34407409752983,0.303590118268098,128.579,0.0336076662379271,5.0,0.096149116540744,4.0,1.0,-8.071,0.0863318830388434,5.45870967742,2010,False,False,True
323,2012,France,Western Europe,Anggun,Echo (You and I),,,22,21,Away,Away,1,,1,0.624545805081346,0.00862068965517241,0.770681820593703,183.55048,0.017490754213134,0.586462665344015,137.004,0.0308941831505556,10.0,0.119378225403716,4.0,1.0,-5.409,0.528575582118506,5.30607594937,2010,False,False,False
324,2012,Germany,Former Socialist Bloc,Roman Lob,Standing Still,,,8,110,Away,Home,1,,1,2.90552633082801,0.0451559934318555,0.718939166750147,205.85333,0.0189975993616442,0.540343255519315,107.967,0.032640088249888,10.0,0.0797961266980449,4.0,1.0,-5.999,0.312003178422428,5.46202898551,2010,False,False,True
325,2012,Greece,Western Europe,Eleftheria Eleftheriou,Aphrodisiac,,,17,64,Away,Home,1,,1,1.25461820574448,0.0262725779967159,0.90293375196018,179.60599,0.0070112051271458,0.636466229822884,109.991,0.0360232629896942,4.0,0.326391955606821,4.0,0.0,-3.323,0.742565988414697,5.4739869281,2010,False,False,False
326,2012,Hungary,Western Europe,Compact Disco,Sound Of Our Hearts,,,24,19,Away,Away,1,,1,0.307932529109924,0.00779967159277504,0.822859222542108,180.01333,0.00930913011465518,0.445287018215174,80.024,0.0355630333336002,2.0,0.131495018454989,4.0,1.0,-4.677,0.425003021815087,5.37985507246,2010,False,False,False
327,2012,Iceland,Scandinavia,Greta Sal‹me & J‹nsi,Never Forget,,,20,46,Away,Away,1,,1,1.0061006092675,0.0188834154351396,0.72379803265742,180.66576,0.0266058168218934,0.55979692048543,101.299,0.0284231838989769,5.0,0.0481894244151075,3.0,0.0,-4.132,0.720966885845327,,2010,False,False,False
328,2012,Ireland,Scandinavia,Jedward,Waterline,,,19,46,Away,Home,1,,1,1.16718859592217,0.0188834154351396,0.450955409260997,185.34354,0.0921558737030397,0.629734434504693,144.044,0.0394651223919967,10.0,0.0398309254007369,3.0,1.0,-16.252,0.39201521154446,5.2877027027,2010,False,False,False
329,2012,Italy,Western Europe,Nina Zilli,L'amore  femmina (Out of Love),,,9,101,Away,Away,1,,1,2.25602806215161,0.0414614121510673,0.463781606162001,30.14399,0.0125754065764221,0.688501105416639,105.152,0.0407486793721838,8.0,0.303028437916168,3.0,0.0,-14.38,0.720613625349471,5.24805263158,2010,False,False,True
330,2012,Lithuania,Former Socialist Bloc,Donny Montell,Love Is Blind,,,14,70,Away,Away,1,,1,1.487658636623,0.028735632183908,0.553402278401139,183.99166,0.386604174436922,0.45108522526619,124.09,0.0501503445579107,3.0,0.115215005282941,4.0,0.0,-7.872,0.453867426653113,5.47173553719,2010,False,False,False
331,2012,Macedonia,Former Socialist Bloc,Kaliopi,Crno I Belo,,,13,71,Away,Home,1,,0,1.57724825853228,0.0291461412151067,0.561371722207179,180.36354,0.454026917823795,0.654112941133483,130.009,0.0386464484272558,2.0,0.103005610440774,4.0,0.0,-10.38,0.0560074680161111,5.397,2010,False,False,False
332,2012,Malta,Western Europe,Kurt Calleja,This Is The Night,,,21,41,Away,Home,1,,1,0.548154615849469,0.0168308702791461,0.925031396634652,181.43188,0.0805211719234614,0.543810834219564,121.993,0.0438954220475792,0.0,0.17783130568392,4.0,1.0,-2.805,0.723856095923449,5.21663157895,2010,False,False,False
333,2012,Moldova,Former Socialist Bloc,Pasha Parfeny,L_utar,,,11,81,Away,Away,1,,1,1.76399020554984,0.0332512315270936,0.852041584561041,183.5766,0.0373843413615448,0.709004254950038,107.008,0.0362705750118113,7.0,0.478437307865476,4.0,0.0,-5.579,0.767818294065483,,2010,False,False,False
334,2012,Norway,Scandinavia,Tooji,Stay,,,26,7,Away,Away,1,,1,0.178207300234173,0.0028735632183908,0.846970058529071,177.1678,0.0128952480613286,0.567797629741003,127.013,0.114415216386562,5.0,0.323531014960349,4.0,1.0,-5.49,0.55030284404088,5.48666666667,2010,False,False,False
335,2012,Romania,Former Socialist Bloc,Mandinga,Zaleilah,,,12,71,Away,Away,1,,1,1.73797780881211,0.0291461412151067,0.82145398868041,219.07701,0.0212119158853977,0.679069551105116,126.983,0.0475057581965326,2.0,0.31660130665142,4.0,0.0,-5.42,0.822045218903846,5.48585365854,2010,False,False,False
336,2012,Russia,Former Socialist Bloc,Buranovskiye Babushki,Party For Everybody,,,2,259,Away,Home,1,,1,6.19465652269518,0.10632183908046,0.805853739445095,171.92599,0.131378164718618,0.480666872877675,125.977,0.0397884762505549,7.0,0.333005798092051,4.0,1.0,-6.661,0.827995323752096,5.21443037975,2010,False,True,True
337,2012,Serbia,Former Yugoslavia,_eljko Joksimovi_,Nije Ljubav Stvar,,,3,214,Away,Home,1,,0,4.77980123266424,0.0878489326765189,,,,,,,,,,,,,,2010,False,True,True
338,2012,Spain,Western Europe,Pastora Soler,Qu_date conmigo,,,10,97,Away,Home,1,,0,2.43879732085086,0.0398193760262726,0.273221551113035,184.0468,,0.400216056188224,84.188,0.0284713743077282,8.0,0.139804258961963,4.0,1.0,-5.856,,4.8601980198,2010,False,False,True
339,2012,Sweden,Scandinavia,Loreen,Euphoria,,,1,372,Away,Home,1,,1,9.11616619668319,0.152709359605911,0.64994171797638,214.16599,0.714239544305953,0.322560842252411,132.171,0.0412784454987743,6.0,0.0571584934844045,4.0,0.0,-6.081,0.242733913247288,5.53404255319,2010,True,True,True
340,2012,Turkey,Independent,Can Bonomo,Love Me Back,,,7,112,Away,Away,1,,1,2.56314592070544,0.0459770114942529,0.942646491479531,182.89741,0.0248585657507472,0.716795836249071,102.007,0.0422354193022846,4.0,0.323675002303427,4.0,1.0,-6.702,0.736229034551717,5.96046511628,2010,False,False,True
341,2012,Ukraine,Former Socialist Bloc,Gaitana,Be My Guest,,,15,65,Away,Away,1,,1,1.38666858537292,0.0266830870279146,0.860165355021865,182.7668,0.0120703893828724,0.518704877006888,127.868,0.069108430127696,10.0,0.244057100930476,4.0,1.0,-4.903,0.911179681309358,5.89525,2010,False,False,False
342,2012,United Kingdom,Western Europe,Engelbert Humperdinck,Love Will Set You Free,,,25,12,Away,Away,1,,1,0.452313763784403,0.00492610837438424,0.296479700573087,178.86667,0.800978815380444,0.456439048931317,120.027,0.0296418696117944,2.0,0.124981057104384,3.0,0.0,-9.001,0.181199003891382,5.68627118644,2010,False,False,False
343,2010,Albania,Former Socialist Bloc,Juliana Pasha,It's All About You,,,16,62,Away,Away,1,,1,1.60136373301981,0.0274457724656928,0.807461738792261,185.05098,0.00292159572298532,0.596592152947009,137.04,0.0306335531872319,10.0,0.271033428944786,4.0,0.0,-6.306,0.750207536675282,5.50743119266,2010,False,False,False
344,2010,Armenia,Former Socialist Bloc,Eva Rivas,Apricot Stone,,,7,141,Away,Away,1,,1,3.45944510639722,0.0624169986719788,0.661044541808231,184.83039,0.260057653178505,0.65937023639292,100.981,0.0722179088657379,7.0,0.170253380583811,4.0,1.0,-9.121,0.29886553680171,5.33723880597,2010,False,False,True
345,2010,Azerbaijan,Former Socialist Bloc,Safura,Drip Drop,,,5,145,Away,Away,1,,1,3.74229935847825,0.0641876936697654,0.673506203456032,222.49333,0.0350921705126905,0.492781587934123,73.989,0.0273526397322688,6.0,0.0784872191245492,3.0,1.0,-4.862,0.435218905314726,5.2075,2010,False,False,True
346,2010,Belarus,Former Socialist Bloc,3+2¾feat¾Robert Wells,Butterflies,,,24,18,Away,Away,1,,1,0.213124365173881,0.00796812749003984,,,,,,,,,,,,,,2010,False,False,False
347,2010,Belgium,Western Europe,Tom Dice,Me and My Guitar,,,6,143,Away,Away,1,,1,3.6098371751535,0.0633023461708721,0.358946933724858,181.27782,0.521399975241826,0.468909784074691,125.984,0.0349956376217781,9.0,0.108549024079408,4.0,1.0,-8.216,0.608224467468631,5.53096774194,2010,False,False,True
348,2010,Bosnia and Herzegovina,Former Yugoslavia,Vuka_in Braji,Thunder and Lightning,,,17,51,Away,Away,1,,1,1.20478999510481,0.0225763612217795,,,,,,,,,,,,,,2010,False,False,False
349,2010,Cyprus,Independent,Jon Lilygreen¾and¾The Islanders,Life Looks Better in Spring,,,21,27,Away,Away,1,,1,0.42425141052022,0.0119521912350598,0.577602225735648,175.75002,0.0208479430483625,0.569670985406991,76.023,0.0291575698073209,9.0,0.136239635451697,4.0,0.0,-9.515,0.5280901771291,5.76406593407,2010,False,False,False
350,2010,Denmark,Scandinavia,Chan_e and N'evergreen,In a Moment Like This,,,4,149,Away,Home,1,,1,4.07370651077116,0.067286409915892,,,,,,,,,,,,,,2010,False,False,True
351,2010,France,Western Europe,Jessy Matador,Allez Ola Ol_,,,12,82,Away,Away,1,,0,2.04304748822161,0.0362992474546259,0.815985812956659,191.26086,0.00798886966264101,0.716704096275785,129.024,0.0697004571201699,11.0,0.35022621499433,4.0,1.0,-8.021,0.920329220251741,4.98174418605,2010,False,False,False
352,2010,Georgia,Former Socialist Bloc,Sofia Nizharadze,Shine,,,9,136,Away,Away,1,,1,3.36437770375947,0.0602036299247455,0.409204012119687,181.31546,0.724840628428253,0.338748790357302,135.578,0.0375935791439618,2.0,0.166726347201998,4.0,1.0,-8.858,0.0910655432494171,5.41867768595,2010,False,False,True
353,2010,Germany,Western Europe,Lena,Satellite,,,1,246,Away,Away,1,,1,6.52658493371445,0.108897742363878,0.776138483309058,176.75864,0.00946354981269758,0.754882679999247,95.029,0.181891321689196,11.0,0.0433301942405319,4.0,0.0,-8.08,0.816348682330057,5.34441441441,2010,True,True,True
354,2010,Greece,Western Europe,Giorgos Alkaios and Friends,OPA! (___!),,,8,140,Away,Away,1,,0,3.27237722253798,0.0619743249225321,,,,,,,,,,,,,5.00875,2010,False,False,True
355,2010,Iceland,Scandinavia,Hera Björk,Je ne sais quoi,,,19,41,Away,Home,1,,1,0.974309395477621,0.018149623727313,0.890949072469185,183.95383,0.0152447767681244,0.527853379203248,131.977,0.0741745431628451,3.0,0.124905212294533,4.0,0.0,-5.156,0.55499748009909,5.54743362832,2010,False,False,False
356,2010,Ireland,Independent,Niamh Kavanagh,It's for You,,,23,25,Away,Away,1,,1,0.623452564192047,0.0110668437361664,0.485523299905012,180.50567,0.388512543787029,0.414338597894652,64.971,0.0292826661405662,0.0,0.0822792448128365,4.0,1.0,-6.174,0.14568254387547,5.31289256198,2010,False,False,False
357,2010,Israel,Independent,Harel Skaat,Milim (_____),,,14,71,Away,Away,1,,0,1.74327510807052,0.0314298362107127,0.620406319962916,182.11374,0.349944578237995,0.235287466370853,84.274,0.045254881029576,8.0,0.171209704363197,3.0,0.0,-6.198,0.254348913230966,4.91823529412,2010,False,False,False
358,2010,Moldova,Former Socialist Bloc,SunStroke Project and Olia Tira,Run Away,,,22,27,Away,Away,1,,1,0.453354973201033,0.0119521912350598,0.898348711205375,180.08771,0.0130983980829307,0.702074373358826,130.019,0.0413156238414179,11.0,0.0680425778580318,4.0,1.0,-5.834,0.78118820599018,5.4698245614,2010,False,False,False
359,2010,Norway,Scandinavia,Didrik Solli-Tangen,My Heart Is Yours,,,20,35,Home,Home,1,,1,0.959783740755185,0.015493581230633,0.238278903528916,185.54667,0.871243068135262,0.263540790572287,75.544,0.0326222963441871,9.0,0.144697839364399,4.0,1.0,-6.106,0.0177859286236909,5.47305263158,2010,False,False,False
360,2010,Portugal,Western Europe,Filipa Azevedo,Hˆ dias assim,,,18,43,Away,Away,1,,0,1.06370060755243,0.0190349712262063,0.438155596273673,177.91955,0.889419593155359,0.353357254688175,131.953,0.0338772874949764,11.0,0.0628345564950388,4.0,1.0,-7.42,0.163472902836966,5.04321428571,2010,False,False,False
361,2010,Romania,Former Socialist Bloc,Paula Seling and Ovi,Playing with Fire,,,3,162,Away,Away,1,,1,4.25285724295003,0.0717131474103586,0.810010990046602,182.89741,0.00225867508474893,0.64190799406896,122.042,0.0416594250884477,4.0,0.0408627220610685,4.0,0.0,-3.384,0.557749460102884,5.59684210526,2010,False,True,True
362,2010,Russia,Former Socialist Bloc,Peter Nalitch and Friends,Lost and Forgotten,,,11,90,Away,Away,1,,1,1.84731898077307,0.0398406374501992,0.500567490790578,173.24363,0.106124953785506,0.566748456368193,97.652,0.0268223151277286,9.0,0.0978494655498809,3.0,0.0,-6.054,0.397708338281945,,2010,False,False,False
363,2010,Serbia,Former Yugoslavia,Milan Stankovi,Ovo je Balkan (O__ je ______),,,13,72,Away,Away,1,,0,1.67749192127025,0.0318725099601594,0.738953821298909,191.13896,0.412814268451141,0.667024427930709,211.354,0.0936664835312413,10.0,0.903723441695412,4.0,1.0,-9.763,0.814591546650151,,2010,False,False,False
364,2010,Spain,Western Europe,Daniel Diges,Algo peque_ito,,,15,68,Away,Away,1,,0,1.79634307082445,0.0301018149623727,0.70255050508395,180.53179,0.316433386696091,0.56437514228169,88.464,0.0340208407955782,2.0,0.540274715509562,3.0,0.0,-3.881,0.711671597343719,4.90161616162,2010,False,False,False
365,2010,Turkey,Independent,maNga,We Could Be the Same,,,2,170,Away,Away,1,,1,4.07841559806357,0.0725984949092519,0.91100747035885,183.01342,0.0138818548668424,0.660554668833334,133.032,0.0440427418496012,2.0,0.0331756788431563,4.0,0.0,-4.891,0.565633631065887,5.59966666667,2010,False,True,True
366,2010,Ukraine,Former Socialist Bloc,Alyosha,Sweet People,,,10,108,Away,Away,1,,1,2.33512944514018,0.047808764940239,0.413793239029485,180.32281,0.606182518731939,0.661754927563259,119.954,0.0370641798489035,0.0,0.176192385649165,4.0,1.0,-6.866,0.208532159621971,5.60395604396,2010,False,False,True
367,2010,United Kingdom,Independent,Josh Dubovie,That Sounds Good to Me,,,25,10,Away,Away,1,,1,0.402620083724791,0.00442673749446658,0.754601800116072,185.43129,0.0141193275652484,0.627278761572263,124.016,0.0283647003634989,7.0,0.057201993879761,4.0,1.0,-6.183,0.576039491793469,5.6330666666700004,2010,False,False,False
368,2009,Montenegro,Former Yugoslavia,Andrea Demirovi?,Just Get Out of My Life,,,11,44,Away,Away,0,1.0,1,2.44414651889177,0.0379310344827586,0.898050027921779,182.47946,0.0105183702704397,0.560551091830824,137.75,0.0443178949412203,7.0,0.358420364364056,4.0,0.0,-4.023,0.678059454194437,,2000,False,False,False
369,2009,Czech Republic,Former Socialist Bloc,Gipsy.cz,Aven Romale,,,18,0,Away,Home,0,1.0,1,-0.0360328943462254,0.0,0.825303184189731,164.93333,0.28452593449608,0.817200125443976,77.079,0.505106924551699,10.0,0.223947585691721,4.0,1.0,-7.506,0.743306050519536,,2000,False,False,False
370,2009,Belgium,Western Europe,Patrick Ouch_ne,Copycat,,,17,1,Away,Away,0,1.0,1,0.0564012329815914,0.000862068965517241,,,,,,,,,,,,,,2000,False,False,False
371,2009,Belarus,Former Socialist Bloc,Petr Elfimov,Eyes That Never Lie,,,13,25,Away,Home,0,1.0,1,1.97018958739618,0.021551724137931,0.902324575396857,182.16599,0.00888436484661814,0.392823830491101,137.918,0.0514843300113713,2.0,0.349443446268677,4.0,0.0,-3.808,0.327345213829198,,2000,False,False,False
372,2009,Sweden,Scandinavia,Malena Ernman,La voix,Female,Solo,4,105,Away,Away,0,1.0,1,5.69079174921015,0.0905172413793103,0.672745987334615,178.4566,0.119194331013219,0.513201683978439,128.021,0.0348545662873757,10.0,0.143707678919496,4.0,1.0,-4.536,0.206492785923228,5.50269230769,2000,False,False,True
373,2009,Armenia,Former Socialist Bloc,Inga and Anush,Jan Jan,Female,Group,5,99,Away,Home,0,1.0,1,5.79675387929869,0.0853448275862069,0.86809788720474,181.97333,0.368220787052183,0.691723299868364,86.271,0.0997431333217887,4.0,0.356401741372898,3.0,0.0,-4.061,0.736495474975287,,2000,False,False,True
374,2009,Andorra,Western Europe,Susanne Georgi,La teva decisi¢ (Get a Life),,,15,8,Away,Away,0,1.0,1,0.582722894881139,0.00689655172413793,0.581341640569064,174.77333,0.00878908978616607,0.817003177838768,133.014,0.0403305491486288,2.0,0.0588143549654756,4.0,1.0,-6.7,0.69250405011085,,2000,False,False,False
375,2009,Switzerland,Western Europe,Lovebugs,The Highest Heights,,,14,15,Away,Away,0,1.0,1,0.753150702823069,0.0129310344827586,0.920504083689724,168.24272,0.0370713446570326,0.448529514653684,117.982,0.0389839444853352,2.0,0.282262181481048,4.0,0.0,-4.374,0.406762484974421,,2000,False,False,False
376,2009,Turkey,Independent,Hadise,Dm Tek Tek,Female,Solo,2,172,Away,Away,0,1.0,1,8.61374658325272,0.148275862068966,0.793613277938689,185.34168,0.574425735974623,0.831569185491883,114.982,0.0363099787851114,10.0,0.0622175119335634,4.0,1.0,-6.503,0.772847844225027,,2000,False,True,True
377,2009,Israel,Independent,Noa and Mira Awad,There Must Be Another Way,Female,Group,7,75,Away,Away,0,1.0,1,4.07358179545038,0.0646551724137931,0.794093269784657,179.87873,0.0687110324676364,0.604542010162488,105.972,0.024996099290271,8.0,0.084805072088256,4.0,1.0,-6.059,0.42620882292588,5.14188679245,2000,False,False,True
378,2009,Bulgaria,Former Socialist Bloc,Krassimir Avramov,Illusion,,,16,7,Away,Home,0,1.0,1,0.494988518308453,0.00603448275862069,0.856380655883921,168.60844,0.113433263926354,0.615340077226939,130.035,0.0399371537646059,6.0,0.7058636793908,4.0,1.0,-6.257,0.355898526300867,,2000,False,False,False
379,2009,Iceland,Scandinavia,Yohanna,Is It True?,Female,Solo,1,174,Away,Away,0,1.0,1,9.53856367333212,0.15,0.648462297911811,182.08762,0.120636218253755,0.26085611286083,83.978,0.0303115602272359,0.0,0.100348165255363,4.0,0.0,-8.122,0.263601828788288,5.21528301887,2000,True,True,True
380,2009,Macedonia,Former Yugoslavia,Next Time,Neshto shto ke ostane,,,10,45,Away,Away,0,1.0,0,2.23272234779284,0.0387931034482759,0.913788852129472,182.32272,0.0088934592239054,0.58884546676265,133.988,0.0429840649948339,11.0,0.308937410147084,4.0,1.0,-4.11,0.608338845597905,,2000,False,False,True
381,2009,Romania,Former Socialist Bloc,Elena,The Balkan Girls,Female,Solo,9,67,Away,Home,0,1.0,1,3.97552423447448,0.0577586206896552,0.919267642906087,179.97333,0.0206984420883738,0.696327172326798,130.089,0.034788704189782,5.0,0.051819569604596,4.0,1.0,-4.835,0.380539301729905,5.94048192771,2000,False,False,True
382,2009,Finland,Scandinavia,Waldo's People,Lose Control,Both,Group,12,42,Away,Away,0,1.0,1,2.51388884523494,0.0362068965517241,0.972366692466512,182.16599,0.0074204361923424,0.580143216573779,137.996,0.0627952513936392,7.0,0.169707518340445,4.0,1.0,-5.088,0.702104923938241,,2000,False,False,False
383,2009,Portugal,Western Europe,Flor-de-Lis,Todas as ruas do amor,Both,Group,8,70,Away,Away,0,1.0,0,4.0497726202888,0.0603448275862069,0.60622164022172,253.46567,0.266773885984264,0.575143883654989,96.966,0.042615815728949,7.0,0.113279984155113,4.0,1.0,-7.303,0.331690218298993,4.976,2000,False,False,True
384,2009,Malta,Western Europe,Chiara,What If We,Female,Solo,6,86,Away,Away,0,1.0,1,4.57216173782416,0.0741379310344828,0.378374420323919,181.80027,0.0480608382887424,0.528326096424245,123.937,0.0310549336421254,1.0,0.062293112701732,4.0,1.0,-8.226,0.478698632811048,5.48176470588,2000,False,False,True
385,2009,Bosnia and Herzegovina,Former Yugoslavia,Regina,Bistra voda,Male,Group,3,125,Away,Away,0,1.0,0,6.44938000989334,0.107758620689655,0.731082744924019,187.33823,0.504779183589222,0.547075542633362,75.976,0.0342888077458843,9.0,0.0960956823847908,4.0,1.0,-5.615,0.192152630982137,5.11545454545,2000,False,True,True
386,2009,Croatia,Former Yugoslavia,Igor Cukrov feat. Andrea,Lijepa Tena,Both,Group,13,33,Away,Away,0,2.0,0,1.26320229613925,0.0258620689655172,0.733959052674781,182.83057,0.323643438111558,0.590591968752472,116.107,0.0324064300848988,1.0,0.0793219638565446,4.0,0.0,-4.427,0.344540864461678,,2000,False,False,False
387,2009,Ireland,Independent,SinŠad Mulvey and Black Daisy,Et Cetera,,,11,52,Away,Away,0,2.0,1,2.18231589519928,0.0407523510971787,0.871824866943491,179.44336,0.0325749711307082,0.273404704379932,134.498,0.0871601986359316,5.0,0.348920781714921,4.0,1.0,-2.871,0.481288142345671,,2000,False,False,False
388,2009,Latvia,Former Socialist Bloc,Intars Busulis,Probka,,,19,7,Away,Home,0,2.0,0,-0.0807320368441332,0.0054858934169279,0.926193100787526,185.25995,0.0449959930007013,0.550279343726292,142.926,0.103686104489768,7.0,0.127040615105636,1.0,0.0,-3.373,0.85474992941947,,2000,False,False,False
389,2009,Serbia,Former Yugoslavia,Marko Kon and Milaan,Cipela,,,10,60,Away,Away,0,2.0,0,2.58184336991024,0.0470219435736677,,,,,,,,,,,,,,2000,False,False,True
390,2009,Poland,Former Socialist Bloc,Lidia Kopania,I Don't Wanna Leave,,,12,43,Away,Home,0,2.0,1,1.84159441569351,0.0336990595611285,0.685641331179189,180.0,0.0635186274959309,0.512832536866689,71.987,0.0285200942761453,11.0,0.274011933313141,4.0,1.0,-4.355,0.357989862960172,,2000,False,False,False
391,2009,Norway,Scandinavia,Alexander Rybak,Fairytale,Male,Solo,1,201,Away,Away,0,2.0,1,9.7951989529527,0.157523510971787,0.686648350697374,183.89007,0.223642738653331,0.601437155869744,107.974,0.0253877167932466,2.0,0.324601555871027,4.0,0.0,-6.585,0.464132107491933,5.32782608696,2000,True,True,True
392,2009,Cyprus,Independent,Christina Metaxa,Firefly,,,14,32,Away,Away,0,2.0,1,1.42748123605555,0.0250783699059561,0.389902734496237,182.19211,0.151611794039539,0.555447589710553,101.991,0.0272401292978047,6.0,0.0617228056999363,4.0,1.0,-7.235,0.336667681267093,,2000,False,False,False
393,2009,Slovakia,Former Socialist Bloc,Kamil Mikul?k and Nela,Le? tmou,,,18,8,Away,Home,0,2.0,0,0.443512025257273,0.00626959247648903,0.430579547691106,178.84844,0.179872629341287,0.297782375388566,77.875,0.0309699202443637,9.0,0.115779471057131,4.0,0.0,-8.233,0.124312257894068,,2000,False,False,False
394,2009,Denmark,Scandinavia,Niels Brinck,Believe Again,Male,Solo,8,69,Away,Away,0,2.0,1,3.83897412663798,0.0540752351097179,0.827642825044967,187.39048,0.021043806556308,0.555140575517914,120.01,0.0423908129653923,2.0,0.0584217318614703,4.0,1.0,-5.084,0.594089788918893,,2000,False,False,True
395,2009,Slovenia,Former Yugoslavia,Quartissimo feat. Martina,Love Symphony,,,16,14,Away,Away,0,2.0,1,0.703260656806975,0.0109717868338558,0.938037317373253,184.43864,0.00735350422738137,0.606891374761883,132.052,0.0281807796135982,9.0,0.341889621770302,4.0,0.0,-3.724,0.578780238388492,,2000,False,False,False
396,2009,Hungary,Former Socialist Bloc,Zoli µdok,Dance with Me,,,15,16,Away,Home,0,2.0,1,0.495560954438138,0.0125391849529781,0.971676668997591,180.2068,0.00306058712461527,0.624376149195385,125.088,0.0687262262755728,8.0,0.0790677867604293,4.0,1.0,-3.839,0.774428475173288,,2000,False,False,False
397,2009,Azerbaijan,Former Socialist Bloc,AySel and Arash,Always,Both,Group,2,180,Away,Home,0,2.0,1,8.45861960937981,0.141065830721003,0.946863896775781,248.33415,0.0245356228299472,0.729727632687265,134.982,0.1556444793134,6.0,0.120697795165309,4.0,1.0,-4.292,0.81851223719973,5.73219178082,2000,False,True,True
398,2009,Greece,Western Europe,Sakis Rouvas,This Is Our Night,Male,Solo,4,110,Away,Away,0,2.0,1,4.86876801939738,0.0862068965517241,0.92041421678741,176.4712,0.00619243096406111,0.628107956638931,127.92,0.0642546486920347,6.0,0.174562378836576,4.0,0.0,-6.166,0.677572772984297,,2000,False,False,True
399,2009,Lithuania,Former Socialist Bloc,Sasha Son,Love,Male,Solo,9,66,Away,Home,0,2.0,1,2.63788701140548,0.0517241379310345,0.678258290261204,183.18476,0.563170101345754,0.598360426203235,102.984,0.0278170639343017,9.0,0.0786431341148347,3.0,0.0,-9.082,0.482058644399615,6.14823232323,2000,False,False,True
400,2009,Moldova,Former Socialist Bloc,Nelly Ciobanu,Hora din Moldova,Female,Solo,5,106,Away,Home,0,2.0,1,4.98668230415697,0.0830721003134796,0.881466736727367,177.35946,0.0196326118874264,0.350776623907456,92.836,0.060701124953619,6.0,0.0785113092658231,4.0,0.0,-4.548,0.495054137233052,5.2510989011,2000,False,False,True
401,2009,Albania,Former Socialist Bloc,Kejsi Tola,Carry Me in Your Dreams,Female,Solo,7,73,Away,Home,0,2.0,1,3.85831380468596,0.0572100313479624,0.779777173891104,186.56608,0.00779384027611544,0.66901746403781,127.996,0.0488439629885563,11.0,0.0687358519906998,4.0,1.0,-5.504,0.631781744611429,5.56760869565,2000,False,False,True
402,2009,Ukraine,Former Socialist Bloc,Svetlana Loboda,Be My Valentine,Female,Solo,6,80,Away,Home,0,2.0,1,3.11845082456534,0.0626959247648903,0.911639848249596,181.06884,0.0145111532686171,0.625690338479756,124.828,0.0463108883353952,6.0,0.632591881795193,4.0,0.0,-4.786,0.699592674101826,,2000,False,False,True
403,2009,Estonia,Former Socialist Bloc,Urban Symphony,R†ndajad,Female,Solo,3,115,Away,Home,0,2.0,0,5.45063597312497,0.0901253918495298,,,,,,,,,,,,,5.56727272727,2000,False,True,True
404,2009,Netherlands,Western Europe,The Toppers,Shine,,,17,11,Away,Away,0,2.0,1,1.12395391134312,0.00862068965517241,0.966148176145961,200.26884,0.00388644568224756,0.53504683276104,131.94,0.165821539141789,8.0,0.958091257703546,4.0,1.0,-6.458,0.544482235058409,,2000,False,False,False
405,2008,Montenegro,Former Yugoslavia,Stefan Filipovi?,Zauvijek volim te,,,14,23,Away,Home,0,1.0,0,1.2325114372995,0.0188834154351396,,,,,,,,,,,,,,2000,False,False,False
406,2008,Israel,Independent,Boaz Ma'uda,The Fire in Your Eyes,Male,Solo,5,104,Away,Away,0,1.0,1,4.92662741283392,0.0853858784893268,0.490721337510733,180.57333,0.0695851133405109,0.183718746224968,79.767,0.0347354541184422,6.0,0.385549157077759,4.0,0.0,-6.277,0.169227091898312,,2000,False,False,True
407,2008,Estonia,Former Socialist Bloc,Kreisiraadio,Leto svet,,,18,8,Away,Away,0,1.0,0,0.602731658199663,0.00656814449917898,0.641147966003396,174.53823,0.00899422994766587,0.791138974036528,132.056,0.0513213703051725,6.0,0.173035822829409,4.0,1.0,-4.634,0.51418709534128,,2000,False,False,False
408,2008,Moldova,Former Socialist Bloc,Geta Burlacu,A Century of Love,,,12,36,Away,Away,0,1.0,1,1.30517958821777,0.0295566502463054,0.359361343388575,182.5317,0.208578274658292,0.692544300374036,139.986,0.031465639635785,9.0,0.157128457156754,4.0,0.0,-5.879,0.342907478033705,,2000,False,False,False
409,2008,San Marino,Western Europe,Miodio,Complice,,,19,5,Away,Away,0,1.0,0,0.106567661939285,0.00410509031198686,0.555512159039509,234.70676,0.00818008414544485,0.524253856018614,72.506,0.0269370409451226,3.0,0.0848743503546303,4.0,0.0,-6.487,0.210604683831417,,2000,False,False,False
410,2008,Belgium,Western Europe,Ishtar,O Julissi,,,17,16,Away,Away,0,1.0,0,0.412278377907946,0.013136288998358,0.286788608563617,152.49088,0.652123385858298,0.621079923936365,136.079,0.0378871143774059,7.0,0.246459586657562,4.0,1.0,-10.434,0.33247131311939,,2000,False,False,False
411,2008,Azerbaijan,Former Socialist Bloc,Elnur and Samir,Day After Day,Both,Group,6,96,Away,Away,0,1.0,1,4.97976637426041,0.0788177339901478,0.687630449973683,188.22639,0.026570546967825,0.587428273205132,108.018,0.0452593220383542,6.0,0.125131146113448,4.0,1.0,-9.139,0.459717998951167,,2000,False,False,True
412,2008,Slovenia,Former Yugoslavia,Rebeka Dremelj,Vrag naj vzame,,,11,36,Away,Home,0,1.0,1,2.13732355454146,0.0295566502463054,0.789350965128778,174.12027,0.010298551971146,0.698724502121722,126.073,0.113180450774788,9.0,0.0839174198428499,4.0,0.0,-4.367,0.646872152625951,,2000,False,False,False
413,2008,Norway,Scandinavia,Maria Haukaas Storeng,Hold On Be Strong,Female,Solo,4,106,Away,Away,0,1.0,1,5.74992559237787,0.0870279146141215,0.738855579506066,185.17007,0.0236930999034027,0.553748829156224,92.021,0.025480601263678,6.0,0.297942374341513,4.0,0.0,-4.464,0.747437664094923,5.27571428571,2000,False,False,True
414,2008,Poland,Former Socialist Bloc,Isis Gee,For Life,Female,Solo,10,42,Away,Away,0,1.0,1,1.90618417900412,0.0344827586206897,0.705635745672643,180.84671,0.133519577693821,0.522679733416127,140.1,0.0336041507639528,11.0,0.110737450511584,4.0,1.0,-8.026,0.380681188716821,5.62918918919,2000,False,False,True
415,2008,Ireland,Independent,Dustin the Turkey,Irelande Douze Pointe,,,15,22,Away,Away,0,1.0,1,1.32309535687608,0.0180623973727422,0.942668392725668,260.32,0.0111480236220715,0.664899877278708,135.002,0.0647194057683521,9.0,0.0959115871512451,4.0,0.0,-6.624,0.478308371131827,,2000,False,False,False
416,2008,Andorra,Western Europe,Gisela,Casanova,,,16,22,Away,Away,0,1.0,1,1.07259330288746,0.0180623973727422,0.999168858414548,172.23946,0.0133705983049994,0.651218861360191,138.001,0.0902080896314207,1.0,0.141095240498652,4.0,1.0,-2.674,0.799256941903012,,2000,False,False,False
417,2008,Bosnia and Herzegovina,Former Yugoslavia,Laka,Poku?aj,Male,Solo,9,72,Away,Home,0,1.0,0,3.83661058659907,0.0591133004926108,,,,,,,,,,,,,,2000,False,False,True
418,2008,Armenia,Former Socialist Bloc,Sirusho,"QŠlŠ, QŠlŠ",Female,Solo,2,139,Away,Away,0,1.0,1,7.08431430319125,0.114121510673235,0.756131787970581,214.18041,0.112286519514166,0.661919332111037,128.119,0.0886907557036568,9.0,0.112762710215656,4.0,0.0,-6.312,0.585043663197973,,2000,False,True,True
419,2008,Netherlands,Western Europe,Hind,Your Heart Belongs to Me,,,13,27,Away,Away,0,1.0,1,1.04851989022425,0.0221674876847291,0.646773830132163,185.36,0.00498183328694011,0.63604775580841,93.993,0.0467320337911764,1.0,0.0873418211559428,4.0,1.0,-5.477,0.671436075261833,,2000,False,False,False
420,2008,Finland,Scandinavia,Ter†sbetoni,Miss† miehet ratsastaa,Male,Group,8,79,Away,Away,0,1.0,0,4.22046471969195,0.0648604269293925,,,,,,,,,,,,,,2000,False,False,True
421,2008,Romania,Former Socialist Bloc,Nico and Vlad,Pe-o margine de lume,Both,Group,7,94,Away,Away,0,1.0,0,4.43775749175265,0.077175697865353,0.630618112946005,180.06204,0.226592120407673,0.441085006464538,74.84,0.0463701384097194,2.0,0.164640861870203,4.0,1.0,-6.447,0.184160881793859,,2000,False,False,True
422,2008,Russia,Former Socialist Bloc,Dima Bilan,Believe,Male,Solo,3,135,Away,Away,0,1.0,1,6.13841524838977,0.110837438423645,0.514367999535381,185.11782,0.112698569290717,0.539576023823619,66.815,0.0440005011576633,8.0,0.159315813699278,4.0,1.0,-11.799,0.223983626976259,,2000,False,True,True
423,2008,Greece,Western Europe,Kalomira,Secret Combination,Female,Solo,1,156,Away,Away,0,1.0,1,7.78797000601764,0.12807881773399,,,,,,,,,,,,,,2000,True,True,True
424,2008,Iceland,Scandinavia,Euroband,This Is My Life,Both,Group,8,68,Away,Away,0,2.0,1,3.08797972042494,0.0532915360501567,0.906751575662302,245.89887,0.0014358245503785,0.702358265450894,127.973,0.0352265774151836,10.0,0.0824900846308127,4.0,0.0,-8.194,0.732163951565076,,2000,False,False,True
425,2008,Sweden,Scandinavia,Charlotte Perrelli,Hero,Female,Solo,12,54,Away,Away,0,2.0,1,2.72187710815961,0.0423197492163009,0.906245236464877,175.26376,0.00461808693258131,0.616044299301077,126.995,0.0390564008056162,11.0,0.216965834924553,4.0,1.0,-5.34,0.666444529228951,5.52580152672,2000,False,False,False
426,2008,Turkey,Independent,Mor ve étesi,Deli,Male,Group,7,85,Away,Away,0,2.0,0,4.27490615239085,0.0666144200626959,0.869777996640156,183.08163,0.0376967398764833,0.386439188323218,151.107,0.0554316919380841,4.0,0.170243569261854,4.0,0.0,-4.447,0.276184099341225,,2000,False,False,True
427,2008,Ukraine,Former Socialist Bloc,Ani Lorak,Shady Lady,Female,Solo,1,152,Away,Away,0,2.0,1,7.18517787098021,0.119122257053292,0.715463697296292,178.71782,0.0308128445850922,0.708392919806756,127.935,0.0723506804199636,6.0,0.113615976061692,4.0,0.0,-5.709,0.777855065164826,,2000,True,True,True
428,2008,Lithuania,Former Socialist Bloc,Jeronimas Milius,Nomads in the Night,,,16,30,Away,Away,0,2.0,1,1.1412207318873,0.0235109717868339,0.301551683613201,165.60435,0.722431059151753,0.294564925091212,73.032,0.0373203405738409,0.0,0.0985214106242497,3.0,1.0,-7.82,0.190504120779716,,2000,False,False,False
429,2008,Albania,Former Socialist Bloc,Olta Boka,Zemr_n e lam_ peng,Female,Solo,9,67,Away,Away,0,2.0,0,3.24083979844212,0.0525078369905956,0.611160139444701,178.93687,0.107240485540674,0.388494091602209,88.152,0.0271193199875154,8.0,0.233353487503121,7.0,1.0,-4.845,0.494869908966958,,2000,False,False,True
430,2008,Switzerland,Western Europe,Paolo Meneguzzi,Era stupendo,,,13,47,Away,Away,0,2.0,0,1.94578939673503,0.036833855799373,0.566208586730044,186.68517,0.0782198830305317,0.48619620327352,71.959,0.029033243563042,1.0,0.11578261945617,4.0,1.0,-7.172,0.162954848719364,,2000,False,False,False
431,2008,Czech Republic,Former Socialist Bloc,Tereza Kerndlov_,Have Some Fun,,,18,9,Away,Away,0,2.0,1,0.387080753466985,0.00705329153605016,0.675446157471352,227.23156,0.267509110796324,0.724752784611264,119.954,0.0505604906777333,6.0,0.334543342725725,4.0,0.0,-16.659,0.800581128069643,,2000,False,False,False
432,2008,Belarus,Former Socialist Bloc,Ruslan Alekhno,Hasta la Vista,,,17,27,Away,Away,0,2.0,1,1.39879131641961,0.0211598746081505,0.492423349281458,181.38231,0.00198585092472846,0.566171811124403,128.015,0.0269637982583628,0.0,0.0717770661409461,4.0,0.0,-9.108,0.640173014064884,,2000,False,False,False
433,2008,Latvia,Former Socialist Bloc,Pirates of the Sea,Wolves of the Sea,Both,Group,6,86,Away,Away,0,2.0,1,3.94359922408663,0.0673981191222571,0.884848053455763,184.20354,0.00281336897667749,0.550279046879579,72.512,0.0505601820770635,9.0,0.335802016199063,4.0,1.0,-11.77,0.387177550562934,5.28,2000,False,False,True
434,2008,Croatia,Former Yugoslavia,Kraljevi Ulice and 75 cents,Romanca,Both,Group,3,112,Away,Home,0,2.0,0,5.0414694553688,0.0877742946708464,0.60775791164998,181.81333,0.137343722124945,0.714295459542581,124.084,0.165319697606619,0.0,0.107548010695328,4.0,1.0,-7.724,0.481029045135529,,2000,False,True,True
435,2008,Bulgaria,Former Socialist Bloc,Deep Zone and Balthazar,"DJ, Take Me Away",,,11,56,Away,Away,0,2.0,1,2.5654469363913,0.0438871473354232,0.923827755145353,182.43918,0.00336960047728833,0.655329292850064,130.056,0.0494805186169627,5.0,0.320712401671354,4.0,0.0,-5.439,0.624728551993503,,2000,False,False,False
436,2008,Denmark,Scandinavia,Simon Mathew,All Night Long,Male,Solo,3,112,Away,Away,0,2.0,1,5.38196515695833,0.0877742946708464,0.724638288775042,173.83293,0.00383894619872092,0.687790237067065,122.978,0.0342484222908238,6.0,0.345082893902367,4.0,0.0,-5.154,0.727190503773187,6.01571428571,2000,False,True,True
437,2008,Georgia,Former Socialist Bloc,Diana Gurtskaya,Peace Will Come,Female,Solo,5,107,Away,Away,0,2.0,1,5.18526478500449,0.0838557993730407,0.606369356143975,183.68109,0.0659603426466039,0.58094418260788,76.991,0.0328344006904414,5.0,0.136456276386391,4.0,0.0,-4.608,0.476056138068603,5.27205479452,2000,False,False,True
438,2008,Hungary,Former Socialist Bloc,CsŠzy,Candlelight,,,19,6,Away,Away,0,2.0,1,0.284800649584122,0.00470219435736677,,,,,,,,,,,,,,2000,False,False,False
439,2008,Malta,Western Europe,Morena,Vodka,,,14,38,Away,Away,0,2.0,1,1.59351693648814,0.0297805642633229,0.999124347339448,182.37633,0.00691233500886192,0.518409409599453,155.038,0.102688903947257,5.0,0.307209228809022,4.0,1.0,-3.36,0.63210429323567,,2000,False,False,False
440,2008,Cyprus,Independent,Evdokia Kadi,Femme Fatale,,,15,36,Away,Away,0,2.0,0,1.66492197364616,0.0282131661442006,0.5173958255181,180.05007,0.935055493837823,0.484040633588737,77.521,0.187362242416079,8.0,0.0865841405737078,4.0,1.0,-6.298,0.553106068922276,,2000,False,False,False
441,2008,Macedonia,Former Yugoslavia,"Tamara, Vr?ak and Adrijan",Let Me Love You,,,10,64,Away,Home,0,2.0,1,2.47650031723688,0.0501567398119122,,,,,,,,,,,,,,2000,False,False,True
442,2008,Portugal,Western Europe,Vónia Fernandes,Senhora do mar (Negras _guas),Female,Solo,2,120,Away,Away,0,2.0,0,6.11384881779604,0.0940438871473354,0.557688792157471,184.83048,0.376182840335685,0.302826865924913,104.781,0.0506228817374101,9.0,0.349508994015196,3.0,1.0,-6.542,0.153754089812086,,2000,False,True,True
443,2007,Bulgaria,Former Socialist Bloc,Elitsa Todorova and Stoyan Yankoulov,Water,Both,Group,5,146,Away,Away,0,1.0,0,3.55625381797639,0.0599343185550082,,,,,,,,,,,,,,2000,False,False,True
444,2007,Israel,Independent,Teapacks,Push the Button,,,24,17,Away,Away,0,1.0,1,0.410297863246408,0.00697865353037767,0.66933435877046,178.98667,0.215051942861766,0.425782852297041,145.734,0.133394379552873,9.0,0.0759492181763926,4.0,1.0,-8.084,0.354966961487026,,2000,False,False,False
445,2007,Cyprus,Independent,Evridiki,"Comme ci, comme ša",,,15,65,Away,Away,0,1.0,0,1.45691054427847,0.0266830870279146,0.473301733172391,229.90667,0.129143341871171,0.689062515942452,92.121,0.0325611582746905,0.0,0.111501037894372,4.0,1.0,-7.768,0.75781527730026,,2000,False,False,False
446,2007,Belarus,Former Socialist Bloc,Koldun,Work Your Magic,Male,Solo,4,176,Away,Away,0,1.0,1,4.28123119387526,0.0722495894909688,,,,,,,,,,,,,,2000,False,False,True
447,2007,Iceland,Scandinavia,Eirkur Hauksson,Valentine Lost,,,13,77,Away,Home,0,1.0,1,1.86533908431245,0.0316091954022989,0.854106006400735,182.64771,0.0300006630596322,0.349955061148915,85.868,0.0396447016439221,7.0,0.143748316825346,4.0,0.0,-4.994,0.331778487451951,,2000,False,False,False
448,2007,Georgia,Former Socialist Bloc,Sopho,Visionary Dream,Female,Solo,8,123,Away,Away,0,1.0,1,2.9879050085046,0.0504926108374384,0.726092921854802,170.07846,0.0580738129372168,0.551423441776213,121.83,0.0502566626926421,7.0,0.11118752992449,3.0,1.0,-6.317,0.419098987916419,,2000,False,False,True
449,2007,Montenegro,Former Yugoslavia,Stevan Faddy,"'Ajde, kro?i",,,22,33,Away,Away,0,1.0,0,0.769840258308953,0.0135467980295567,0.856574330439679,179.18068,0.0185594740188918,0.639357947099643,130.09,0.0524276245218331,10.0,0.0413788544456095,4.0,1.0,-4.826,0.746011950891884,,2000,False,False,False
450,2007,Switzerland,Western Europe,DJ Bobo,Vampires Are Alive,,,20,40,Away,Away,0,1.0,1,0.987075567428469,0.0164203612479475,0.787246464129787,183.68109,0.0915499138934828,0.620069041294976,134.077,0.0301912635301114,5.0,0.314069198469796,4.0,0.0,-6.211,0.444006510340038,,2000,False,False,False
451,2007,Moldova,Former Socialist Bloc,Natalia Barbu,Fight,Female,Solo,10,91,Away,Away,0,1.0,1,2.25171532341688,0.0373563218390805,0.903091155382302,179.02975,0.300154438427355,0.582126006626178,170.093,0.0665365695504785,2.0,0.134618065427493,4.0,0.0,-3.92,0.264178341075762,5.17414634146,2000,False,False,True
452,2007,Netherlands,Western Europe,Edsilia Rombley,On Top of the World,,,21,38,Away,Away,0,1.0,1,0.918171820425569,0.0155993431855501,0.714541705072596,180.15456,0.0150767944900397,0.615835263788179,125.914,0.0368129470536998,2.0,0.144630810551798,4.0,1.0,-5.89,0.339931964210208,,2000,False,False,False
453,2007,Albania,Former Socialist Bloc,Frederik Ndoci,Hear My Plea,,,17,49,Away,Away,0,1.0,1,0.991370214962523,0.0201149425287356,0.70060360200685,181.54041,0.0207860781926929,0.525011279785711,141.9,0.0449541641196634,9.0,0.0764092401781447,4.0,0.0,-7.029,0.174119285055686,,2000,False,False,False
454,2007,Denmark,Scandinavia,DQ,Drama Queen,,,19,45,Away,Home,0,1.0,1,1.16416746852314,0.0184729064039409,0.892993083777692,183.60272,0.0730382886687688,0.550691687266204,137.929,0.0465152345702317,4.0,0.294843398393997,4.0,1.0,-5.964,0.194830313371877,,2000,False,False,False
455,2007,Croatia,Former Yugoslavia,Dragonfly feat. Dado Topi?,Vjerujem u ljubav,,,16,54,Away,Away,0,1.0,1,1.23088008995495,0.0221674876847291,0.829530317004429,182.48372,0.0226679668135544,0.328198931306748,107.28,0.0487818544920411,11.0,0.134475011312729,4.0,0.0,-6.328,0.471540801584742,,2000,False,False,False
456,2007,Poland,Former Socialist Bloc,The Jet Set,Time To Party,,,14,75,Away,Away,0,1.0,1,1.83567012395335,0.0307881773399015,0.659687988839194,182.73333,0.00190740185262284,0.687090257042472,129.898,0.236263771742478,2.0,0.262345928464081,4.0,1.0,-9.773,0.744705231606198,,2000,False,False,False
457,2007,Serbia,Former Yugoslavia,Marija ?erifovi?,Molitva,Female,Solo,1,298,Away,Away,0,1.0,0,6.84559025174033,0.122331691297209,0.959497665062176,218.04363,0.0280942164638403,0.650668599470117,132.007,0.134356543789784,4.0,0.142156669842629,4.0,0.0,-5.242,0.465615737900377,,2000,True,True,True
458,2007,Czech Republic,Former Socialist Bloc,Kab_t,Mal_ d_ma,,,28,1,Away,Away,0,1.0,0,0.237810881348381,0.000410509031198686,,,,,,,,,,,,,,2000,False,False,False
459,2007,Portugal,Western Europe,Sabrina,Danša comigo,,,11,88,Away,Away,0,1.0,1,2.15948662950544,0.0361247947454844,0.864736714682303,170.10893,0.112932944054993,0.716978179488187,97.994,0.0406693284065369,9.0,0.0588842016008017,4.0,0.0,-4.79,0.777344954296995,,2000,False,False,False
460,2007,Macedonia,Former Yugoslavia,Karolina,Mojot svet,Female,Solo,9,97,Away,Away,0,1.0,1,2.29295027769387,0.0398193760262726,,,,,,,,,,,,,,2000,False,False,True
461,2007,Norway,Scandinavia,Guri Schanke,Ven a bailar conmigo,,,18,48,Away,Home,0,1.0,1,1.16862930422173,0.0197044334975369,0.923144057706895,180.89315,0.0958917639577453,0.447976901453028,163.826,0.31030345424945,4.0,0.504631978387748,4.0,0.0,-5.227,0.616006921358134,,2000,False,False,False
462,2007,Malta,Western Europe,Olivia Lewis,Vertigo,,,25,15,Away,Away,0,1.0,1,0.449038526972315,0.0061576354679803,0.887868665616879,182.83782,0.0143773938028507,0.42493953786566,102.808,0.0552789060338771,4.0,0.210177445435628,3.0,0.0,-5.346,0.624671141475186,,2000,False,False,False
463,2007,Andorra,Western Europe,Anonymous,Salvem el m¢n,,,12,80,Away,Away,0,1.0,1,2.05252844101263,0.0328407224958949,0.939933420036241,179.28,0.0077908553859275,0.51470751623325,100.266,0.0548213412131166,4.0,0.108895872922031,4.0,1.0,-4.686,0.567531046035543,,2000,False,False,False
464,2007,Hungary,Former Socialist Bloc,Magdi R£zsa,Unsubstantial Blues,Female,Solo,2,224,Away,Away,0,1.0,1,5.47690672715067,0.0919540229885057,0.456684974842691,182.1093,0.850128968429577,0.479246206333292,93.495,0.0343423144041148,10.0,0.1348406662949,5.0,0.0,-4.086,0.587942339853145,,2000,False,True,True
465,2007,Estonia,Former Socialist Bloc,Gerli Padar,Partners in Crime,,,22,33,Away,Away,0,1.0,1,0.743063195452652,0.0135467980295567,0.721476906752027,178.34476,0.0122383669400281,0.63562666615683,115.044,0.0368237887309717,4.0,0.118518218356393,4.0,0.0,-6.698,0.525716214196847,,2000,False,False,False
466,2007,Belgium,Western Europe,The KMG's,Love Power,,,26,14,Away,Away,0,1.0,1,0.286307071426622,0.00574712643678161,,,,,,,,,,,,,,2000,False,False,False
467,2007,Slovenia,Former Yugoslavia,Alenka Gotar,Cvet z juga,Female,Solo,7,140,Away,Away,0,1.0,0,3.25553966436043,0.0574712643678161,0.788287512991585,183.76,0.805490646796933,0.317491335569919,124.723,0.0585106676671764,3.0,0.351493795208798,4.0,1.0,-3.797,0.229705969337366,4.83857142857,2000,False,False,True
468,2007,Turkey,Independent,Kenan Do?ulu,Shake It Up ?ekerim,Male,Solo,3,197,Away,Away,0,1.0,1,4.76950174156494,0.0808702791461412,0.740508349179203,182.7522,0.0197046549045992,0.804160723496759,107.998,0.0812158492805641,10.0,0.0375677436517602,4.0,0.0,-6.863,0.708265996726892,,2000,False,True,True
469,2007,Austria,Western Europe,Eric Papilaya,Get a Life - Get Alive,,,27,4,Away,Away,0,1.0,1,0.0168204895036554,0.00164203612479475,0.683508252846098,320.28,0.00804244167371234,0.602569508978097,128.002,0.0298662013320198,5.0,0.342798779216106,4.0,0.0,-11.507,0.636607002173156,,2000,False,False,False
470,2007,Latvia,Former Socialist Bloc,Bonaparti.lv,Questa notte,Male,Group,6,168,Away,Away,0,1.0,0,4.07111472764374,0.0689655172413793,0.571233088642672,178.77333,0.145411959262485,0.409287309096381,88.862,0.0302937371525304,10.0,0.0954677825275238,4.0,1.0,-5.004,0.263482061660606,4.96388888889,2000,False,False,True
471,2006,Armenia,Former Socialist Bloc,AndrŠ,Without Your Love,Male,Solo,6,150,Away,Away,0,1.0,1,3.90579740763569,0.0680580762250454,,,,,,,,,,,,,,2000,False,False,True
472,2006,Bulgaria,Former Socialist Bloc,Mariana Popova,Let Me Cry,,,17,36,Away,Away,0,1.0,1,0.965325158511433,0.0163339382940109,0.727569940502464,256.16209,0.349871411134447,0.482494508372039,100.041,0.0448679606658869,7.0,0.0791892862749617,4.0,1.0,-6.867,0.217171619368141,,2000,False,False,False
473,2006,Slovenia,Former Yugoslavia,An?ej De?an,Mr Nobody,,,16,49,Away,Away,0,1.0,1,1.41568802379423,0.0222323049001815,,,,,,,,,,,,,,2000,False,False,False
474,2006,Andorra,Western Europe,Jenny,Sense tu,,,23,8,Away,Home,0,1.0,0,0.125165486233552,0.00362976406533575,0.718164180806755,181.65333,0.474701449070492,0.651163152016932,99.94,0.0293172495664877,11.0,0.0698057141879331,3.0,1.0,-2.517,0.949078318937005,,2000,False,False,False
475,2006,Belarus,Former Socialist Bloc,Polina Smolova,Mum,,,22,10,Away,Away,0,1.0,1,0.265344920478431,0.00453720508166969,,,,,,,,,,,,,,2000,False,False,False
476,2006,Albania,Former Socialist Bloc,Luiz Ejlli,Zjarr e ftoht_,,,14,58,Away,Away,0,1.0,0,1.44692848683409,0.0263157894736842,0.873480021701242,189.85605,0.0253497346192147,0.307079512034848,124.036,0.196522389110105,9.0,0.239003872725715,4.0,0.0,-6.232,0.587130007113795,,2000,False,False,False
477,2006,Belgium,Western Europe,Kate Ryan,Je t'adore,,,12,69,Away,Home,0,1.0,1,1.86235511635189,0.0317604355716878,0.871953137453028,183.02803,0.0145065109169894,0.543575989543536,134.979,0.0606059004762468,8.0,0.782802932818991,4.0,0.0,-5.767,0.667329563240165,,2000,False,False,False
478,2006,Ireland,Independent,Brian Kennedy,Every Song Is a Cry for Love,Male,Solo,9,79,Away,Away,0,1.0,1,2.14252730932715,0.0358439201451906,0.542616619513277,180.61333,0.0523821471587768,0.457602237541729,70.038,0.0268011143512046,7.0,0.119095130256996,4.0,1.0,-5.976,0.313173963597852,5.284,2000,False,False,True
479,2006,Cyprus,Independent,Annet Artani,Why Angels Cry,,,15,57,Away,Away,0,1.0,1,1.31698927328018,0.0258620689655172,0.341316913646595,178.56245,0.367420406907644,0.238940486341942,81.255,0.0302283146143103,7.0,0.0871998968575491,1.0,1.0,-8.785,0.0918353810659419,,2000,False,False,False
480,2006,Monaco,Western Europe,SŠverine Ferrer,La Coco-Dance,,,21,14,Away,Home,0,1.0,0,0.423419947900788,0.00635208711433757,0.871548570228318,179.86857,0.0362757174867091,0.625181825025268,120.312,0.0641414650407593,9.0,0.0550114006216158,4.0,1.0,-6.555,0.556858806580389,,2000,False,False,False
481,2006,Macedonia,Former Yugoslavia,Elena Risteska,Ninanajna,Female,Solo,10,76,Away,Away,0,1.0,1,2.04732107996499,0.0344827586206897,0.797092409958102,181.39383,0.00803914547910056,0.747202461984797,100.06,0.073719278591468,0.0,0.0916687761908387,4.0,1.0,-5.327,0.686494127042086,,2000,False,False,True
482,2006,Poland,Former Socialist Bloc,Ich Troje feat. Real McCoy,Follow My Heart,,,11,70,Away,Away,0,1.0,1,1.98833793091431,0.0317604355716878,0.881128873773316,178.80336,0.00639819508274775,0.512637861142528,211.985,0.0967470773751612,10.0,0.175583645604023,4.0,1.0,-6.313,0.580989004579269,,2000,False,False,False
483,2006,Russia,Former Socialist Bloc,Dima Bilan,Never Let You Go,Male,Solo,3,217,Away,Away,0,1.0,1,5.52588456541933,0.0980036297640653,0.919482313920411,180.2068,0.251355885733142,0.552904955737191,85.034,0.0631973109947996,7.0,0.412788487929765,4.0,0.0,-5.412,0.448510809478527,,2000,False,True,True
484,2006,Turkey,Independent,Sibel Tzn,Sper Star,Female,Solo,8,91,Away,Away,0,1.0,0,2.49091620179526,0.0412885662431942,,,,,,,,,,,,,,2000,False,False,True
485,2006,Ukraine,Former Socialist Bloc,Tina Karol,Show Me Your Love,Female,Solo,7,146,Away,Away,0,1.0,1,3.83429628977917,0.0662431941923775,,,,,,,,,,,,,5.77092105263,2000,False,False,True
486,2006,Finland,Scandinavia,Lordi,Hard Rock Hallelujah,Male,Group,1,292,Away,Away,0,1.0,1,7.91241452714401,0.132486388384755,0.948509357782067,247.2,0.0185916931860617,0.549882181800374,123.033,0.0482048251471118,8.0,0.138220361185361,4.0,1.0,-4.041,0.530165773463636,,2000,True,True,True
487,2006,Netherlands,Western Europe,Treble,Amambanda,,,20,22,Away,Home,0,1.0,1,0.538908855099622,0.00998185117967332,0.874448701322973,189.5571,0.00199807638058551,0.706663735572416,102.981,0.0724884431942069,4.0,0.312011511313761,4.0,0.0,-6.17,0.694538916774707,,2000,False,False,False
488,2006,Lithuania,Former Socialist Bloc,LT United,We Are The Winners,Male,Group,5,163,Away,Away,0,1.0,1,4.52935972007081,0.073956442831216,0.702818150762176,151.53333,0.00958558121816326,0.733670637472783,129.998,0.0692466701351317,10.0,0.0721363583073448,4.0,0.0,-6.27,0.87957280854707,5.73403225806,2000,False,False,True
489,2006,Portugal,Western Europe,Nonstop,Coisas de nada,,,19,26,Away,Home,0,1.0,1,0.614756994360274,0.0117967332123412,0.860506164560317,178.70322,0.0384910098264124,0.643166541260055,74.024,0.162278414529468,6.0,0.300614054448566,4.0,1.0,-7.423,0.50183190030829,,2000,False,False,False
490,2006,Sweden,Scandinavia,Carola,Invincible,Female,Solo,4,214,Away,Away,0,1.0,1,5.71238520383683,0.0970961887477314,0.901847072484191,445.75302,0.00175100463773392,0.669866526734427,130.993,0.0443222874745373,1.0,0.0398387588596479,4.0,1.0,-5.264,0.86661684634349,5.93535714286,2000,False,False,True
491,2006,Estonia,Former Socialist Bloc,Sandra Oxenryd,Through My Window,,,18,28,Away,Away,0,1.0,1,0.848047748254144,0.0127041742286751,0.939270232223776,182.32,0.00437436033753366,0.603332076312098,141.979,0.0279389331106575,3.0,0.509405976023506,4.0,1.0,-3.321,0.644752728022094,,2000,False,False,False
492,2006,Bosnia and Herzegovina,Former Yugoslavia,Hari Mata Hari,Lejla,Male,Group,2,267,Away,Away,0,1.0,0,7.25066745674122,0.121143375680581,0.626817462424985,191.17379,0.0580364363195455,0.348795264874333,81.17,0.0375750219048957,6.0,0.975524471516566,3.0,0.0,-4.494,0.202941113901221,5.19555555556,2000,False,True,True
493,2006,Iceland,Scandinavia,Silvia Night,Congratulations,,,13,62,Away,Away,0,1.0,1,1.75916833402726,0.0281306715063521,0.834192960897268,181.53315,0.13708858169254,0.700128164513597,90.016,0.0600287926828079,6.0,0.569893799420077,4.0,0.0,-5.514,0.926005480738129,,2000,False,False,False
494,2005,Austria,Western Europe,Global.Kryner,Y as,,,21,30,Away,Away,0,1.0,1,0.680927264066584,0.013262599469496,,,,,,,,,,,,,,2000,False,False,False
495,2005,Lithuania,Former Socialist Bloc,Laura and The Lovers,Little by Little,,,25,17,Away,Home,0,1.0,1,0.577736323644535,0.00751547303271441,,,,,,,,,,,,,,2000,False,False,False
496,2005,Portugal,Western Europe,2B,Amar,,,17,51,Away,Away,0,1.0,1,1.1761155889912,0.0225464190981432,,,,,,,,,,,,,,2000,False,False,False
497,2005,Moldova,Former Socialist Bloc,Zdob ?i Zdub,Boonika bate doba,Male,Group,2,207,Away,Home,0,1.0,1,5.53957182665478,0.0915119363395226,0.90353904130345,239.50667,0.00682639938945545,0.489460433906907,87.267,0.0402385560001012,9.0,0.227271391412963,4.0,1.0,-5.209,0.328386976249985,,2000,False,True,True
498,2005,Latvia,Former Socialist Bloc,Walters and Kazha,The War Is Not Over,Male,Group,10,85,Away,Home,0,1.0,1,2.22072977100263,0.0375773651635721,0.601029414485813,177.02667,0.626087390584366,0.753754576786844,104.978,0.025652236180913,0.0,0.136981161193198,4.0,1.0,-4.766,0.706140579327569,5.28580152672,2000,False,False,True
499,2005,Monaco,Western Europe,Lise Darly,Tout de moi,,,24,22,Away,Away,0,1.0,0,0.669210803704282,0.00972590627763042,0.435675137173012,215.94667,0.627854676677842,0.359013399899476,75.394,0.0311159847169636,11.0,0.108057222396591,4.0,1.0,-6.163,0.139067495884528,,2000,False,False,False
500,2005,Israel,Independent,Shiri Maimon,Hasheket Shenish'ar,Female,Solo,7,158,Away,Away,0,1.0,1,4.28801755001896,0.0698496905393457,0.662122718591969,181.34667,0.520315134726206,0.536614179219801,75.014,0.0289597063419959,5.0,0.0957554132382771,4.0,0.0,-6.313,0.678389286511407,,2000,False,False,True
501,2005,Belarus,Former Socialist Bloc,Angelica Agurbash,Love Me Tonight,,,13,67,Away,Home,0,1.0,1,1.9049239696557,0.0296198054818744,,,,,,,,,,,,,,2000,False,False,False
502,2005,Netherlands,Western Europe,Glennis Grace,My Impossible Dream,,,14,53,Away,Away,0,1.0,1,1.54651289214534,0.0234305923961096,0.502057896658615,165.29805,0.0405183843403743,0.454962802121223,135.609,0.033126595304669,3.0,0.13508603110973,4.0,1.0,-9.671,0.282162355871054,,2000,False,False,False
503,2005,Iceland,Scandinavia,Selma,If I Had Your Love,,,16,52,Away,Away,0,1.0,1,1.31637967998752,0.0229885057471264,0.668886068964373,193.52925,0.0063689696722485,0.499247083420858,149.721,0.0574603135622888,1.0,0.357629392387041,4.0,1.0,-6.164,0.283663428014137,,2000,False,False,False
504,2005,Belgium,Western Europe,Nuno Resende,Le grand soir,,,22,29,Away,Away,0,1.0,0,0.878899356880712,0.0128205128205128,0.319475936061685,181.66966,0.913705266592773,0.193522886046939,73.699,0.0375848247374954,3.0,0.123258001663812,4.0,1.0,-11.563,0.0218382232127131,,2000,False,False,False
505,2005,Estonia,Former Socialist Bloc,Suntribe,Let's Get Loud,,,20,31,Away,Home,0,1.0,1,0.821205380272537,0.0137046861184792,,,,,,,,,,,,,,2000,False,False,False
506,2005,Norway,Scandinavia,Wig Wam,In My Dreams,Male,Group,6,164,Away,Away,0,1.0,1,4.24908871759384,0.0725022104332449,0.780855419433983,183.94231,0.166150058075526,0.429884311738295,126.042,0.0450356560499777,4.0,0.167047549040174,4.0,0.0,-5.72,0.454281825124459,5.50442622951,2000,False,False,True
507,2005,Romania,Former Socialist Bloc,Lumini?a Anghel and Sistem,Let Me Try,Female,Solo,1,235,Away,Home,0,1.0,1,6.07626790619214,0.103890362511052,,,,,,,,,,,,,,2000,True,True,True
508,2005,Hungary,Former Socialist Bloc,NOX,"Forogj, vil_g!",Both,Group,5,167,Away,Home,0,1.0,0,4.36156577502851,0.0738284703801945,0.880630022223956,396.77333,0.17356519680235,0.412664897304611,144.843,0.408260161334631,11.0,0.696317906096585,4.0,0.0,-8.261,0.451118415439908,5.2947826087,2000,False,False,True
509,2005,Finland,Scandinavia,Geir RÓnning,Why?,,,18,50,Away,Away,0,1.0,1,1.18105739493042,0.02210433244916,0.584192233298562,182.61333,0.0300847657600266,0.656860540023661,75.003,0.0402353201281337,8.0,0.148380934349264,4.0,0.0,-6.415,0.262641458627637,,2000,False,False,False
510,2005,Macedonia,Former Yugoslavia,Martin Vu?i?,Make My Day,Male,Solo,9,97,Away,Away,0,1.0,1,2.55838904630712,0.0428824049513705,,,,,,,,,,,,,,2000,False,False,True
511,2005,Andorra,Western Europe,Marian van de Wal,La mirada interior,,,23,27,Away,Away,0,1.0,0,0.457393072246866,0.0119363395225464,,,,,,,,,,,,,,2000,False,False,False
512,2005,Switzerland,Western Europe,Vanilla Ninja,Cool Vibes,Female,Group,8,114,Away,Away,0,1.0,1,2.87234486218915,0.0503978779840849,0.663860146067522,247.73333,0.0374576754148415,0.512192122869977,127.049,0.0629262750162941,4.0,0.0628813066969021,4.0,0.0,-6.553,0.247399387586464,5.28797619048,2000,False,False,True
513,2005,Croatia,Former Yugoslavia,Boris Novkovi? feat. Lado Members,Vukovi umiru sami,Male,Solo,4,169,Away,Away,0,1.0,0,4.42557396297056,0.0747126436781609,0.797358955397309,181.55102,0.069534651969806,0.317649213869955,80.048,0.0896696763464622,2.0,0.798499989143654,3.0,0.0,-6.635,0.265054655450316,,2000,False,False,True
514,2005,Bulgaria,Former Socialist Bloc,Kaffe,Lorraine,,,19,49,Away,Home,0,1.0,1,1.33805789634487,0.0216622458001768,0.637519606907562,187.74667,0.634927131421849,0.490176749059524,74.027,0.0814937422601591,2.0,0.206031736855321,4.0,0.0,-5.82,0.311033234132486,,2000,False,False,False
515,2005,Ireland,Independent,Donna and Joe,Love?,,,14,53,Away,Away,0,1.0,1,1.37549593077811,0.0234305923961096,0.522202571166939,189.40327,0.287374778373185,0.71779618962953,91.519,0.0251690802088014,7.0,0.0855644632459529,4.0,1.0,-10.096,0.856688852193012,,2000,False,False,False
516,2005,Slovenia,Former Yugoslavia,Omar Naber,Stop,,,12,69,Away,Away,0,1.0,0,1.79663659343346,0.0305039787798408,0.582808626316832,180.32,0.337918115018529,0.553415521546371,143.904,0.0251578131866653,11.0,0.126999426274451,4.0,1.0,-6.676,0.269414682324708,,2000,False,False,False
517,2005,Denmark,Scandinavia,Jakob Sveistrup,Talking to You,Male,Solo,3,185,Away,Away,0,1.0,1,4.74929487837439,0.0817860300618921,0.732815563359826,183.60272,0.109408438507339,0.643914774509765,87.017,0.0465822676687798,0.0,0.144226688377099,4.0,1.0,-5.813,0.644188424036622,5.58707482993,2000,False,True,True
518,2005,Poland,Former Socialist Bloc,Ivan and Delfin,Czarna dziewczyna,,,11,81,Away,Home,0,1.0,0,2.31288651058419,0.0358090185676393,,,,,,,,,,,,,,2000,False,False,False
519,2004,Finland,Scandinavia,Jari Sillanp††,Takes 2 To Tango,,,14,51,Away,Away,0,1.0,1,1.48950786521676,0.0266457680250784,0.916260420166088,179.65333,0.00901420854114945,0.706676579118713,138.008,0.0541568516437922,9.0,0.143299209127831,4.0,0.0,-4.699,0.650756072862916,,2000,False,False,False
520,2004,Belarus,Former Socialist Bloc,Aleksandra and Konstantin,My Galileo,,,19,10,Away,Away,0,1.0,1,0.780534875018253,0.00522466039707419,,,,,,,,,,,,,,2000,False,False,False
521,2004,Switzerland,Western Europe,Piero and the MusicStars,Celebrate,,,22,0,Away,Away,0,1.0,1,-0.424199601431216,0.0,,,,,,,,,,,,,,2000,False,False,False
522,2004,Latvia,Former Socialist Bloc,Fomins and Kleins,Dziesma par laimi,,,17,23,Away,Away,0,1.0,0,0.768804596488251,0.0120167189132706,0.741610855571106,177.24,0.0405587475517387,0.64793937855794,104.936,0.0403637854126691,4.0,0.131498736355276,4.0,1.0,-6.334,0.666520368800432,,2000,False,False,False
523,2004,Israel,Independent,David D'Or,Leha'amin,,,11,57,Away,Away,0,1.0,1,1.98144785007592,0.0297805642633229,,,,,,,,,,,,,,2000,False,False,False
524,2004,Andorra,Western Europe,Marta Roure,Jugarem a estimar-nos,,,18,12,Away,Away,0,1.0,0,0.0315168764787923,0.00626959247648903,0.915602702450654,179.78667,0.0444987103651936,0.684797390725243,131.945,0.0282325014662454,6.0,0.0584951529223121,4.0,1.0,-3.69,0.880460467978902,,2000,False,False,False
525,2004,Portugal,Western Europe,Sofia Vit¢ria,Foi magia,,,15,38,Away,Away,0,1.0,0,1.13189281780604,0.0198537095088819,0.573718789131493,178.30195,0.0508370354836805,0.515756493615631,109.885,0.0483751621900324,4.0,0.125873323831989,4.0,1.0,-8.208,0.615009719730074,,2000,False,False,False
526,2004,Malta,Western Europe,Julie and Ludwig,On Again... Off Again,Both,Group,8,74,Away,Away,0,1.0,1,2.25550502213014,0.038662486938349,,,,,,,,,,,,,5.48558282209,2000,False,False,True
527,2004,Monaco,Western Europe,Maryon,Notre plan_te,,,19,10,Away,Away,0,1.0,0,0.141277284304424,0.00522466039707419,,,,,,,,,,,,,,2000,False,False,False
528,2004,Greece,Western Europe,Sakis Rouvas,Shake It,Male,Solo,3,238,Away,Away,0,1.0,1,7.51112041389691,0.124346917450366,0.926672990701743,179.21161,0.00216820850778648,0.71777167033355,113.039,0.0460631861376504,2.0,0.110225539024165,4.0,1.0,-4.909,0.771430321848521,5.46479041916,2000,False,True,True
529,2004,Ukraine,Former Socialist Bloc,Ruslana,Wild Dances,Female,Solo,2,256,Away,Away,0,1.0,1,8.43509175714757,0.133751306165099,0.775246205041318,182.74494,0.00644587448887172,0.696340370112074,85.964,0.0443881081942196,2.0,0.0784146214081157,4.0,1.0,-9.145,0.89078099643113,5.55301886792,2000,False,True,True
530,2004,Lithuania,Former Socialist Bloc,Linas and Simona,What's Happened To Your Love?,,,16,26,Away,Away,0,1.0,1,1.09623727878966,0.0135841170323929,,,,,,,,,,,,,,2000,False,False,False
531,2004,Albania,Former Socialist Bloc,Anjeza Shahini,The Image of You,Female,Solo,4,167,Away,Away,0,1.0,1,4.90116989696589,0.087251828631139,,,,,,,,,,,,,5.561375,2000,False,False,True
532,2004,Cyprus,Independent,Lisa Andreas,Stronger Every Minute,Female,Solo,5,149,Away,Away,0,1.0,1,4.80411666746248,0.0778474399164054,,,,,,,,,,,,,5.61344827586,2000,False,False,True
533,2004,Macedonia,Former Yugoslavia,To?e Proeski,Life,Male,Solo,10,71,Away,Away,0,1.0,1,2.20091402000097,0.0370950888192267,0.938486470876376,181.73333,0.392504622185949,0.726625939868963,136.023,0.0794113700415406,9.0,0.115993208179355,1.0,0.0,-3.548,0.699185249878323,,2000,False,False,True
534,2004,Slovenia,Former Yugoslavia,Platin,Stay Forever,,,21,5,Away,Away,0,1.0,1,0.0100820414672085,0.0026123301985371,,,,,,,,,,,,,,2000,False,False,False
535,2004,Estonia,Former Socialist Bloc,Neiok_s_,Tii,,,11,57,Away,Away,0,1.0,0,1.80396496359086,0.0297805642633229,,,,,,,,,,,,,,2000,False,False,False
536,2004,Croatia,Former Yugoslavia,Ivan Mikuli?,You Are The Only One,Male,Solo,9,72,Away,Away,0,1.0,1,2.13557802477637,0.0376175548589342,,,,,,,,,,,,,,2000,False,False,True
537,2004,Denmark,Scandinavia,Thomas Thordarson,Shame on You,,,13,56,Away,Away,0,1.0,1,1.45939188155633,0.0292580982236155,,,,,,,,,,,,,,2000,False,False,False
538,2004,Serbia and Montenegro,Former Yugoslavia,?eljko Joksimovi?,Lane moje,Male,Solo,1,263,Away,Away,0,1.0,0,8.34741322375219,0.137408568443051,,,,,,,,,,,,,,2000,True,True,True
539,2004,Bosnia and Herzegovina,Former Yugoslavia,Deen,In The Disco,Male,Solo,7,133,Away,Away,0,1.0,1,4.01796681494683,0.0694879832810867,0.897901614187031,176.28544,0.017778640079871,0.473193865505289,133.953,0.124436746714225,1.0,0.562067912796185,4.0,1.0,-4.562,0.891231094789373,5.43122807018,2000,False,False,True
540,2004,Netherlands,Western Europe,Re-Union,Without You,Male,Group,6,146,Away,Away,0,1.0,1,4.46128085005155,0.0762800417972832,,,,,,,,,,,,,,2000,False,False,True
541,2011,Sweden,Scandinavia,Eric Saade,Popular,,,1,155,Away,Away,0,1.0,1,7.61298353950004,0.12109375,0.972226674542489,180.00045,0.0120416476845548,0.536862635357874,125.044,0.100881416435072,9.0,0.103155018420018,4.0,1.0,-4.05,0.370157124439689,5.67437956204,2010,True,True,True
542,2011,Denmark,Scandinavia,A Friend In London,New Tomorrow,,,2,135,Away,Away,0,1.0,1,6.36266805163636,0.10546875,0.763007837166501,180.44458,0.2523856528521,0.487463690967139,147.288,0.0314096168624743,7.0,0.0862920271460128,4.0,1.0,-5.804,0.484062575432585,5.44760869565,2010,False,True,True
543,2011,Slovenia,Former Yugoslavia,Maja Keuc,No One,,,3,112,Away,Away,0,1.0,1,5.14558076128263,0.0875,0.809255571512758,181.98667,0.0274450827917788,0.416043534166364,88.213,0.0344306510960478,1.0,0.121730319970455,4.0,1.0,-3.279,0.309832384586753,5.58,2010,False,True,True
544,2011,Romania,Former Socialist Bloc,Hotel FM,Change,,,4,111,Away,Away,0,1.0,1,5.25946006820501,0.08671875,0.786955933321933,184.34567,0.1849488356541,0.679273786102945,139.971,0.0372224418195124,2.0,0.0687489346257746,4.0,1.0,-4.549,0.524795721576406,5.45017857143,2010,False,False,True
545,2011,Bosnia and Herzegovina,Former Yugoslavia,Dino Merlin,Love In Rewind,,,5,109,Away,Away,0,1.0,1,5.18039094734946,0.08515625,0.730684593818967,175.93424,0.300410859290965,0.408066952675379,168.48,0.0579974554494351,6.0,0.0563801831384357,4.0,0.0,-6.793,0.497393815584489,5.60520547945,2010,False,False,True
546,2011,Ukraine,Former Socialist Bloc,Mika Newton,Angel,,,6,81,Away,Away,0,1.0,1,3.90855923905718,0.06328125,,,,,,,,,,,,,,2010,False,False,True
547,2011,Austria,Western Europe,Nadine Beiler,The Secret Is Love,,,7,69,Away,Home,0,1.0,1,3.20948752210957,0.05390625,0.426524424742884,186.21293,0.131120777354093,0.544610664275675,122.659,0.0332350315764476,2.0,0.1025924718072,4.0,1.0,-8.659,0.0469563337490966,5.65038461538,2010,False,False,True
548,2011,Ireland,Independent,Jedward,Lipstick,,,8,68,Away,Away,0,1.0,1,3.09926369027544,0.05625,0.859096396343118,174.93868,0.0166510429770663,0.618349881208333,138.049,0.0666229287905655,8.0,0.280766501991708,4.0,1.0,-5.483,0.714611869044601,5.44886597938,2010,False,False,True
549,2011,Estonia,Former Socialist Bloc,Getter Jaani,Rockefeller Street,,,9,60,Away,Away,0,1.0,1,2.60312613493716,0.046875,0.887229528620897,192.9927,0.22798561113851,0.801491342835274,130.163,0.0610735651803435,3.0,0.0900760839471907,4.0,0.0,-3.86,0.809916044518106,5.5620979021,2010,False,False,True
550,2011,Moldova,Former Socialist Bloc,Zdob _i Zdub,So Lucky,,,10,54,Away,Away,0,1.0,1,2.2399828095071,0.0421875,0.895313258487157,229.74667,0.00211699984185942,0.737449923142412,148.008,0.0568265978534409,4.0,0.102544576397005,4.0,0.0,-4.338,0.716365987473397,,2010,False,False,True
551,2011,Belgium,Western Europe,Witloof Bay,With Love Baby,,,11,53,Away,Home,0,1.0,1,2.65810444965954,0.04140625,0.681550313780248,178.01333,0.44294919241226,0.780319892605993,88.095,0.292332183138036,0.0,0.12953564609724,4.0,0.0,-7.45,0.745449597526473,,2010,False,False,False
552,2011,Bulgaria,Former Socialist Bloc,Poli Genova,Na Inat,,,12,48,Away,Away,0,1.0,0,2.53720093978886,0.0375,0.852036516750919,185.3122,0.193044466879562,0.596855297265627,84.997,0.0637039436531554,4.0,0.0830432537219356,4.0,0.0,-3.973,0.451710166794655,,2010,False,False,False
553,2011,Slovakia,Former Socialist Bloc,TWiiNS,I'm Still Alive,,,13,48,Away,Away,0,1.0,1,2.03226397287148,0.0375,0.752573304091978,182.53297,0.701895322653397,0.500845981374766,86.97,0.0267504007746572,9.0,0.0751437892065502,4.0,1.0,-3.519,0.688518739546922,,2010,False,False,False
554,2011,Belarus,Former Socialist Bloc,Anastasiya Vinnikova,I Love Belarus,,,14,45,Away,Away,0,1.0,1,2.43123831377806,0.03515625,0.974923218378915,182.88281,0.0206747805832459,0.595610671920826,133.994,0.0495187601375152,7.0,0.229286620044329,4.0,0.0,-2.524,0.671528562323535,,2010,False,False,False
555,2011,Israel,Independent,Dana International,Ding Dong,,,15,38,Away,Away,0,1.0,1,1.82994582521752,0.0296875,0.872209286526352,170.06249,0.0571446428890114,0.650107360141855,127.955,0.0357444876814591,1.0,0.237988894892349,5.0,1.0,-5.269,0.732894522910414,,2010,False,False,False
556,2011,Macedonia,Former Yugoslavia,Vlatko Ilievski,Rusinka,,,16,36,Away,Away,0,1.0,0,1.93488466901752,0.028125,0.939594951084525,176.87465,0.0775785583277229,0.661161277651975,134.98,0.0954784324826522,9.0,0.186635559475232,4.0,1.0,-5.39,0.54886233649702,,2010,False,False,False
557,2011,Latvia,Former Socialist Bloc,Musiqq,Angel In Disguise,,,17,25,Away,Away,0,1.0,1,1.00967612216762,0.01953125,0.778498355555521,185.26667,0.0141768889762062,0.647256777590373,125.082,0.0425465378742522,5.0,0.0683302799349898,4.0,1.0,-5.258,0.788755065808609,,2010,False,False,False
558,2011,Cyprus,Independent,Christos Mylordos,San Aggelos SAgapisa,,,18,16,Away,Away,0,1.0,0,1.0350325304989,0.0125,0.647579248572836,181.44608,0.167737442191979,0.535332587814847,80.792,0.0455857676493547,4.0,0.25286890429725,4.0,0.0,-8.789,0.243332854941545,,2010,False,False,False
559,2011,Netherlands,Western Europe,3JS,Never Alone,,,19,13,Away,Home,0,1.0,1,0.804849419571634,0.01015625,0.832092217413393,179.69587,0.0117541658533562,0.42553075374764,97.741,0.0325226326166895,0.0,0.218504325983743,4.0,1.0,-6.603,0.454548015551043,,2010,False,False,False
560,2011,Greece,Western Europe,Loucas Yiorkas feat. Stereo Mike,Watch My Dance,,,1,133,Away,Home,0,2.0,1,6.18431385676364,0.109195402298851,0.880264028364849,183.02803,0.0198255158209147,0.552094843557741,134.074,0.0490899967879054,10.0,0.0595346685297908,4.0,0.0,-4.861,0.53481693926081,,2010,True,True,True
561,2011,Azerbaijan,Former Socialist Bloc,Ell & Nikki,Running Scared,,,2,122,Away,Away,0,2.0,1,5.59049683384975,0.100164203612479,0.745659542051355,180.63628,0.00761606489524646,0.461092177966933,85.954,0.0281112239245312,0.0,0.360655745304641,4.0,1.0,-4.342,0.246462797132993,4.99243243243,2010,False,True,True
562,2011,Finland,Scandinavia,Paradise Oskar,Da Da Dam,,,3,103,Away,Away,0,2.0,1,5.32853744650459,0.0845648604269294,0.489864199008169,186.04363,0.212550087451536,0.522970023697719,72.995,0.0290982999808185,2.0,0.0984847771143038,4.0,1.0,-9.076,0.251625624632487,5.41027027027,2010,False,True,True
563,2011,Iceland,Scandinavia,Sjonni's Friends,Coming Home,,,4,100,Away,Away,0,2.0,1,5.08633290387563,0.0821018062397373,0.736805402758948,182.16127,0.0310181781986207,0.636703431040687,91.951,0.0334788228565276,11.0,0.158000981768972,4.0,0.0,-6.284,0.793900179955489,,2010,False,False,True
564,2011,Lithuania,Former Socialist Bloc,Evelina Sa_enko,C'est Ma Vie,,,5,81,Away,Away,0,2.0,1,3.93886186264163,0.0665024630541872,0.279968658186769,185.86077,0.178900949827968,0.317328350854657,81.882,0.031227338870393,9.0,0.199249831473954,4.0,1.0,-9.742,0.0561782058857952,,2010,False,False,True
565,2011,Georgia,Former Socialist Bloc,Eldrine,One More Day,,,6,74,Away,Away,0,2.0,1,3.14374329694432,0.0607553366174056,0.833997770155496,180.16608,0.0702863500777689,0.623485400747459,116.062,0.0601926146684326,8.0,0.0759700029224484,4.0,1.0,-8.23,0.636663247526042,5.23396396396,2010,False,False,True
566,2011,Hungary,Former Socialist Bloc,Kati Wolf,What About My Dreams?,,,7,72,Away,Away,0,2.0,1,3.45779030443522,0.0591133004926108,0.932715966052736,249.97986,0.127262280139864,0.510918756170786,126.004,0.0919024988484877,4.0,0.0838459944174131,4.0,0.0,-4.193,0.445683925329538,5.25643564356,2010,False,False,True
567,2011,Serbia,Former Yugoslavia,Nina,_aroban,,,8,67,Away,Away,0,2.0,0,3.44868771911027,0.055008210180624,,,,,,,,,,,,,5.38615384615,2010,False,False,True
568,2011,Russia,Former Socialist Bloc,Alexej Vorobjov,Get You,,,9,64,Away,Away,0,2.0,1,2.77940337151129,0.0525451559934319,0.667963070386159,180.34893,0.0100816863868768,0.70611926643028,123.002,0.0495790284964712,2.0,0.63068347279148,4.0,1.0,-10.214,0.526087514951371,,2010,False,False,True
569,2011,Switzerland,Western Europe,Anna Rossinelli,In Love For A While,,,10,55,Away,Home,0,2.0,1,2.43438753492911,0.0451559934318555,0.385519832845091,168.94921,0.135950249517255,0.760114935024198,127.858,0.0374153820108081,9.0,0.0984713311357086,4.0,1.0,-6.974,0.74044006552176,5.51232,2010,False,False,True
570,2011,Malta,Western Europe,Glen Vella,One Life,,,11,54,Away,Home,0,2.0,1,2.50277199721724,0.0443349753694581,0.940941069603368,179.21333,0.0239179015070589,0.68548119621039,137.007,0.046579404700063,9.0,0.090217911454377,4.0,0.0,-2.93,0.729372140874603,,2010,False,False,False
571,2011,Armenia,Former Socialist Bloc,Emmy,Boom Boom,,,12,54,Away,Away,0,2.0,1,2.48660474079211,0.0443349753694581,0.503558964885433,179.11828,0.29727037817486,0.838726511580534,129.978,0.394679046520622,11.0,0.106989740917292,4.0,0.0,-7.433,0.914923115869418,,2010,False,False,False
572,2011,Turkey,Independent,Y™ksek Sadakat,Live It Up,,,13,47,Away,Away,0,2.0,1,1.8932110688772,0.0385878489326765,0.785536682305714,179.30404,0.0100569546702743,0.689096226137494,127.048,0.0449268909037832,1.0,0.230752393798574,4.0,0.0,-6.33,0.676431571813446,,2010,False,False,False
573,2011,Albania,Former Socialist Bloc,Aurela Gae,Feel The Passion,,,14,47,Away,Away,0,2.0,1,1.99878054744591,0.0385878489326765,0.255865486417487,235.77497,0.831849107155681,0.477604657714017,85.07,0.0401167493840241,8.0,0.110192261817101,4.0,0.0,-10.534,0.459611709810491,,2010,False,False,False
574,2011,Croatia,Former Yugoslavia,Daria,Celebrate,,,15,41,Away,Away,0,2.0,1,2.11736614416045,0.0336617405582923,0.915300038970991,181.34159,0.062572221684748,0.5598256402392,128.014,0.118094820210344,6.0,0.059154732273821,4.0,1.0,-5.247,0.771448654448928,,2010,False,False,False
575,2011,San Marino,Western Europe,Senit,Stand By,,,16,34,Away,Home,0,2.0,1,1.00894927178992,0.0279146141215107,0.586606164903147,179.87873,0.191569084454803,0.439279394893243,150.034,0.0324502077372769,5.0,0.291866220810998,4.0,1.0,-7.887,0.238098561169127,,2010,False,False,False
576,2011,Norway,Scandinavia,Stella Mwangi,Haba Haba,,,17,30,Away,Away,0,2.0,0,1.77812715420269,0.0246305418719212,0.924982759794514,179.67601,0.184909779882494,0.742515155733516,123.604,0.0274677070105677,7.0,0.329522738536532,4.0,1.0,-6.268,0.963773557419995,,2010,False,False,False
577,2011,Portugal,Western Europe,Homens Da Luta,Luta Û Alegria,,,18,22,Away,Home,0,2.0,0,1.73834488657646,0.0180623973727422,,,,,,,,,,,,,,2010,False,False,False
578,2011,Poland,Former Socialist Bloc,Magdalena Tul,Jestem,,,19,18,Away,Away,0,2.0,0,0.793916805447477,0.0147783251231527,0.935470695390422,181.65628,0.038296705857929,0.728630164606344,128.961,0.0939488124308069,8.0,0.342323319726523,4.0,1.0,-4.634,0.773507948551373,,2010,False,False,False
579,2012,Albania,Former Socialist Bloc,Rona Nishliu,Suus,,,2,146,Away,Home,0,1.0,0,6.52586782153372,0.119868637110016,0.280160592042823,184.43864,0.414719932643665,0.454157804896633,76.063,0.0330831785625401,10.0,0.141944533974092,3.0,0.0,-10.337,0.057194839094658,4.94105263158,2010,False,True,True
580,2012,Austria,Western Europe,Trackshittaz,Woki Mit Deim Popo,,,18,8,Away,Away,0,1.0,0,0.87513582425214,0.00656814449917898,0.839003160718289,177.34667,0.0723526929923484,0.859421838073538,121.007,0.0338207175986455,1.0,0.378187790660042,4.0,1.0,-2.636,0.908716003856706,,2010,False,False,False
581,2012,Belarus,Former Socialist Bloc,Litesound,We Are The Heroes,,,16,35,Away,Home,0,1.0,1,1.80238810494866,0.028735632183908,0.837130951583449,179.55374,0.0181351132420716,0.533525215803395,123.009,0.0261942817258712,11.0,0.0777119488030314,4.0,0.0,-7.258,0.661850929772892,,2010,False,False,False
582,2012,Belgium,Western Europe,Iris,Would You?,,,17,16,Away,Home,0,1.0,1,0.871804680281389,0.013136288998358,0.438639724473468,180.4419,0.199724142632344,0.56459797651349,109.033,0.0294544662589772,4.0,0.436786001680388,4.0,1.0,-7.783,0.33314245009187,,2010,False,False,False
583,2012,Bosnia and Herzegovina,Former Yugoslavia,Maya Sar,Korake ti znam,,,6,77,Away,Home,0,1.0,0,2.75165999039481,0.0632183908045977,0.340392609511709,181.77791,0.735758577303022,0.378632505278765,123.496,0.0323733311225181,9.0,0.243238574206179,4.0,1.0,-7.992,0.245919991382314,5.03161290323,2010,False,False,True
584,2012,Bulgaria,Former Socialist Bloc,Sofi Marinova,Love Unlimited,,,11,45,Away,Away,0,1.0,0,2.23266355957641,0.0369458128078818,0.802938280658561,180.51147,0.267944645424689,0.705045641815889,129.983,0.139560193263304,7.0,0.448677218248555,4.0,1.0,-6.366,0.808548530810322,,2010,False,False,False
585,2012,Croatia,Former Yugoslavia,Nina Badri_,Nebo,,,12,42,Away,Away,0,1.0,0,1.38478707298083,0.0344827586206897,,,,,,,,,,,,,,2010,False,False,False
586,2012,Cyprus,Independent,Ivi Adamou,La La Love,,,7,91,Away,Home,0,1.0,1,4.26329797722436,0.0747126436781609,0.745343860710335,182.47946,0.05746459087654,0.759732204403443,131.014,0.0400054428908689,9.0,0.123125590470982,4.0,1.0,-5.001,0.64507827256988,5.37829457364,2010,False,False,True
587,2012,Denmark,Former Socialist Bloc,Soluna Samay,Should've Known Better,,,9,63,Away,Away,0,1.0,1,3.33512289787957,0.0517241379310345,0.619905113145584,180.23293,0.0617975690932798,0.594269825214348,95.009,0.0329233492809828,8.0,0.104092419879651,4.0,1.0,-6.139,0.456759171938157,5.57282608696,2010,False,False,True
588,2012,Estonia,Scandinavia,Ott Lepland,Kuula,,,4,100,Away,Away,0,1.0,0,5.25403719490458,0.0821018062397373,0.408968316895781,261.02966,0.34407409752983,0.303590118268098,128.579,0.0336076662379271,5.0,0.096149116540744,4.0,1.0,-8.071,0.0863318830388434,5.45870967742,2010,False,False,True
589,2012,Finland,Former Socialist Bloc,Pernilla,N_r Jag Blundar,,,12,41,Away,Home,0,1.0,0,2.17774740279054,0.0336617405582923,0.508617682319422,193.12327,0.851336181276699,0.645715600346431,84.925,0.037905368074704,4.0,0.100525263031538,3.0,0.0,-8.158,0.772204402487456,,2010,False,False,False
590,2012,Georgia,Scandinavia,Anri Jokhadze,I'm A Joker,,,14,36,Away,Away,0,1.0,1,1.87314508242701,0.0295566502463054,0.798774401269652,181.06884,0.00709989092461505,0.770894553669332,116.022,0.0515076911272354,10.0,0.0846436271941765,4.0,0.0,-5.606,0.516277024656541,,2010,False,False,False
591,2012,Greece,Western Europe,Eleftheria Eleftheriou,Aphrodisiac,,,4,116,Away,Home,0,1.0,1,5.00099865439745,0.0952380952380952,0.90293375196018,179.60599,0.0070112051271458,0.636466229822884,109.991,0.0360232629896942,4.0,0.326391955606821,4.0,0.0,-3.323,0.742565988414697,5.4739869281,2010,False,False,True
592,2012,Hungary,Former Socialist Bloc,Compact Disco,Sound Of Our Hearts,,,10,52,Away,Away,0,1.0,1,2.2398206524238,0.0426929392446634,0.822859222542108,180.01333,0.00930913011465518,0.445287018215174,80.024,0.0355630333336002,2.0,0.131495018454989,4.0,1.0,-4.677,0.425003021815087,5.37985507246,2010,False,False,True
593,2012,Iceland,Scandinavia,Greta Salãme & Jãnsi,Never Forget,,,8,75,Away,Away,0,1.0,1,3.51806244836857,0.061576354679803,0.72379803265742,180.66576,0.0266058168218934,0.55979692048543,101.299,0.0284231838989769,5.0,0.0481894244151075,3.0,0.0,-4.132,0.720966885845327,,2010,False,False,True
594,2012,Ireland,Independent,Jedward,Waterline,,,6,92,Away,Home,0,1.0,1,4.83084953135587,0.0755336617405583,0.450955409260997,185.34354,0.0921558737030397,0.629734434504693,144.044,0.0394651223919967,10.0,0.0398309254007369,3.0,1.0,-16.252,0.39201521154446,5.2877027027,2010,False,False,True
595,2012,Israel,Independent,Izabo,Time,,,13,33,Away,Away,0,1.0,1,1.4795874034757,0.0270935960591133,0.871929808226639,177.46395,0.0151549756881616,0.514036503720202,130.008,0.0366876505361354,11.0,0.116911133756055,4.0,1.0,-4.337,0.455237578730779,,2010,False,False,False
596,2012,Latvia,Former Socialist Bloc,Anmary,Beautiful Song,,,16,17,Away,Away,0,1.0,1,0.960781878779954,0.0139573070607553,,,,,,,,,,,,,,2010,False,False,False
597,2012,Lithuania,Former Socialist Bloc,Donny Montell,Love Is Blind,,,3,104,Away,Away,0,2.0,1,5.11917883551555,0.0853858784893268,0.553402278401139,183.99166,0.386604174436922,0.45108522526619,124.09,0.0501503445579107,3.0,0.115215005282941,4.0,0.0,-7.872,0.453867426653113,5.47173553719,2010,False,True,True
598,2012,Macedonia,Former Yugoslavia,Kaliopi,Crno I Belo,,,9,53,Away,Home,0,2.0,0,1.97719340199265,0.0435139573070608,0.561371722207179,180.36354,0.454026917823795,0.654112941133483,130.009,0.0386464484272558,2.0,0.103005610440774,4.0,0.0,-10.38,0.0560074680161111,5.397,2010,False,False,True
599,2012,Malta,Western Europe,Kurt Calleja,This Is The Night,,,7,70,Away,Home,0,2.0,1,3.5091878668762,0.0574712643678161,0.925031396634652,181.43188,0.0805211719234614,0.543810834219564,121.993,0.0438954220475792,0.0,0.17783130568392,4.0,1.0,-2.805,0.723856095923449,5.21663157895,2010,False,False,True
600,2012,Moldova,Former Socialist Bloc,Pasha Parfeny,L_utar,,,5,100,Away,Away,0,2.0,1,4.71055421488134,0.0821018062397373,0.852041584561041,183.5766,0.0373843413615448,0.709004254950038,107.008,0.0362705750118113,7.0,0.478437307865476,4.0,0.0,-5.579,0.767818294065483,,2010,False,False,True
601,2012,Montenegro,Former Yugoslavia,Rambo Amadeus,Euro Neuro,,,15,20,Away,Away,0,2.0,1,1.37061331989715,0.0164203612479475,0.822039869693967,180.41578,0.0199726214767767,0.753231774907318,115.077,0.0732458792272477,9.0,0.265541750684431,4.0,1.0,-7.128,0.514398229352692,,2010,False,False,False
602,2012,Netherlands,Western Europe,Joan Franka,You And Me,,,15,35,Away,Home,0,2.0,1,1.79759313106199,0.028735632183908,0.70099663012301,180.33741,0.00409112344690936,0.608763370688726,97.991,0.0254749147883581,6.0,0.160109777819879,4.0,1.0,-8.02,0.521486072360084,,2010,False,False,False
603,2012,Norway,Scandinavia,Tooji,Stay,,,10,45,Away,Away,0,2.0,1,2.37478171722241,0.0369458128078818,0.846970058529071,177.1678,0.0128952480613286,0.567797629741003,127.013,0.114415216386562,5.0,0.323531014960349,4.0,1.0,-5.49,0.55030284404088,5.48666666667,2010,False,False,True
604,2012,Portugal,Former Socialist Bloc,Filipa Sousa,Vida Minha,,,13,39,Away,Away,0,2.0,0,2.21918369511709,0.0320197044334975,0.852994081017998,176.65333,0.790670396787776,0.561614900541896,108.061,0.0743489227551139,10.0,0.159227358747347,4.0,0.0,-4.473,0.412032837308332,,2010,False,False,False
605,2012,Romania,Western Europe,Mandinga,Zaleilah,,,3,120,Away,Away,0,2.0,1,5.44612483973517,0.0985221674876847,0.82145398868041,219.07701,0.0212119158853977,0.679069551105116,126.983,0.0475057581965326,2.0,0.31660130665142,4.0,0.0,-5.42,0.822045218903846,5.48585365854,2010,False,True,True
606,2012,Russia,Former Socialist Bloc,Buranovskiye Babushki,Party For Everybody,,,1,152,Away,Home,0,2.0,1,7.82046709129847,0.124794745484401,0.805853739445095,171.92599,0.131378164718618,0.480666872877675,125.977,0.0397884762505549,7.0,0.333005798092051,4.0,1.0,-6.661,0.827995323752096,5.21443037975,2010,True,True,True
607,2012,San Marino,Western Europe,Valentina Monetta,The Social Network Song (Oh Oh _ Uh - Oh Oh),,,14,31,Away,Away,0,2.0,1,1.33376224718528,0.0254515599343186,0.775459491427799,260.62503,0.0312645867632745,0.791794332981522,127.989,0.0526668651604927,8.0,0.0513097379331545,4.0,0.0,-5.425,0.631289599952661,,2010,False,False,False
608,2012,Serbia,Former Yugoslavia,_eljko Joksimovi_,Nije Ljubav Stvar,,,2,159,Away,Home,0,2.0,0,6.89460523558975,0.130541871921182,,,,,,,,,,,,,,2010,False,True,True
609,2012,Slovakia,Former Socialist Bloc,Max Jason Mai,Don't Close Your Eyes,,,18,22,Away,Away,0,2.0,1,1.16457720665159,0.0180623973727422,0.986192775594019,180.46803,0.0548258660599211,0.445091440655661,160.311,0.0851494102014057,4.0,0.112073684968625,4.0,1.0,-5.591,0.30725310449493,,2010,False,False,False
610,2012,Slovenia,Former Yugoslavia,Eva Boto,Verjamem,,,17,31,Away,Away,0,2.0,0,1.00004839046199,0.0254515599343186,0.665150891387478,185.99138,0.0055147060360863,0.640833405936393,131.987,0.0669989085315815,5.0,0.655876120139771,4.0,0.0,-8.679,0.344423869787653,,2010,False,False,False
611,2012,Sweden,Scandinavia,Loreen,Euphoria,,,1,181,Away,Home,0,2.0,1,9.20554792655924,0.148604269293924,0.64994171797638,214.16599,0.714239544305953,0.322560842252411,132.171,0.0412784454987743,6.0,0.0571584934844045,4.0,0.0,-6.081,0.242733913247288,5.53404255319,2010,True,True,True
612,2012,Switzerland,Western Europe,Sinplus,Unbreakable,,,11,45,Away,Away,0,2.0,1,2.49207611359338,0.0369458128078818,0.945106834099763,188.77497,0.0204245356411599,0.505398221993904,143.935,0.0432084795669633,7.0,0.0882009690599632,4.0,1.0,-3.982,0.493807330975873,,2010,False,False,False
613,2012,Turkey,Independent,Can Bonomo,Love Me Back,,,5,80,Away,Away,0,2.0,1,3.87610122219701,0.0656814449917898,0.942646491479531,182.89741,0.0248585657507472,0.716795836249071,102.007,0.0422354193022846,4.0,0.323675002303427,4.0,1.0,-6.702,0.736229034551717,5.96046511628,2010,False,False,True
614,2012,Ukraine,Former Socialist Bloc,Gaitana,Be My Guest,,,8,64,Away,Away,0,2.0,1,2.77154598692662,0.0525451559934319,0.860165355021865,182.7668,0.0120703893828724,0.518704877006888,127.868,0.069108430127696,10.0,0.244057100930476,4.0,1.0,-4.903,0.911179681309358,5.89525,2010,False,False,True
615,2010,Albania,Former Socialist Bloc,Juliana Pasha,It's All About You,,,6,76,Away,Away,0,1.0,1,3.73359436415899,0.0655172413793104,0.807461738792261,185.05098,0.00292159572298532,0.596592152947009,137.04,0.0306335531872319,10.0,0.271033428944786,4.0,0.0,-6.306,0.750207536675282,5.50743119266,2010,False,False,True
616,2010,Armenia,Former Socialist Bloc,Eva Rivas,Apricot Stone,,,6,83,Away,Away,0,2.0,1,4.502809513511,0.0753176043557169,0.661044541808231,184.83039,0.260057653178505,0.65937023639292,100.981,0.0722179088657379,7.0,0.170253380583811,4.0,1.0,-9.121,0.29886553680171,5.33723880597,2010,False,False,True
617,2010,Azerbaijan,Former Socialist Bloc,Safura,Drip Drop,,,2,113,Away,Away,0,2.0,1,5.634626023737,0.102540834845735,0.673506203456032,222.49333,0.0350921705126905,0.492781587934123,73.989,0.0273526397322688,6.0,0.0784872191245492,3.0,1.0,-4.862,0.435218905314726,5.2075,2010,False,True,True
618,2010,Belarus,Former Socialist Bloc,3+2¾feat¾Robert Wells,Butterflies,,,9,59,Away,Away,0,1.0,1,3.18809044915084,0.0508620689655172,,,,,,,,,,,,,,2010,False,False,True
619,2010,Belgium,Western Europe,Tom Dice,Me and My Guitar,,,1,167,Away,Away,0,1.0,1,8.89478399997286,0.143965517241379,0.358946933724858,181.27782,0.521399975241826,0.468909784074691,125.984,0.0349956376217781,9.0,0.108549024079408,4.0,1.0,-8.216,0.608224467468631,5.53096774194,2010,True,True,True
620,2010,Bosnia and Herzegovina,Former Yugoslavia,Vuka_in Braji_,Thunder and Lightning,,,8,59,Away,Away,0,1.0,1,2.86948732290919,0.0508620689655172,,,,,,,,,,,,,,2010,False,False,True
621,2010,Bulgaria,Former Socialist Bloc,Miro,Angel si ti (_____ __ __),,,15,19,Away,Away,0,2.0,1,0.70071438851751,0.0172413793103448,0.881648817163725,180.37215,0.0430039877746531,0.576680877708321,88.621,0.202435378655073,2.0,0.413000476539793,5.0,0.0,-8.098,0.681666809265914,,2010,False,False,False
622,2010,Croatia,Former Yugoslavia,Feminnem,Lako je sve,,,13,33,Away,Away,0,2.0,0,2.26943121492192,0.02994555353902,0.639021987263174,179.87873,0.125107169634439,0.489274456035435,76.032,0.0423218359518463,6.0,0.0839679498381024,4.0,1.0,-5.854,0.317211216465872,,2010,False,False,False
623,2010,Cyprus,Independent,Jon Lilygreen¾and¾The Islanders,Life Looks Better in Spring,,,10,67,Away,Away,0,2.0,1,2.90331263567546,0.0607985480943739,0.577602225735648,175.75002,0.0208479430483625,0.569670985406991,76.023,0.0291575698073209,9.0,0.136239635451697,4.0,0.0,-9.515,0.5280901771291,5.76406593407,2010,False,False,True
624,2010,Denmark,Scandinavia,Chan_e¾and¾N'evergreen,In a Moment Like This,,,5,101,Away,Home,0,2.0,1,5.62112538964496,0.0916515426497278,,,,,,,,,,,,,,2010,False,False,True
625,2010,Estonia,Former Socialist Bloc,Malcolm Lincoln¾and¾Manpower 4,Siren,,,14,39,Away,Away,0,1.0,1,1.95809879895957,0.0336206896551724,,,,,,,,,,,,,,2010,False,False,False
626,2010,Finland,Scandinavia,Kuunkuiskaajat,Ty_lki ell__,,,11,49,Away,Home,0,1.0,0,2.56188699123546,0.0422413793103448,0.829893780395982,184.0322,0.0463516795523137,0.457623696283822,115.076,0.0925198221104114,9.0,0.078352736251081,4.0,0.0,-6.021,0.712324052519868,,2010,False,False,False
627,2010,Georgia,Former Socialist Bloc,Sofia Nizharadze,Shine,,,3,106,Away,Away,0,2.0,1,5.31442461606223,0.0961887477313975,0.409204012119687,181.31546,0.724840628428253,0.338748790357302,135.578,0.0375935791439618,2.0,0.166726347201998,4.0,1.0,-8.858,0.0910655432494171,5.41867768595,2010,False,True,True
628,2010,Greece,Western Europe,Giorgos Alkaios¾and¾Friends,OPA (___),,,2,133,Away,Away,0,1.0,0,6.92032801150128,0.114655172413793,,,,,,,,,,,,,5.00875,2010,False,True,True
629,2010,Iceland,Scandinavia,Hera Bj_rk,Je ne sais quoi,,,3,123,Away,Home,0,1.0,1,6.40501253207023,0.106034482758621,0.890949072469185,183.95383,0.0152447767681244,0.527853379203248,131.977,0.0741745431628451,3.0,0.124905212294533,4.0,0.0,-5.156,0.55499748009909,5.54743362832,2010,False,True,True
630,2010,Ireland,Independent,Niamh Kavanagh,It's for You,,,9,67,Away,Away,0,2.0,1,3.62313153555187,0.0607985480943739,0.485523299905012,180.50567,0.388512543787029,0.414338597894652,64.971,0.0292826661405662,0.0,0.0822792448128365,4.0,1.0,-6.174,0.14568254387547,5.31289256198,2010,False,False,True
631,2010,Israel,Independent,Harel Skaat,Milim (_____),,,8,71,Away,Away,0,2.0,0,3.31576005462462,0.0644283121597096,0.620406319962916,182.11374,0.349944578237995,0.235287466370853,84.274,0.045254881029576,8.0,0.171209704363197,3.0,0.0,-6.198,0.254348913230966,4.91823529412,2010,False,False,True
632,2010,Latvia,Former Socialist Bloc,Aisha,What For?,,,17,11,Away,Away,0,1.0,1,0.677440093444433,0.00948275862068966,0.636341635749098,179.56526,0.115166440473654,0.6336404650743,77.948,0.0352596178508102,5.0,0.143480837483856,4.0,0.0,-5.254,0.771890967177002,,2010,False,False,False
633,2010,Lithuania,Former Socialist Bloc,InCulto,Eastern European Funk,,,12,44,Away,Away,0,2.0,1,2.28159996883234,0.0399274047186933,0.714215982827242,160.39138,0.043115372612554,0.863541660457523,133.922,0.0483252656262395,9.0,0.100412187069197,4.0,1.0,-7.82,0.899073362128317,,2010,False,False,False
634,2010,Macedonia,Former Yugoslavia,"Gjoko Taneski,¾Billy Zver¾and¾Pej_in",Jas ja imam silata,,,15,37,Away,Away,0,1.0,0,1.83332667416359,0.0318965517241379,0.951911847032306,182.41261,0.0813084319735453,0.49064361801824,102.09,0.0752397849853883,4.0,0.313747267249815,4.0,0.0,-4.123,0.366479001388757,,2010,False,False,False
635,2010,Malta,Western Europe,Thea Garrett,My Dream,,,12,45,Away,Away,0,1.0,1,2.81660900045621,0.0387931034482759,0.641688909068231,179.99669,0.00293745770539556,0.552805294817015,138.007,0.0271278839750094,6.0,0.393426409153098,4.0,1.0,-9.263,0.141670121891119,,2010,False,False,False
636,2010,Moldova,Former Socialist Bloc,SunStroke Project¾and,Run Away,,,10,52,Away,Away,0,1.0,1,2.88681751087003,0.0448275862068966,0.898348711205375,180.08771,0.0130983980829307,0.702074373358826,130.019,0.0413156238414179,11.0,0.0680425778580318,4.0,1.0,-5.834,0.78118820599018,5.4698245614,2010,False,False,True
637,2010,Netherlands,Western Europe,Sieneke,Ik ben verliefd (Sha-la-lie),,,14,29,Away,Away,0,2.0,0,1.35849032998471,0.0263157894736842,0.895331973908245,177.83392,0.0537529126042818,0.601451412465428,162.084,0.0488486670532945,4.0,0.0871847775221717,4.0,1.0,-4.268,0.834509971916352,,2010,False,False,False
638,2010,Poland,Former Socialist Bloc,Marcin Mrozi_ski,Legenda,,,13,44,Away,Away,0,1.0,1,2.64098924109098,0.0379310344827586,0.693899574215483,175.49016,0.0994727495262075,0.256280921261377,83.949,0.0658874663870471,4.0,0.0629610568769811,3.0,1.0,-7.581,0.446194246470376,,2010,False,False,False
639,2010,Portugal,Western Europe,Filipa Azevedo,Hˆ dias assim,,,4,89,Away,Away,0,1.0,0,4.37406533206695,0.0767241379310345,0.438155596273673,177.91955,0.889419593155359,0.353357254688175,131.953,0.0338772874949764,11.0,0.0628345564950388,4.0,1.0,-7.42,0.163472902836966,5.04321428571,2010,False,False,True
640,2010,Romania,Former Socialist Bloc,Paula Seling¾and¾Ovi,Playing with Fire,,,4,104,Away,Away,0,2.0,1,5.98143778683864,0.0943738656987296,0.810010990046602,182.89741,0.00225867508474893,0.64190799406896,122.042,0.0416594250884477,4.0,0.0408627220610685,4.0,0.0,-3.384,0.557749460102884,5.59684210526,2010,False,False,True
641,2010,Russia,Former Socialist Bloc,Peter Nalitch and Friends,Lost and Forgotten,,,7,74,Away,Away,0,1.0,1,3.78103991463671,0.0629310344827586,0.500567490790578,173.24363,0.106124953785506,0.566748456368193,97.652,0.0268223151277286,9.0,0.0978494655498809,3.0,0.0,-6.054,0.397708338281945,,2010,False,False,True
642,2010,Serbia,Former Yugoslavia,Milan Stankovi_,Ovo je Balkan,,,5,79,Away,Away,0,1.0,0,3.86649555705116,0.0681034482758621,0.738953821298909,191.13896,0.412814268451141,0.667024427930709,211.354,0.0936664835312413,10.0,0.903723441695412,4.0,1.0,-9.763,0.814591546650151,,2010,False,False,True
643,2010,Slovakia,Former Socialist Bloc,Kristina,Horehronie,,,16,24,Away,Away,0,1.0,0,1.34496708922883,0.021551724137931,0.915058988026135,182.17751,0.0512893972900014,0.729048298561849,120.009,0.0589807898157629,1.0,0.250638244623753,4.0,1.0,-5.413,0.826536622050637,,2010,False,False,False
644,2010,Slovenia,Former Yugoslavia,Ansambel _lindra¾and¾Kalamari,Narodnozabavni rock,,,16,6,Away,Away,0,2.0,0,0.832667532250233,0.00544464609800363,0.913209487553442,177.68444,0.0164557882258927,0.657474026343414,129.953,0.0425749981968357,9.0,0.0636219312126518,4.0,1.0,-3.223,0.687481711300848,,2010,False,False,False
645,2010,Sweden,Scandinavia,Anna Bergendahl,This Is My Life,,,11,62,Away,Home,0,2.0,1,3.71142721176281,0.0562613430127042,,,,,,,,,,,,,,2010,False,False,False
646,2010,Switzerland,Western Europe,Michael von der Heide,Il pleut de l'or,,,17,2,Away,Away,0,2.0,0,1.10115468725029,0.00181488203266788,,,,,,,,,,,,,,2010,False,False,False
647,2010,Turkey,Independent,maNga,We Could Be the Same,,,1,118,Away,Away,0,2.0,1,5.84537696310328,0.107078039927405,0.91100747035885,183.01342,0.0138818548668424,0.660554668833334,133.032,0.0440427418496012,2.0,0.0331756788431563,4.0,0.0,-4.891,0.565633631065887,5.59966666667,2010,True,True,True
648,2010,Ukraine,Former Socialist Bloc,Alyosha,Sweet People,,,7,77,Away,Away,0,2.0,1,3.78518550803743,0.0698729582577133,0.413793239029485,180.32281,0.606182518731939,0.661754927563259,119.954,0.0370641798489035,0.0,0.176192385649165,4.0,1.0,-6.866,0.208532159621971,5.60395604396,2010,False,False,True
