album_id,album_name
1,Beautiful instead
2,Table
3,Page southern
4,Spring
5,Great prove
6,Detail food
7,Reality
8,Claim
9,Response
10,About reveal
11,Hour
12,Education
13,Water close
14,Later easy
15,Democrat car
16,Report
17,Level
18,Able hospital
19,Article finish
20,International
21,Draw how
22,Note
23,Worker southern
24,Choice example
25,Stop analysis
26,Offer
27,Rest
28,Agent say
29,Decision
30,Political hundred
31,Its rock
32,Rather vote
33,For recent
34,Develop
35,Reason
36,Particularly shoulder
37,Start
38,Property write
39,Six
40,Back experience
41,My indeed
42,Mrs same
43,Try wonder
44,Deep force
45,End
46,Parent security
47,Bag
48,Mouth product
49,Computer miss
50,During let
51,Only
52,Follow
53,Four
54,There
55,Factor want
56,Entire
57,By
58,Yourself
59,Like allow
60,Product value
61,See notice
62,Page ago
63,Course
64,Recognize
65,Really
66,Left
67,Down
68,Loss
69,Fear
70,Save
71,Mission
72,That wide
73,Their along
74,Life
75,Radio conference
76,Machine
77,Real lead
78,Ever not
79,Resource
80,Almost half
81,Even
82,Whose source
83,Board doctor
84,Mind
85,Pressure street
86,Art every
87,Stop
88,Get
89,Catch
90,Sing message
91,Poor all
92,Republican herself
93,Thousand including
94,Lay
95,Test return
96,Sound
97,Air
98,Benefit
99,Clearly
100,Dinner
101,Discussion
102,Compare herself
103,Office of
104,Because such
105,Western
106,Cost
107,Firm key
108,Possible
109,Assume
110,Particular hair
111,Their four
112,Spend prove
113,Draw
114,Child Congress
115,Doctor dream
116,Industry class
117,Feel
118,Hear history
119,Receive catch
120,Month book
121,Middle drop
122,Name skill
123,Small general
124,Place specific
125,Writer myself
126,Thus hit
127,Past itself
128,Alone attack
129,Power economic
130,Experience trouble
131,Vote
132,Herself
133,Available win
134,Lead
135,Thus suffer
136,Rather
137,Father authority
138,Wish candidate
139,Industry while
140,You
141,Lawyer
142,Evidence writer
143,Meeting matter
144,School federal
145,Ago listen
146,Almost
147,Season
148,Poor
149,Value somebody
150,Half
151,Scientist dream
152,Accept
153,Reach
154,Small control
155,Expect writer
156,So nothing
157,Me
158,Activity president
159,Purpose
160,Tree serious
161,Born stock
162,Way
163,Individual
164,World
165,Large true
166,Should
167,Get every
168,Almost our
169,Team
170,They treatment
171,List support
172,Give
173,Tv
174,Write
175,Husband
176,Fine animal
177,Either start
178,Need
179,Discover
180,Adult
181,Money spring
182,Better
183,Not teach
184,Drive strong
185,Leave
186,Control one
187,Guess before
188,Behind
189,Owner
190,Key issue
191,Fact reason
192,Wall decide
193,Available wrong
194,Section newspaper
195,Business
196,Attack and
197,Interview left
198,Sea
199,Culture box
200,Why
201,Himself control
202,Weight machine
203,Air set
204,Box simple
205,Simply
206,Stand
207,Over
208,Central
209,Majority officer
210,Lawyer maintain
211,Huge why
212,Produce
213,Us
214,Figure record
215,Act receive
216,Certain
217,Goal defense
218,Goal investment
219,Describe
220,Audience thousand
221,People
222,Reduce bar
223,Plant strong
224,Reflect
225,Hot
226,Physical many
227,Sit
228,On
229,Understand
230,Majority
231,Get style
232,Change
233,Card star
234,Fish evening
235,Enter build
236,Ever
237,Then
238,Age
239,Window
240,Face
241,Current this
242,Maybe home
243,Yourself wind
244,Control
245,Way student
246,Glass
247,Staff
248,Few carry
249,Reduce
250,Allow own
251,Term
252,Imagine
253,Prepare reach
254,Officer
255,Church big
256,Because station
257,Thus enter
258,City
259,Industry movement
260,Quality per
261,Dark state
262,Nature
263,Order
264,Participant really
265,Green
266,Especially indicate
267,Security
268,Home
269,Glass clear
270,Tough
271,Plant
272,Edge level
273,Participant fear
274,Support
275,Past
276,Though
277,Doctor
278,Want author
279,Throughout would
280,Above
281,Idea whole
282,Than
283,Affect difference
284,Perhaps order
285,Matter
286,Kid
287,Help
288,Protect chance
289,Everything
290,Beyond
291,Hotel
292,Cause
293,Particularly television
294,Should office
295,Chance step
296,Wife anyone
297,Seat adult
298,None pressure
299,Box service
300,Blood particularly
301,But through
302,Role
303,Eye
304,Threat
305,Most
306,Space mission
307,Democrat
308,Down six
309,Degree
310,Cultural right
311,Later
312,Anything usually
313,Attention measure
314,You statement
315,Ago
316,Position vote
317,Involve
318,As second
319,Whatever action
320,Deep town
321,Leave near
322,Foreign process
323,Care run
324,Town
325,Defense already
326,May bed
327,Voice American
328,Among
329,Nation
330,Drug
331,Join
332,Painting
333,Unit
334,Over some
335,History board
336,Go source
337,Prepare effect
338,Never effect
339,Black
340,Market
341,Pass minute
342,Step
343,Good house
344,Give white
345,Suggest
346,To television
347,Might act
348,Moment
349,Choose blood
350,Than make
351,With recently
352,Economic
353,Take evidence
354,Material
355,As
356,Guy
357,Foot member
358,Instead partner
359,Sit voice
360,Yeah
361,Model you
362,Already
363,Computer our
364,Letter
365,Manager
366,Join economic
367,School
368,Road do
369,Campaign
370,Decide
371,Pattern
372,Side eat
373,Free
374,Memory
375,Trial never
376,Task simply
377,Necessary
378,Moment red
379,Song art
380,Natural
381,Space
382,Value total
383,Unit effect
384,Green catch
385,Method
386,Will
387,Him fight
388,Offer bed
389,Budget
390,Perhaps key
391,Trouble
392,Model else
393,Meet report
394,Every artist
395,Prevent because
396,Partner
397,Southern
398,Civil
399,Care suffer
400,Development provide
401,Result hour
402,Seven
403,Game
404,Religious risk
405,Commercial
406,About
407,Kind over
408,Check
409,Popular
410,Future
411,Safe
412,Late
413,Discussion fact
414,Activity
415,How notice
416,Throughout Mr
417,Participant
418,Hope organization
419,Direction
420,Child future
421,Hold ten
422,Full
423,Design
424,Pattern fine
425,Best financial
426,Small think
427,Gas
428,Issue woman
429,Boy other
430,Population article
431,Past language
432,Worry identify
433,Hour fish
434,Fight
435,Become
436,Painting official
437,Marriage
438,Town off
439,Short
440,Physical
441,Approach enough
442,Enjoy most
443,Particular present
444,Side mind
445,Goal rise
446,Before
447,Could
448,Resource billion
449,Entire record
450,Building movement
451,Raise
452,Just country
453,Whom administration
454,Chance often
455,Address
456,Organization past
457,Community as
458,Heavy citizen
459,Realize deal
460,Step feeling
461,Factor
462,Good
463,Avoid
464,Billion
465,Lawyer hold
466,Industry set
467,Student evidence
468,Amount
469,Wear car
470,Less catch
471,Thousand book
472,Certainly
473,Tonight later
474,Keep
475,Popular in
476,Member
477,Those
478,Successful
479,Pay detail
480,Quality whatever
481,Activity general
482,Rock increase
483,According
484,Once
485,Buy program
486,Not than
487,Party
488,Figure
489,Experience
490,Clear
491,Key
492,Mission wide
493,Large
494,Top continue
495,Attention standard
496,Hand operation
497,Career several
498,Difficult imagine
499,Probably be
500,Ground
501,Green project
502,All
503,Soon
504,Adult shake
505,Million
506,Take media
507,Third
508,Nothing top
509,Market specific
510,Field
511,Audience
512,Finish increase
513,Recent
514,His
515,Magazine yard
516,Site area
517,Eat
518,Economy
519,Less
520,Until
521,Rock
522,Home travel
523,Place these
524,Theory star
525,Professor
526,Name
527,Long same
528,War this
529,Church
530,Still management
531,Beat light
532,Use likely
533,Provide car
534,Item employee
535,Arm
536,Magazine manage
537,Through one
538,Ago race
539,Law western
540,Can tell
541,Become system
542,Well
543,Pass its
544,Fill
545,Far answer
546,Administration scientist
547,Serious last
548,Guess purpose
549,Instead bring
550,Anything account
551,Discussion art
552,Color
553,Capital fall
554,Consumer
555,Allow as
556,Tonight
557,Station
558,Marriage that
559,Game measure
560,Suffer
561,Want be
562,Woman sometimes
563,Land day
564,Agency
565,Sign
566,Work south
567,Book
568,Maybe
569,Statement certain
570,Tv budget
571,Loss finally
572,Trial
573,Second
574,My serious
575,Themselves
576,High before
577,Artist
578,Area
579,Imagine machine
580,Image base
581,Later a
582,Recognize store
583,Soldier
584,Politics
585,Nothing
586,Concern should
587,Course staff
588,Book everyone
589,Rock ever
590,Item yet
591,Create bank
592,Media
593,Yet
594,Huge
595,Research
596,Less into
597,Personal
598,National
599,Stock
600,Defense lose
601,Group
602,Hundred
603,Fish involve
604,Why though
605,Million condition
606,Discuss
607,Society
608,Idea
609,Poor skill
610,Cut
611,Serious reveal
612,House
613,Several real
614,Picture owner
615,Police fight
616,Film
617,Long attention
618,These least
619,Eat tonight
620,Mrs project
621,Improve close
622,Prove less
623,Scientist collection
624,Political respond
625,House into
626,Attorney
627,Work big
628,Go
629,Care fish
630,Suddenly
631,Protect
632,Community
633,Travel
634,Ten
635,Figure exist
636,Understand wait
637,Whatever side
638,Actually
639,Coach interview
640,Provide
641,Concern
642,Morning
643,Week
644,Ahead doctor
645,Owner would
646,Her arm
647,Happen
648,Then size
649,Western lot
650,Short detail
651,The use
652,Dog
653,Officer ability
654,Both
655,Child
656,Thus
657,Official
658,Case receive
659,However
660,Order wide
661,Star
662,Would look
663,Sell
664,Much standard
665,Song but
666,Energy
667,Paper member
668,Play
669,Vote century
670,Yeah its
671,Per
672,Congress south
673,Character
674,Maybe every
675,Ball
676,Quality usually
677,See each
678,Style message
679,Summer arm
680,Culture more
681,Throughout movie
682,Cell
683,Nearly son
684,Card
685,Leader
686,Pick chance
687,Modern record
688,Represent east
689,Free born
690,More he
691,Data
692,Dark
693,Meeting
694,Study
695,None hope
696,Else system
697,Your
698,Garden
699,Reach could
700,Break
701,Outside society
702,Center treatment
703,Character investment
704,Usually specific
705,Spring both
706,Own PM
707,Money since
708,Which
709,Many
710,Few
711,Maybe remember
712,Success staff
713,Him
714,Pull
715,Heavy
716,To me
717,Value
718,Prepare us
719,Parent when
720,Election list
721,True can
722,Should current
723,Push
724,Son
725,Modern prove
726,Same
727,Pattern food
728,Little
729,Respond
730,Increase goal
731,Expect process
732,Billion seek
733,Boy task
734,Movement
735,Star outside
736,Investment vote
737,Successful physical
738,Turn bad
739,She
740,Bring
741,Tree debate
742,Couple
743,With
744,Executive
745,Increase
746,Performance parent
747,Good air
748,From
749,Watch space
750,Budget laugh
751,Available
752,Another fear
753,Difficult because
754,Reach social
755,Property miss
756,Head
757,Could bit
758,Whom
759,Possible challenge
760,Deep however
761,Computer every
762,Parent
763,Explain about
764,Tonight center
765,Wide on
766,Laugh same
767,Machine establish
768,Deal become
769,Company travel
770,Somebody note
771,Whom perhaps
772,Good street
773,Picture
774,Bed
775,Kind finish
776,Because cell
777,Prove leg
778,Others
779,Want
780,First
781,Crime
782,Manage property
783,Quite
784,Total modern
785,Heavy line
786,Each
787,Paper subject
788,Defense
789,Along
790,Outside
791,Use matter
792,Medical practice
793,Nor
794,Near break
795,Nothing yard
796,Final
797,Me approach
798,Decision head
799,Take
800,Food
801,Lose such
802,Oil among
803,Responsibility over
804,Quality
805,Pretty
806,Member sit
807,Worry
808,Especially structure
809,Gun goal
810,Program painting
811,Administration building
812,Myself
813,Pattern yes
814,Trouble view
815,Mrs crime
816,Light
817,Peace
818,Tax see
819,Machine prevent
820,Far despite
821,Hand
822,Voice
823,Mention
824,State
825,Treatment short
826,Social amount
827,Training
828,Society create
829,Likely fact
830,Week several
831,Question
832,Interesting
833,Fund
834,Leave lot
835,Maintain see
836,Chance
837,Once figure
838,Everyone
839,Decide able
840,First back
841,Reveal
842,Rock degree
843,Financial behind
844,Statement tell
845,Thus check
846,Real
847,Study prove
848,Important play
849,Because truth
850,Small
851,Find
852,History Mrs
853,Believe
854,Cause only
855,Cold
856,Speak lead
857,Feel wife
858,Music
859,Class
860,Story relationship
861,Hour author
862,Seem trip
863,Character find
864,Sound activity
865,Pm
866,Mother himself
867,Least anyone
868,Foot player
869,Ready each
870,Woman bad
871,Think
872,Of Democrat
873,Best different
874,Actually future
875,Program
876,Indeed share
877,Picture professional
878,Church them
879,Personal range
880,Yet television
881,Still art
882,Body
883,Stuff
884,Former late
885,Out
886,Seat you
887,Truth
888,Citizen
889,Together scientist
890,Success
891,Concern without
892,Either
893,Democrat maintain
894,Sense yeah
895,More
896,Skill system
897,Hospital
898,Area impact
899,Financial
900,College
901,Only arrive
902,Station them
903,Road
904,Life leave
905,Interview south
906,Plant same
907,Fund month
908,Across
909,Understand throw
910,Give attorney
911,Group yet
912,Hundred tax
913,Administration who
914,Several article
915,Site
916,Reveal college
917,Speak a
918,Car
919,Generation
920,Court
921,Thank wife
922,Under front
923,Interview agent
924,Local
925,Similar
926,Appear
927,Bad
928,South
929,Number
930,Under
931,Ten drop
932,Forget project
933,Parent not
934,Positive key
935,Congress piece
936,Good whole
937,Possible scientist
938,Blood
939,Senior where
940,Billion what
941,These
942,Low keep
943,Section religious
944,Team worry
945,Response population
946,Onto simple
947,Recent catch
948,His agree
949,Plan
950,Modern
951,East center
952,Better mind
953,International itself
954,Authority data
955,Worker would
956,Quite report
957,Technology
958,End set
959,Shoulder production
960,Hard
961,Agent key
962,Result right
963,Build different
964,Economic woman
965,Hold
966,By phone
967,Day describe
968,Present feel
969,View it
970,Most physical
971,Data character
972,Civil thing
973,Where
974,Once consider
975,True book
976,Car get
977,Technology time
978,Act
979,Skill black
980,Apply
981,Ten article
982,Culture
983,Nice
984,Bag share
985,And
986,Sing
987,Hand its
988,Hot field
989,Actually final
990,Hope
991,Skill never
992,Participant spend
993,Too water
994,Wind
995,Every
996,Know finish
997,Story heart
998,Always memory
999,Win full
1000,Dream
1001,Nearly always
1002,Industry
1003,Source sea
1004,Result leader
1005,Race
1006,Up
1007,Scientist
1008,Today prevent
1009,Rate
1010,Happen star
1011,Teach
1012,Technology clearly
1013,Cause staff
1014,Professor clearly
1015,Despite go
1016,Allow
1017,Product action
1018,Among man
1019,Yes here
1020,Two lawyer
1021,Positive
1022,Soon movie
1023,Right
1024,Analysis consumer
1025,Almost job
1026,Must sound
1027,Style gun
1028,Smile
1029,Maintain serious
1030,Mouth pattern
1031,Learn game
1032,On everyone
1033,Rest exist
1034,Congress
1035,Buy east
1036,Support land
1037,Over like
1038,Job knowledge
1039,Out special
1040,Anyone bad
1041,Page
1042,Player
1043,Else
1044,Career answer
1045,Level positive
1046,Forward
1047,Admit
1048,Back family
1049,Especially agency
1050,Serve item
1051,Charge
1052,Skin despite
1053,Sure western
1054,Radio south
1055,Least
1056,Until how
1057,Approach
1058,American
1059,Power
1060,Model
1061,Individual us
1062,List
1063,Role few
1064,Improve
1065,When seem
1066,Health able
1067,Year partner
1068,Enter most
1069,Vote administration
1070,Top
1071,Carry
1072,For
1073,Build
1074,Create yard
1075,Customer
1076,Side hold
1077,Probably
1078,Red
1079,Avoid final
1080,Price beyond
1081,About through
1082,Accept mission
1083,Court month
1084,Into
1085,Return
1086,Growth
1087,Quite kitchen
1088,Meeting value
1089,Whatever blue
1090,Economy source
1091,Likely drop
1092,Term day
1093,Another
1094,Old under
1095,Development
1096,Together true
1097,Evidence employee
1098,Two
1099,Look training
1100,This drop
1101,Leave race
1102,Because
1103,Arm piece
1104,Spend outside
1105,Light medical
1106,Rich every
1107,Still
1108,Task next
1109,Create responsibility
1110,Nearly
1111,Issue bit
1112,Hear
1113,Finally
1114,Must
1115,Action
1116,True think
1117,Boy
1118,Year
1119,Case
1120,Those guess
1121,Special
1122,World sister
1123,Later really
1124,Yeah old
1125,Service second
1126,Himself weight
1127,Continue
1128,Nice visit
1129,Serious structure
1130,Administration
1131,Enter
1132,Traditional home
1133,Anything
1134,Similar television
1135,Example class
1136,Right step
1137,Enjoy wife
1138,Manage
1139,Draw message
1140,Treatment
1141,Rest investment
1142,Trade
1143,Address friend
1144,Perhaps my
1145,Front save
1146,Begin type
1147,As physical
1148,Officer management
1149,Record
1150,Compare second
1151,Result
1152,Grow
1153,Commercial watch
1154,Represent hard
1155,Thank
1156,Close current
1157,General
1158,According guess
1159,Around foot
1160,Treat whose
1161,Than attorney
1162,Federal
1163,Land
1164,Wide
1165,Walk foot
1166,Talk music
1167,Despite space
1168,Resource bring
1169,Treat responsibility
1170,Center
1171,Specific rather
1172,Population spring
1173,Population
1174,Service usually
1175,Add condition
1176,Win
1177,Yes glass
1178,Market admit
1179,Hold several
1180,But pass
1181,Against direction
1182,Politics develop
1183,Happy throw
1184,But debate
1185,Class might
1186,Major
1187,Tax
1188,Accept current
1189,Join chance
1190,More manage
1191,Prove organization
1192,Agree
1193,Message mean
1194,Without
1195,Live
1196,Common speech
1197,Professor anyone
1198,Interview manager
1199,Consider policy
1200,Would
1201,Oil during
1202,Knowledge office
1203,Thus game
1204,Social
1205,Indicate suddenly
1206,Among must
1207,Store
1208,Say
1209,End finish
1210,Have
1211,Fire improve
1212,Feeling career
1213,Party issue
1214,Future throughout
1215,Attack agree
1216,Police year
1217,Deal
1218,Society table
1219,Garden involve
1220,Anyone
1221,Much rate
1222,While step
1223,Example
1224,Key measure
1225,That
1226,Drive other
1227,Month simply
1228,Race effect
1229,Person
1230,Visit
1231,Try quality
1232,Water
1233,Situation short
1234,Significant
1235,Join avoid
1236,Trip
1237,Especially peace
1238,North if
1239,Yet produce
1240,Room
1241,Store cost
1242,Own six
1243,Entire car
1244,Three
1245,Commercial still
1246,Paper
1247,Recognize dinner
1248,Family
1249,Talk
1250,Professional idea
1251,Shake statement
1252,Why fear
1253,Growth people
1254,Blue management
1255,Walk believe
1256,He doctor
1257,Bar
1258,Plant pay
1259,Purpose popular
1260,They pattern
1261,Arrive national
1262,Foreign design
1263,Create
1264,Behavior
1265,Free theory
1266,Indicate
1267,Especially
1268,Of major
1269,Nearly bank
1270,True long
1271,Security at
1272,Care
1273,Sure camera
1274,Though imagine
1275,Huge once
1276,Thousand
1277,Image those
1278,Five
1279,Unknown
1280,Trouble nor
1281,Water guess
1282,True fill
1283,Add
1284,Vote state
1285,Single
1286,True
1287,Laugh officer
1288,Record spring
1289,Specific
1290,Performance go
1291,Six gas
1292,Dinner pattern
1293,Animal could
1294,Itself religious
1295,Wrong teach
1296,Decision prevent
1297,Every still
1298,Stage
1299,Former
1300,Fly natural
1301,Throw discuss
1302,Movement little
1303,According anyone
1304,Recognize like
1305,Feel would
1306,Fire
1307,Building notice
1308,Protect mouth
1309,Seven look
1310,Car sing
1311,Hot former
1312,Participant want
1313,Debate blue
1314,Represent today
1315,Attack
1316,Water clear
1317,Any
1318,Fly employee
1319,Not
1320,Always what
1321,Work need
1322,Usually our
1323,Minute
1324,Meet oil
1325,Range author
1326,Scientist increase
1327,My center
1328,To
1329,Child itself
1330,Finally figure
1331,Force say
1332,Cell us
1333,Night
1334,Notice
1335,Tonight near
1336,Move it
1337,Difficult
1338,Lawyer easy
1339,Charge pull
1340,Magazine
1341,Science
1342,Various
1343,Write fight
1344,Effort goal
1345,Who brother
1346,Figure spring
1347,Worker door
1348,Service idea
1349,Ready
1350,Stand hear
1351,Usually should
1352,Evening
1353,Accept store
1354,North
1355,Conference
1356,Newspaper
1357,Police ground
1358,Least employee
1359,Design bar
1360,Task
1361,Consider knowledge
1362,Rate could
1363,Now
1364,President
1365,Give mind
1366,Participant today
1367,Seek more
1368,Support box
1369,Prevent term
1370,One determine
1371,Crime pull
1372,Film position
1373,Total
1374,Usually somebody
1375,Husband early
1376,Bed plan
1377,Authority
1378,Movement stand
1379,Break sense
1380,Employee series
1381,Wrong
1382,Mrs throughout
1383,World small
1384,Top medical
1385,Early
1386,Cultural
1387,Consider
1388,Democrat little
1389,Include
1390,Painting air
1391,Many control
1392,Good behind
1393,Still grow
1394,Ok success
1395,Purpose camera
1396,With with
1397,Mother
1398,Able
1399,If
1400,Risk science
1401,Important
1402,Woman
1403,In land
1404,Oil
1405,Wife
1406,Thought market
1407,Begin
1408,Computer place
1409,Impact approach
1410,Activity save
1411,Wall
1412,Door hand
1413,Bar yourself
1414,Mr
1415,These this
1416,High
1417,Scene green
1418,Manage crime
1419,Smile matter
1420,Anything particularly
1421,Common
1422,Alone
1423,Increase sit
1424,Mission about
1425,Real book
1426,Simple movement
1427,Hand goal
1428,Short throughout
1429,At age
1430,Television discussion
1431,Military
1432,Knowledge
1433,Less gun
1434,Next
1435,Identify
1436,Answer
1437,Yes
1438,Structure parent
1439,Sign listen
1440,Late say
1441,Choice
1442,Parent why
1443,Add you
1444,Sure
1445,Contain true
1446,Station law
1447,Reveal media
1448,Other
1449,Table arrive
1450,Spend speak
1451,Car speech
1452,Cup loss
1453,Discussion husband
1454,Determine
1455,Leave cause
1456,Section
1457,Stop cup
1458,Most stop
1459,Information
1460,Collection city
1461,Likely
1462,It
1463,Radio
1464,Century magazine
1465,Require government
1466,Thus sell
1467,Firm
1468,Into friend
1469,Human
1470,Read
1471,Easy
1472,Anyone major
1473,Lot
1474,Number voice
1475,His face
1476,Who
1477,Usually consumer
1478,Put space
1479,Series would
1480,Around possible
1481,Interest
1482,Stuff bag
1483,Movie west
1484,Election parent
1485,Man
1486,Third month
1487,Wear
1488,Itself
1489,Look
1490,Sell air
1491,Hot administration
1492,Fast
1493,Cover
1494,Eight
1495,Scene
1496,In yourself
1497,Our
1498,Hit close
1499,Wait
1500,Tend hundred
1501,Way space
1502,Fine
1503,Vote still
1504,Force
1505,Firm identify
1506,Seven conference
1507,Together
1508,Indeed campaign
1509,Picture within
1510,Time later
1511,Change bank
1512,Never range
1513,Executive join
1514,Tonight seven
1515,Stuff state
1516,Government
1517,Allow yes
1518,Local evening
1519,Base
1520,Sound young
1521,Main new
1522,Analysis brother
1523,Serious nothing
1524,Animal
1525,Night responsibility
1526,Woman church
1527,Bill information
1528,Administration culture
1529,Discover rise
1530,Reason would
1531,Who view
1532,Least natural
1533,Occur
1534,Teacher present
1535,Everything catch
1536,Television foreign
1537,Ok
1538,White
1539,Show
1540,Price
1541,Store add
1542,Young
1543,Recognize number
1544,Thousand sport
1545,Performance
1546,Resource second
1547,Girl
1548,Husband level
1549,Run range
1550,Ever according
1551,Show point
1552,Establish actually
1553,Economy chair
1554,Success adult
1555,Join guy
1556,Return cut
1557,Born
1558,Series close
1559,Realize
1560,Change single
1561,First evening
1562,Would several
1563,Much
1564,Production support
1565,Memory including
1566,View
1567,Pay Mrs
1568,West sport
1569,Relationship civil
1570,Boy as
1571,Effort none
1572,But
1573,Second trip
1574,Open always
1575,Pass force
1576,Traditional its
1577,Design nothing
1578,Heart thing
1579,Situation
1580,Loss Congress
1581,Rather factor
1582,Appear beyond
1583,Movement color
1584,Career
1585,With reality
1586,Agreement
1587,Interesting economic
1588,Drive
1589,Quickly four
1590,Cover community
1591,Turn
1592,Camera plant
1593,Management or
1594,Yard
1595,Police pattern
1596,Bar hour
1597,Reality simple
1598,However follow
1599,Piece
1600,Its
1601,Day
1602,Father
1603,Over also
1604,Not provide
1605,Street
1606,New pretty
1607,Defense job
1608,Feeling wife
1609,Beautiful
1610,Compare pretty
1611,Every moment
1612,Red future
1613,Technology end
1614,Important outside
1615,Until clearly
1616,What news
1617,Explain term
1618,Marriage tree
1619,Follow general
1620,They
1621,Investment help
1622,Increase unit
1623,Pattern claim
1624,Effect
1625,Foot
1626,Up his
1627,Put fact
1628,Outside kind
1629,Her
1630,Might
1631,Between certainly
1632,Century
1633,Let
1634,Early character
1635,Determine marriage
1636,Sell north
1637,Maybe herself
1638,Garden author
1639,Sound clear
1640,Wall determine
1641,Industry him
1642,Represent conference
1643,Worker ready
1644,Break mind
1645,Quite water
1646,Ask two
1647,Customer both
1648,Stage significant
1649,Policy
1650,May
1651,Officer serious
1652,Away degree
1653,Police billion
1654,Interest sometimes
1655,Job
1656,Side meeting
1657,Coach
1658,Stand walk
1659,Present TV
1660,Republican
1661,World behind
1662,Glass human
1663,Cultural learn
1664,Low
1665,Whatever
1666,Eye matter
1667,War
1668,Realize stage
1669,Top write
1670,Beat agency
1671,Attention
1672,Individual because
1673,Mind give
1674,Although
1675,Between
1676,Positive serious
1677,Issue
1678,Commercial city
1679,College nearly
1680,Live let
1681,Agency ahead
1682,Country attorney
1683,Never
1684,Candidate
1685,Senior age
1686,West
1687,Surface
1688,Position education
1689,Cup section
1690,Democratic without
1691,Above meet
1692,Try
1693,Pick
1694,Project wide
1695,Statement personal
1696,Throughout
1697,My
1698,Wait financial
1699,Fall agency
1700,Painting hope
1701,Side
1702,How
1703,Just
1704,Outside letter
1705,Tree lead
1706,Employee guy
1707,Rise
1708,Off
1709,Region
1710,Indicate benefit
1711,Very
1712,Box popular
1713,Particular
1714,Present summer
1715,Image during
1716,Others participant
1717,Possible thought
1718,Last
1719,Since throughout
1720,Hundred product
1721,Professional
1722,Realize building
1723,Go thus
1724,Expect final
1725,Wrong range
1726,Pattern Congress
1727,Quality structure
1728,Expect
1729,High total
1730,Plant very
1731,Exist decide
1732,Future carry
1733,Last much
1734,Once be
1735,Bill hot
1736,Rich
1737,Particular policy
1738,Onto tonight
1739,Into common
1740,Teacher test
1741,Leg
1742,What
1743,Each hotel
1744,Party range
1745,Some
1746,Ball others
1747,Own
1748,Pressure institution
1749,Station back
1750,Democrat which
1751,Main a
1752,Within only
1753,Region many
1754,Lose
1755,Including understand
1756,Method crime
1757,Rule
1758,Day take
1759,Country camera
1760,Because economic
1761,Pass field
1762,Player civil
1763,This sort
1764,Everybody
1765,Issue care
1766,Back
1767,Total bag
1768,Only wrong
1769,Here produce
1770,New
1771,Trade police
1772,Ever remain
1773,Financial born
1774,Stand article
1775,Pick short
1776,Away
1777,For evening
1778,Start give
1779,Onto
1780,Director
1781,Theory
1782,Sister from
1783,Share
1784,Song company
1785,Level yes
1786,Tell
1787,Husband billion
1788,Charge team
1789,Magazine our
1790,Policy since
1791,Southern young
1792,Glass floor
1793,Quite huge
1794,Your so
1795,Shoulder this
1796,Special tend
1797,Exactly under
1798,Certain deal
1799,Voice employee
1800,Management
1801,Health low
1802,Board
1803,Investment fear
1804,Late apply
1805,Discussion significant
1806,Surface lose
1807,Whether
1808,Law manage
1809,Edge
1810,Watch
1811,Story black
1812,Change north
1813,Medical what
1814,Third three
1815,Contain seat
1816,Information cost
1817,Not window
1818,Place
1819,From mother
1820,Morning whether
1821,Alone tonight
1822,Since city
1823,Stage listen
1824,After
1825,Around
1826,Language every
1827,Use source
1828,Garden region
1829,Prepare
1830,Training trial
1831,Few teacher
1832,Down audience
1833,Finish
1834,Gun book
1835,Another south
1836,Expert over
1837,Window treatment
1838,Something design
1839,Pattern range
1840,Also will
1841,Fish probably
1842,Wear specific
1843,Sister
1844,Church drop
1845,Task capital
1846,Happy
1847,Goal
1848,Place capital
1849,Through respond
1850,Debate exactly
1851,Safe become
1852,Line
1853,Develop shoulder
1854,Political
1855,Last attention
1856,Debate field
1857,Investment serve
1858,Situation style
1859,Only nearly
1860,Present
1861,Finish even
1862,Place argue
1863,Think activity
1864,Floor
1865,Course audience
1866,Suggest her
1867,Ability seat
1868,Several hope
1869,Computer
1870,Also use
1871,Opportunity meeting
1872,Something about
1873,Language dinner
1874,Worry lose
1875,Conference phone
1876,State suffer
1877,Law
1878,Really language
1879,Receive word
1880,Ability
1881,System long
1882,Production
1883,Against
1884,Its address
1885,Chance thought
1886,Short role
1887,Election painting
1888,Spend
1889,Wife someone
1890,Especially be
1891,Bit civil
1892,Development training
1893,Word several
1894,Skill
1895,Decade
1896,Possible player
1897,Mrs I
1898,Seat
1899,Kitchen knowledge
1900,Life will
1901,Whose now
1902,Since article
1903,Account
1904,Officer team
1905,Think quality
1906,Range politics
1907,Expect discussion
1908,Decide particularly
1909,Late series
1910,Middle
1911,Focus add
1912,Wonder
1913,Late energy
1914,See
1915,Within
1916,Kind
1917,Improve worry
1918,Bit significant
1919,While
1920,Church turn
1921,Smile three
1922,Case thing
1923,Run
1924,Parent well
1925,Reach author
1926,Walk almost
1927,Her yourself
1928,Sort
1929,Magazine together
1930,Policy test
1931,Shake election
1932,Behavior together
1933,Move sea
1934,Minute past
1935,Represent
1936,Bill
1937,Today particular
1938,Rich cup
1939,Test
1940,Meet
1941,Modern wait
1942,Four yard
1943,Measure
1944,System
1945,Industry technology
1946,Discuss item
1947,Cause visit
1948,Two paper
1949,Despite
1950,Control century
1951,Spend senior
1952,Matter research
1953,Garden face
1954,Do hospital
1955,Material direction
1956,Through dream
1957,Purpose water
1958,Make memory
1959,Care report
1960,Clearly service
1961,Art
1962,Subject
1963,Account network
1964,Into indeed
1965,Already child
1966,Human approach
1967,Begin boy
1968,Expert
1969,The
1970,Buy
1971,With wife
1972,Exactly trial
1973,Mission across
1974,Friend rule
1975,First that
1976,Night deal
1977,Also employee
1978,Parent hundred
1979,Money
1980,Exactly full
1981,Western poor
1982,Season sort
1983,Create ahead
1984,Effort party
1985,Suddenly candidate
1986,Feeling example
1987,Dark degree
1988,Her PM
1989,Wide continue
1990,Drug free
1991,Art important
1992,Seem voice
1993,Even choice
1994,Sometimes pull
1995,Member maybe
1996,Somebody
1997,Hair
1998,Happy by
1999,Over decade
2000,Make
2001,Democratic
2002,Thought method
2003,Exist
2004,History hard
2005,Eye follow
2006,Also owner
2007,Phone
2008,Its treatment
2009,Officer mother
2010,High check
2011,Eye cut
2012,Make all
2013,Result road
2014,Physical culture
2015,Size
2016,Teacher
2017,As miss
2018,I kid
2019,Ability spring
2020,Type
2021,Section pressure
2022,Remain
2023,Account activity
2024,Admit truth
2025,Many mission
2026,Set
2027,Unit crime
2028,Outside never
2029,Team answer
2030,Skill simply
2031,Ahead identify
2032,Point trip
2033,Pressure
2034,Sell painting
2035,But writer
2036,Hit shoulder
2037,Low animal
2038,Series
2039,Seat mission
2040,Growth rule
2041,Discover professional
2042,Unit magazine
2043,Seven character
2044,Tend top
2045,Year mind
2046,Degree reduce
2047,Bring together
2048,Cost while
2049,Sense
2050,Bank two
2051,Sure benefit
2052,It past
2053,Red sport
2054,Add late
2055,Camera
2056,Close new
2057,Now production
2058,Operation
2059,Understand scene
2060,Interesting decade
2061,Present son
2062,Tend almost
2063,Choose avoid
2064,Party occur
2065,Final peace
2066,Test rather
2067,Fall defense
2068,Price those
2069,Environment
2070,These politics
2071,Shoulder
2072,Ability they
2073,Guess discover
2074,Entire work
2075,Cultural six
2076,Boy federal
2077,Beautiful edge
2078,Age speak
2079,Series art
2080,Body could
2081,In may
2082,Budget air
2083,Each production
2084,Main
2085,Sure human
2086,Fish
2087,Design might
2088,Door stop
2089,Great what
2090,Argue
2091,Address remember
2092,Carry effort
2093,Over son
2094,Feel should
2095,Today
2096,Outside exist
2097,Probably major
2098,Safe again
2099,New so
2100,Fly city
2101,Culture bad
2102,College pressure
2103,Everything road
2104,Image kind
2105,Professional fill
2106,Financial century
2107,Home industry
2108,Window population
2109,Stay leave
2110,Case economic
2111,Test little
2112,Benefit I
2113,Environment learn
2114,Affect conference
2115,Forget
2116,Huge amount
2117,Near among
2118,Dark Congress
2119,Evening example
2120,Dinner challenge
2121,Tonight build
2122,Painting heart
2123,Open yet
2124,Fast yeah
2125,Ten according
2126,Left statement
2127,Training fill
2128,Stage chance
2129,Indeed list
2130,Parent health
2131,Describe fly
2132,Push simply
2133,Culture second
2134,Student
2135,Sit none
2136,Manager all
2137,Late good
2138,Mr foot
2139,Listen performance
2140,Particularly visit
2141,Performance receive
2142,Him artist
2143,Education stop
2144,Wonder others
2145,Arrive forget
2146,Old parent
2147,Couple building
2148,Total position
2149,Cost son
2150,Buy training
2151,Should thought
2152,Seem management
2153,Research manage
2154,Or debate
2155,College until
2156,Participant society
2157,Beyond stage
2158,Safe act
2159,Skin letter
2160,Staff president
2161,Whose
2162,Off technology
2163,Shake
2164,Interest save
2165,Education game
2166,Together air
2167,Source member
2168,To across
2169,Grow power
2170,Lay recognize
2171,Into low
2172,Close
2173,Election
2174,South light
2175,Election PM
2176,Staff night
2177,Movement child
2178,Movie
2179,Start space
2180,Hospital some
2181,Fear its
2182,Goal prepare
2183,Education within
2184,All nor
2185,Choice under
2186,Point
2187,Responsibility
2188,Different
2189,Responsibility class
2190,Make some
2191,Senior
2192,Daughter
2193,Total live
2194,Write appear
2195,Suddenly wish
2196,Might let
2197,Executive attack
2198,Middle sit
2199,Western bit
2200,Tree radio
2201,Nor save
2202,Population visit
2203,Particularly first
2204,Miss chair
2205,Through wrong
2206,Specific defense
2207,Staff agree
2208,Draw treat
2209,Join business
2210,Me like
2211,Today stage
2212,Practice here
2213,Medical
2214,Care next
2215,Three color
2216,Dark also
2217,Tend
2218,Marriage he
2219,Religious model
2220,Western trial
2221,Author
2222,Can team
2223,Student magazine
2224,Serve quickly
2225,Capital
2226,Part letter
2227,Job gas
2228,Image black
2229,Win popular
2230,Do
2231,Property beautiful
2232,Task return
2233,Two floor
2234,Method team
2235,Maintain
2236,Talk more
2237,Hand skin
2238,Successful say
2239,Long
2240,Single gun
2241,Special cup
2242,Close live
2243,Each watch
2244,Office
2245,Receive what
2246,Growth minute
2247,Baby
2248,Heavy garden
2249,Travel loss
2250,Act thank
2251,Bit
2252,Institution
2253,Rate use
2254,Ask
2255,Mean job
2256,Blue seem
2257,Country
2258,Relate
2259,Of
2260,Matter receive
2261,Player popular
2262,Son final
2263,Back run
2264,Least exist
2265,Enter yard
2266,Down body
2267,Think hear
2268,Vote final
2269,Home rise
2270,Blue
2271,Close up
2272,Themselves clearly
2273,Development major
2274,Science remember
2275,Color director
2276,Despite evening
2277,Score themselves
2278,Admit main
2279,Former statement
2280,Speech sometimes
2281,Leader or
2282,Foreign class
2283,A night
2284,Future religious
2285,Country century
2286,Answer early
2287,Approach Congress
2288,Help ground
2289,Church usually
2290,Law approach
2291,Medical deal
2292,West feel
2293,Many half
2294,Drop red
2295,Camera rate
2296,Minute meet
2297,Often network
2298,Above small
2299,Minute song
2300,Tax pull
2301,Field compare
2302,Factor my
2303,Tell baby
2304,Surface recently
2305,Series himself
2306,Beyond at
2307,Difference similar
2308,Process for
2309,During hotel
2310,Military me
2311,Campaign evening
2312,Skin shoulder
2313,Including
2314,Player allow
2315,System already
2316,For development
2317,Need care
2318,Person traditional
2319,Line up
2320,Behind seat
2321,Mother work
2322,Manager also
2323,Heavy read
2324,Later fund
2325,Training help
2326,Control drive
2327,Course property
2328,Once join
2329,Impact
2330,Find any
2331,Drop
2332,Charge time
2333,Section science
2334,Current stop
2335,Front
2336,As thought
2337,However charge
2338,Great decision
2339,In early
2340,Talk produce
2341,Enjoy challenge
2342,Personal above
2343,Industry face
2344,Attack full
2345,Happen scientist
2346,Already set
2347,Watch do
2348,Tough role
2349,Investment police
2350,Soon quality
2351,Story network
2352,Treatment clearly
2353,Sing then
2354,Against start
2355,Improve chance
2356,In scientist
2357,Office scientist
2358,Student reduce
2359,Area involve
2360,Let challenge
2361,Defense whatever
2362,Find week
2363,Approach executive
2364,Difficult tend
2365,Allow four
2366,Book budget
2367,Or
2368,Old surface
2369,Free at
2370,Brother
2371,Result authority
2372,Among building
2373,Tell however
2374,Many top
2375,Fact beyond
2376,Majority fly
2377,Strong start
2378,Standard
2379,Community adult
2380,Purpose answer
2381,Couple discover
2382,Office weight
2383,Might its
2384,Within one
2385,Miss
2386,Beat long
2387,Too evening
2388,Others loss
2389,Build very
2390,Us suggest
2391,Skin
2392,Free recently
2393,Member thank
2394,Share throughout
2395,First see
2396,Turn his
2397,Such expert
2398,Send list
2399,News property
2400,Item
2401,Firm science
2402,Threat statement
2403,Interview organization
2404,Oil paper
2405,Move
2406,Usually ask
2407,Light health
2408,Cup
2409,Network
2410,System interesting
2411,Yet me
2412,Church particular
2413,Interview
2414,Leave alone
2415,Full phone
2416,Head democratic
2417,Simple
2418,Loss probably
2419,Provide into
2420,And among
2421,Deep design
2422,Husband easy
2423,Explain
2424,Heavy school
2425,Where treat
2426,Blue kid
2427,Walk major
2428,Similar behind
2429,Total increase
2430,Work
2431,Hot foot
2432,Through
2433,Culture stage
2434,Gun center
2435,Choose author
2436,Citizen easy
2437,Play fall
2438,White above
2439,Current
2440,Western author
2441,Car value
2442,Type adult
2443,Industry hear
2444,Bar exactly
2445,Perhaps respond
2446,Structure drug
2447,Coach company
2448,During
2449,Available to
2450,Situation heavy
2451,Key explain
2452,Upon suggest
2453,Organization research
2454,Several
2455,Avoid scientist
2456,Science above
2457,Fact candidate
2458,Wall certain
2459,Chance everything
2460,Sell establish
2461,Word
2462,Student baby
2463,Allow glass
2464,Paper through
2465,Concern maintain
2466,Hope marriage
2467,Require
2468,Remember explain
2469,Hair ready
2470,Law development
2471,Receive
2472,Day peace
2473,Discussion understand
2474,Thousand sound
2475,Final keep
2476,Exactly loss
2477,Each day
2478,Occur present
2479,Establish long
2480,Respond despite
2481,Live spend
2482,Much song
2483,Usually
2484,Color image
2485,Always like
2486,Art push
2487,Process
2488,Treat
2489,Without begin
2490,Surface tell
2491,Sell long
2492,Interesting wear
2493,Price particularly
2494,Offer ago
2495,Machine product
2496,Reality there
2497,Especially from
2498,Together weight
2499,Public thing
2500,Specific music
2501,Sort gas
2502,Meeting decade
2503,Federal concern
2504,Pull police
2505,Ahead
2506,Effect describe
2507,Good citizen
2508,Responsibility several
2509,Close maintain
2510,Feeling
2511,Every course
2512,Defense defense
2513,Talk wish
2514,Image store
2515,Successful forward
2516,Again away
2517,Much record
2518,Serious book
2519,Join morning
2520,Treatment exactly
2521,Something article
2522,Black but
2523,Type second
2524,Standard state
2525,Discuss agree
2526,Market although
2527,Section start
2528,Foreign lot
2529,Serve
2530,Into page
2531,Day suddenly
2532,I
2533,Serve billion
2534,Cover around
2535,College less
2536,Style identify
2537,Table mean
2538,Skill year
2539,Those election
2540,East effort
2541,Reach institution
2542,Material new
2543,Kind family
2544,Professional feel
2545,Even item
2546,Moment writer
2547,Work art
2548,Thank take
2549,Especially challenge
2550,Full truth
2551,Address meet
2552,Inside
2553,Really rule
2554,Lose skin
2555,Author garden
2556,Throughout go
2557,Sign increase
2558,After line
2559,Nation different
2560,Sort goal
2561,Argue above
2562,Too thought
2563,Expert successful
2564,Song
2565,Traditional
2566,Compare enjoy
2567,Increase week
2568,Guy leader
2569,Again sell
2570,Data themselves
2571,Kitchen issue
2572,Financial light
2573,Mrs issue
2574,Teach risk
2575,Final participant
2576,Artist blood
2577,Radio national
2578,With performance
2579,Authority which
2580,Ask skill
2581,Enough where
2582,Discussion energy
2583,Common pay
2584,Wall close
2585,Result and
2586,Cost same
2587,Weight rich
2588,Bed would
2589,Establish explain
2590,Avoid week
2591,Address really
2592,Out prepare
2593,Old soldier
2594,Word production
2595,Table defense
2596,Throughout recognize
2597,Reality finally
2598,Score
2599,Find avoid
2600,Church plan
2601,How data
2602,Increase draw
2603,Them affect
2604,Memory push
2605,Again degree
2606,Allow why
2607,Behind hot
2608,Mrs sea
2609,Without ball
2610,Boy trade
2611,Reach order
2612,Traditional dark
2613,Like
2614,Student yourself
2615,Employee
2616,Major threat
2617,Or receive
2618,Within fall
2619,Including interesting
2620,Sister know
2621,Though seek
2622,Test mission
2623,Almost vote
2624,Skin discover
2625,Generation debate
2626,Member during
2627,Structure
2628,Operation rock
2629,Always
2630,Reflect look
2631,Political relationship
2632,Identify remain
2633,Laugh research
2634,Treatment court
2635,New tree
2636,Visit mention
2637,Onto consider
2638,Long model
2639,Stock impact
2640,Foreign forward
2641,Letter floor
2642,Story parent
2643,Look life
2644,Number what
2645,Apply example
2646,As own
2647,Buy education
2648,Opportunity
2649,Physical world
2650,Attack idea
2651,Budget action
2652,Education however
2653,Clear affect
2654,Force ready
2655,Summer
2656,Hour her
2657,Red today
2658,Boy feel
2659,By world
2660,Shoulder individual
2661,Side lawyer
2662,Range ok
2663,Religious vote
2664,Reality strong
2665,Natural most
2666,Drug knowledge
2667,Project
2668,Article
2669,Walk
2670,Happen write
2671,Then represent
2672,Lawyer popular
2673,Science much
2674,Plan seek
2675,Once personal
2676,Girl speech
2677,Short apply
2678,Camera beyond
2679,Yourself too
2680,Mrs strong
2681,Teach discover
2682,Economic itself
2683,Feeling owner
2684,Public nice
2685,Window score
2686,Remember western
2687,Another movie
2688,Mr hit
2689,Above opportunity
2690,Organization civil
2691,Shoulder memory
2692,Save picture
2693,War hot
2694,Cell similar
2695,Best itself
2696,Own serve
2697,Either success
2698,Them
2699,Land rate
2700,Rock ability
2701,Population raise
2702,Statement
2703,Agency what
2704,Gun
2705,Experience lawyer
2706,Possible table
2707,Give nor
2708,Responsibility ball
2709,Tree
2710,Day player
2711,Program source
2712,After five
2713,Fly north
2714,Reason drop
2715,Realize argue
2716,Huge available
2717,Hair home
2718,Until usually
2719,Tree career
2720,Sing father
2721,Wind wide
2722,Test market
2723,Option seven
2724,Ever same
2725,Attorney every
2726,Institution style
2727,Ten crime
2728,Debate
2729,Technology fact
2730,Hold push
2731,Reality cultural
2732,Expect rest
2733,Number professor
2734,Sort play
2735,School concern
2736,Fact clear
2737,Over administration
2738,Although indeed
2739,Campaign she
2740,Later religious
2741,End community
2742,Pay do
2743,Strong
2744,Safe quickly
2745,Across respond
2746,Personal cost
2747,Such
2748,Body together
2749,Politics current
2750,Sport
2751,Agency less
2752,Ready thing
2753,Power surface
2754,No
2755,Relationship
2756,Development scene
2757,Them media
2758,Economy police
2759,You case
2760,Audience paper
2761,Sell remain
2762,Throughout himself
2763,Attention that
2764,Choice include
2765,Local him
2766,Long home
2767,East large
2768,His reality
2769,Show military
2770,Often
2771,Threat but
2772,Again
2773,Pay nation
2774,Picture call
2775,Grow particular
2776,Country serve
2777,Whose late
2778,Instead
2779,Protect group
2780,Themselves pattern
2781,Teacher seven
2782,Particular cell
2783,Must college
2784,Past court
2785,Perform vote
2786,Son another
2787,Few play
2788,Cultural cut
2789,Many enter
2790,Current better
2791,Choice word
2792,And long
2793,Give president
2794,Certainly success
2795,Spend capital
2796,Risk sometimes
2797,So
2798,Happen pass
2799,Scientist toward
2800,Responsibility so
2801,Case health
2802,Catch card
2803,Partner save
2804,Real skill
2805,Today social
2806,Husband consider
2807,Scientist surface
2808,More place
2809,Record leg
2810,Talk building
2811,Hit
2812,Great fly
2813,Agent
2814,Draw claim
2815,Box result
2816,Big
2817,Government ball
2818,Tree not
2819,Number argue
2820,Authority chance
2821,Let almost
2822,Their be
2823,Others want
2824,Beautiful if
2825,Add one
2826,He
2827,Station material
2828,Standard air
2829,Own carry
2830,Such political
2831,Since
2832,Visit item
2833,Per voice
2834,Society girl
2835,Force media
2836,Friend
2837,Whom throw
2838,Use get
2839,Sea hard
2840,Book development
2841,Spring organization
2842,Laugh sea
2843,Family election
2844,Control break
2845,Pay blue
2846,Serious girl
2847,Everybody land
2848,Education reveal
2849,Short whom
2850,Pay
2851,Area girl
2852,General reduce
2853,Customer apply
2854,School personal
2855,Wish
2856,Last third
2857,Really model
2858,Century different
2859,Catch time
2860,Wife floor
2861,Past region
2862,Question few
2863,Talk letter
2864,Others you
2865,Truth set
2866,Myself travel
2867,Less role
2868,Include lead
2869,A sometimes
2870,Our role
2871,Structure radio
2872,Particular benefit
2873,Along let
2874,Wonder word
2875,Only both
2876,Onto hair
2877,Home pull
2878,Sport price
2879,Day end
2880,Save three
2881,Style
2882,There seven
2883,Need yourself
2884,Style prevent
2885,Property
2886,Everyone order
2887,Finally attention
2888,Particular time
2889,Game morning
2890,These road
2891,Seat throw
2892,Share color
2893,Many specific
2894,Decision bed
2895,Happy agency
2896,Different yourself
2897,Vote series
2898,Mother heart
2899,Evidence contain
2900,Traditional loss
2901,Board suffer
2902,From describe
2903,Story prevent
2904,Throughout entire
2905,Soon some
2906,Like appear
2907,Season author
2908,Not smile
2909,Beat
2910,Education feeling
2911,Whole
2912,Fly me
2913,Mrs
2914,Watch find
2915,Born culture
2916,Should international
2917,Guess
2918,Series throughout
2919,Rich despite
2920,Field top
2921,Heart
2922,Nation themselves
2923,Star painting
2924,Talk far
2925,Pick network
2926,Yeah everybody
2927,Traditional the
2928,Song class
2929,Reality ago
2930,Knowledge focus
2931,Value with
2932,Really lawyer
2933,Item return
2934,Inside move
2935,Finish talk
2936,Respond prevent
2937,Position site
2938,Test may
2939,Leg measure
2940,Into and
2941,Important get
2942,Anyone accept
2943,Should leave
2944,Garden east
2945,Indeed play
2946,Building
2947,Myself majority
2948,Follow individual
2949,Put
2950,Stand place
2951,Edge one
2952,Also
2953,Usually little
2954,Let ok
2955,Team while
2956,My produce
2957,Such your
2958,Whatever myself
2959,Seek year
2960,Test require
2961,That hour
2962,Concern along
2963,Instead bag
2964,Begin how
2965,Single job
2966,Film others
2967,Head write
2968,This
2969,Arrive which
2970,Each them
2971,Rest huge
2972,Give sea
2973,Mission heavy
2974,Training sister
2975,Because argue
2976,Exactly protect
2977,Marriage hope
2978,Produce model
2979,Simple society
2980,Something
2981,Source worker
2982,Up despite
2983,Worry finally
2984,Its force
2985,However measure
2986,For party
2987,Good film
2988,Line from
2989,Hospital blue
2990,Item area
2991,Among course
2992,Trade evening
2993,Hotel set
2994,Law blood
2995,Woman the
2996,Education law
2997,Outside collection
2998,Small knowledge
2999,Newspaper thing
3000,Recent race
3001,Down natural
3002,Fly
3003,Wait body
3004,Better old
3005,International back
3006,About against
3007,Fact social
3008,Under those
3009,Provide yet
3010,Interesting minute
3011,Common ask
3012,Treat better
3013,Great
3014,Seven beyond
3015,Join sing
3016,Many notice
3017,Wide treat
3018,Difference
3019,Focus
3020,Once first
3021,Control soldier
3022,Ability account
3023,Shake TV
3024,Nothing Republican
3025,Various cold
3026,Meeting want
3027,Building note
3028,Not represent
3029,Nothing course
3030,Change difference
3031,Try during
3032,Account necessary
3033,Pass but
3034,Front ability
3035,Coach next
3036,Beat help
3037,Discussion drive
3038,Table free
3039,Send
3040,Economic full
3041,More plan
3042,Prove kitchen
3043,Note mouth
3044,Information result
3045,Truth those
3046,Account produce
3047,Message economic
3048,Because to
3049,Learn society
3050,Money note
3051,Back agreement
3052,General finally
3053,Save challenge
3054,Nor even
3055,Those lay
3056,Clear far
3057,Both officer
3058,Teach deep
3059,Reach cultural
3060,Suddenly statement
3061,Rock clear
3062,Wind gas
3063,Analysis
3064,Grow than
3065,Measure miss
3066,Movement fast
3067,Sign get
3068,Reality close
3069,Night whole
3070,Effect wind
3071,Attention camera
3072,Onto political
3073,Blood possible
3074,Within risk
3075,Fact result
3076,Perform
3077,Government decision
3078,Teacher later
3079,Drop set
3080,When loss
3081,Chance even
3082,Late around
3083,For owner
3084,Expert message
3085,Career couple
3086,Value through
3087,Bring start
3088,Air interesting
3089,Industry around
3090,Language
3091,Issue feel
3092,Every likely
3093,Be argue
3094,Put answer
3095,Admit property
3096,Science yard
3097,Family right
3098,Industry simple
3099,Can beautiful
3100,Cup whatever
3101,Enough
3102,Through of
3103,Since happy
3104,Trip drive
3105,Media decide
3106,Beat wind
3107,Financial lawyer
3108,Exactly
3109,This us
3110,Small development
3111,Turn social
3112,Lot reality
3113,Meet thought
3114,Series area
3115,Situation act
3116,Able national
3117,Help eight
3118,White condition
3119,At
3120,Occur out
3121,Old huge
3122,Tonight either
3123,Avoid soldier
3124,Affect land
3125,After hotel
3126,Television
3127,Both deep
3128,Per be
3129,Nearly mother
3130,Major deep
3131,Customer world
3132,Interest Democrat
3133,Interest get
3134,Writer else
3135,Political table
3136,Candidate suffer
3137,Under carry
3138,List allow
3139,Result easy
3140,Public pretty
3141,Country husband
3142,Population its
3143,Statement fire
3144,Assume late
3145,Research move
3146,Must owner
3147,Agree watch
3148,Painting stop
3149,Hair success
3150,Military method
3151,Always spring
3152,Name be
3153,Listen
3154,Part think
3155,Whatever friend
3156,Lose order
3157,From attack
3158,Compare
3159,Behind under
3160,Think fund
3161,Increase hair
3162,Another about
3163,Beyond billion
3164,Woman special
3165,Before yard
3166,Phone civil
3167,Defense area
3168,Foreign
3169,Rate consider
3170,Name term
3171,Western never
3172,Name we
3173,Smile property
3174,Kid team
3175,Prevent
3176,Four show
3177,Image
3178,Positive me
3179,Pay doctor
3180,Interview trouble
3181,Glass adult
3182,Involve development
3183,Change rock
3184,Wait threat
3185,Environmental
3186,Yet own
3187,Sign agent
3188,Particular store
3189,Company
3190,Popular guy
3191,Person blue
3192,Hope tax
3193,Wide response
3194,Doctor make
3195,Environmental finish
3196,Standard standard
3197,Sure middle
3198,Resource race
3199,Truth PM
3200,West green
3201,Appear adult
3202,Practice
3203,Board pattern
3204,Senior nation
3205,Direction say
3206,Effort
3207,Keep half
3208,Indeed
3209,Discussion real
3210,Lose cover
3211,Music win
3212,Range
3213,Student face
3214,Last side
3215,Month
3216,Long almost
3217,Church seven
3218,Watch election
3219,Much send
3220,Edge into
3221,Field agent
3222,Upon assume
3223,Billion conference
3224,Over local
3225,Network experience
3226,Return prove
3227,Thousand perhaps
3228,Forget star
3229,Involve focus
3230,Try oil
3231,Health
3232,Democratic growth
3233,Resource girl
3234,Challenge upon
3235,Against explain
3236,Marriage over
3237,Position center
3238,Player approach
3239,Science tonight
3240,Fact
3241,Mean project
3242,Hand itself
3243,Candidate imagine
3244,Which great
3245,Last determine
3246,Police daughter
3247,Meeting law
3248,Prove
3249,Public
3250,Finish first
3251,Somebody paper
3252,Lead account
3253,Shake take
3254,The present
3255,Project million
3256,Seem
3257,Court indeed
3258,Young continue
3259,Whom stuff
3260,They Republican
3261,Indeed evidence
3262,Table ok
3263,Member far
3264,Lot policy
3265,Eat very
3266,Realize child
3267,Base event
3268,Position
3269,On response
3270,Not since
3271,Employee pressure
3272,Join subject
3273,Treat huge
3274,Be
3275,Listen religious
3276,Can
3277,She sometimes
3278,Understand reach
3279,Movement last
3280,Project box
3281,Threat any
3282,Oil security
3283,Own product
3284,Wrong decision
3285,May near
3286,Fall time
3287,Risk
3288,Message world
3289,Probably beautiful
3290,Stock next
3291,List apply
3292,Stuff detail
3293,By charge
3294,Herself teacher
3295,Religious sense
3296,Beyond continue
3297,Task base
3298,Work might
3299,Test country
3300,Fall determine
3301,Blood reach
3302,Degree unit
3303,Stage Democrat
3304,Investment
3305,Professional yes
3306,Carry plant
3307,Everything price
3308,Art tell
3309,Hour direction
3310,Source sister
3311,View hair
3312,Keep control
3313,Case human
3314,Most we
3315,Determine continue
3316,Moment just
3317,South ability
3318,Discuss matter
3319,System turn
3320,Old
3321,Bar recent
3322,Reach southern
3323,Notice like
3324,Coach eat
3325,Board scientist
3326,Four give
3327,Seek
3328,Water wait
3329,Author election
3330,Pay also
3331,Later weight
3332,Fire today
3333,Event direction
3334,Clearly federal
3335,Paper throw
3336,Him hospital
3337,Attack establish
3338,End military
3339,Music paper
3340,Often use
3341,Determine dark
3342,Meeting employee
3343,Address quality
3344,Action couple
3345,Western while
3346,Process ability
3347,Relationship live
3348,Surface reveal
3349,Population identify
3350,Base task
3351,Night another
3352,Fire choice
3353,Will act
3354,Site manage
3355,Project policy
3356,Left participant
3357,Throw
3358,Avoid vote
3359,May they
3360,War ready
3361,Speech despite
3362,Policy president
3363,Myself hospital
3364,Media hour
3365,Yard put
3366,Seven summer
3367,Natural simply
3368,Individual several
3369,Likely admit
3370,Today interview
3371,Movie crime
3372,Plan response
3373,Deal side
3374,Kid piece
3375,Recent strategy
3376,Kitchen
3377,Security eight
3378,Girl coach
3379,Yourself us
3380,Building major
3381,Southern page
3382,Sometimes reflect
3383,Not task
3384,Huge because
3385,Low his
3386,Question their
3387,Adult game
3388,Option
3389,Man control
3390,Government they
3391,Hit necessary
3392,Color glass
3393,Able manager
3394,Less section
3395,Church ability
3396,Beautiful remember
3397,Order discover
3398,Spend scene
3399,Pay assume
3400,Paper plant
3401,Explain station
3402,Former watch
3403,Know
3404,When term
3405,Sea head
3406,Mention quickly
3407,Teach class
3408,We air
3409,Quality wish
3410,Company movement
3411,Because least
3412,Identify middle
3413,Debate detail
3414,Easy population
3415,Step prepare
3416,Ball door
3417,Several identify
3418,Never hard
3419,Trial several
3420,Carry control
3421,Pressure leg
3422,Traditional clear
3423,Upon eye
3424,Often eat
3425,Explain even
3426,Score manage
3427,Ago almost
3428,True really
3429,Concern happen
3430,Very begin
3431,Else well
3432,Part pay
3433,Heart agreement
3434,Eight process
3435,Wind service
3436,Nothing economic
3437,Behavior third
3438,His meet
3439,Radio experience
3440,Fall
3441,Available hospital
3442,Save source
3443,Option team
3444,Learn scientist
3445,Line push
3446,Year stop
3447,Worker movement
3448,Probably receive
3449,Nice party
3450,Set speak
3451,Six represent
3452,Soon something
3453,Data responsibility
3454,Fear land
3455,Mission vote
3456,Describe central
3457,Statement project
3458,Bit statement
3459,Rate out
3460,Ground total
3461,Common everyone
3462,Available certain
3463,Town relationship
3464,Pm partner
3465,Research detail
3466,Forward price
3467,Three compare
3468,Treat ground
3469,Audience expert
3470,Building as
3471,Here hold
3472,Detail customer
3473,End scene
3474,Above speech
3475,This happy
3476,Trial his
3477,Simple image
3478,Region discover
3479,Page weight
3480,Skill book
3481,Win police
3482,Total seem
3483,Age learn
3484,Bar soldier
3485,Other so
3486,Keep skill
3487,I draw
3488,Beat window
3489,Image national
3490,Environment produce
3491,Blood foot
3492,Course avoid
3493,Society area
3494,Himself level
3495,Per event
3496,Improve may
3497,Hear nothing
3498,Design leg
3499,Boy you
3500,Away thing
3501,Present try
3502,Smile who
3503,East best
3504,Despite form
3505,Enter star
3506,Probably rather
3507,Stuff decide
3508,His to
3509,Off visit
3510,Administration with
3511,Ago story
3512,Someone
3513,Three miss
3514,Glass join
3515,Effort present
3516,Note property
3517,Matter here
3518,Similar federal
3519,Quality candidate
3520,Water dinner
3521,Face tend
3522,Month issue
3523,Nor price
3524,Instead worker
3525,Impact manager
3526,Reveal plant
3527,Trade eight
3528,Result blood
3529,Around really
3530,Age public
3531,Record shake
3532,Approach full
3533,True like
3534,Reveal blue
3535,Ago available
3536,Tough base
3537,Main receive
3538,Occur state
3539,Ok others
3540,Memory doctor
3541,Experience edge
3542,Ten stop
3543,Church need
3544,Physical country
3545,Building always
3546,Ever better
3547,Article agent
3548,Fire thought
3549,Particular maybe
3550,Box
3551,Couple short
3552,Her include
3553,On south
3554,Consumer use
3555,Control keep
3556,Reach analysis
3557,Safe sport
3558,Friend may
3559,City work
3560,Half work
3561,Western certainly
3562,Meet boy
3563,Out expect
3564,Wall long
3565,Public southern
3566,Recently
3567,Security from
3568,Tough marriage
3569,Pick indicate
3570,Risk company
3571,Sit beautiful
3572,Indicate occur
3573,Exist glass
3574,During least
3575,Language rule
3576,Child concern
3577,Maintain pay
3578,Beat organization
3579,Some fact
3580,We
3581,Pick commercial
3582,Happen resource
3583,Three feel
3584,Artist picture
3585,According large
3586,Put several
3587,Suggest friend
3588,Strategy
3589,Action clearly
3590,Style suffer
3591,Past cup
3592,Some simple
3593,Dinner minute
3594,Player financial
3595,Particular board
3596,Organization
3597,Site approach
3598,Low wife
3599,Pay read
3600,Near small
3601,Create world
3602,Third tough
3603,Unit cost
3604,Throw part
3605,Ready main
3606,Method inside
3607,Dog find
3608,Against itself
3609,Part enjoy
3610,Information situation
3611,Between south
3612,Room majority
3613,Stop stock
3614,Factor concern
3615,The say
3616,Firm situation
3617,Age record
3618,Consider level
3619,Treat will
3620,Course position
3621,Stop level
3622,Fire second
3623,Sign others
3624,Far
3625,Age ball
3626,Program modern
3627,Federal staff
3628,Relate project
3629,Safe technology
3630,Plan seven
3631,Civil buy
3632,Between whom
3633,Item outside
3634,Guess with
3635,Stop help
3636,Speech one
3637,Culture truth
3638,Item through
3639,Bar old
3640,Magazine computer
3641,Mind teach
3642,Later week
3643,Why vote
3644,Animal adult
3645,Collection no
3646,Agency option
3647,Dream where
3648,When everyone
3649,Toward
3650,Month figure
3651,Seem responsibility
3652,Manage claim
3653,Discover kind
3654,Degree magazine
3655,Form box
3656,Much picture
3657,Which imagine
3658,Off which
3659,Trial whom
3660,Mean team
3661,Military population
3662,Perhaps way
3663,Win surface
3664,Street if
3665,Road so
3666,Travel head
3667,Difference all
3668,Later actually
3669,Painting end
3670,For real
3671,Citizen pretty
3672,Move expect
3673,Manage arrive
3674,Marriage knowledge
3675,Add to
3676,Near
3677,Seat per
3678,Huge center
3679,Main gas
3680,Which stand
3681,Attention memory
3682,Design week
3683,Reality picture
3684,Strategy condition
3685,Third personal
3686,Poor professional
3687,Present behind
3688,Person husband
3689,Church us
3690,World former
3691,Technology money
3692,Growth treatment
3693,Sister radio
3694,Participant kitchen
3695,Glass people
3696,Necessary include
3697,Air sort
3698,Leg central
3699,Successful compare
3700,Cover beautiful
3701,Represent remain
3702,Ball value
3703,Wonder politics
3704,American knowledge
3705,Threat when
3706,Perform never
3707,Big red
3708,Town entire
3709,Probably magazine
3710,Research recent
3711,Rather which
3712,Young stuff
3713,Easy simply
3714,Hand season
3715,Training instead
3716,Wrong assume
3717,Seek look
3718,Bar consumer
3719,Call
3720,Movie image
3721,Blue camera
3722,Gas wrong
3723,Improve model
3724,Whose concern
3725,Election play
3726,Already really
3727,Particularly
3728,Life almost
3729,Full break
3730,Image word
3731,Minute show
3732,Feeling economic
3733,Agreement cup
3734,Act few
3735,Religious
3736,Care always
3737,Not tree
3738,Serve spring
3739,Information ground
3740,Look tonight
3741,Improve mind
3742,Memory candidate
3743,Office range
3744,Science very
3745,Serious accept
3746,Expect right
3747,Focus trouble
3748,Anything company
3749,According view
3750,Pull politics
3751,Road science
3752,Every room
3753,Without step
3754,National big
3755,Mean
3756,When focus
3757,Forward situation
3758,You enough
3759,Keep agent
3760,Dog guy
3761,Real education
3762,Culture wind
3763,Career after
3764,Red huge
3765,Bill much
3766,Great large
3767,Article worker
3768,Hear lay
3769,Result other
3770,Rise source
3771,Card put
3772,Paper Democrat
3773,Issue special
3774,Notice mean
3775,Cell factor
3776,Organization life
3777,Meet pattern
3778,Focus worry
3779,Note meet
3780,Suffer rule
3781,Week born
3782,Notice painting
3783,Visit image
3784,Thus ready
3785,Truth degree
3786,Often manager
3787,Across language
3788,But leader
3789,News friend
3790,When space
3791,Like under
3792,Job third
3793,Point many
3794,Pretty old
3795,Partner during
3796,Particularly action
3797,Food also
3798,House writer
3799,Visit kind
3800,World management
3801,Small under
3802,Loss try
3803,Cut put
3804,Should medical
3805,Rich loss
3806,East official
3807,Movie add
3808,Would group
3809,Industry along
3810,Window against
3811,Peace nice
3812,Fight live
3813,Player sign
3814,Conference how
3815,Role pattern
3816,Participant right
3817,Police
3818,Protect real
3819,Upon goal
3820,Character again
3821,Night stuff
3822,Partner player
3823,Or present
3824,Success line
3825,Total administration
3826,Service
3827,Use hear
3828,Second college
3829,Student bad
3830,Remain pass
3831,Newspaper whatever
3832,Action rate
3833,Door help
3834,Particularly live
3835,Quickly
3836,Thing despite
3837,Audience theory
3838,Perform away
3839,Someone focus
3840,Cost win
3841,Every entire
3842,Move treat
3843,Hotel enjoy
3844,Size Congress
3845,North police
3846,Individual can
3847,Thank kitchen
3848,Reveal suddenly
3849,Design series
3850,Like establish
3851,Account result
3852,Full reduce
3853,Dog catch
3854,Size finish
3855,Country professional
3856,Likely lot
3857,Range benefit
3858,Feeling indicate
3859,Summer edge
3860,Course occur
3861,Speak
3862,Month audience
3863,I along
3864,Leader let
3865,Because sea
3866,Laugh
3867,Above walk
3868,Hold general
3869,Threat add
3870,Truth go
3871,Trouble major
3872,Partner machine
3873,House describe
3874,Gas class
3875,Student never
3876,Collection whole
3877,Agent talk
3878,Need soon
3879,Lose something
3880,Alone agency
3881,Those it
3882,Then machine
3883,Often traditional
3884,Way enjoy
3885,Information herself
3886,Father lay
3887,Personal dog
3888,Structure cost
3889,Respond form
3890,Nothing group
3891,Ability ahead
3892,Gun hotel
3893,Final whose
3894,Recently mouth
3895,Energy truth
3896,Process surface
3897,Feeling player
3898,In well
3899,Statement reach
3900,Involve law
3901,Speech
3902,Picture stuff
3903,Develop final
3904,Attorney cover
3905,How central
3906,Even yeah
3907,Reason bed
3908,Offer accept
3909,Do show
3910,Participant identify
3911,Decide ahead
3912,Exist newspaper
3913,Media both
3914,Evidence performance
3915,Table picture
3916,Likely couple
3917,Free meet
3918,Feeling third
3919,Others recent
3920,Appear service
3921,Risk nice
3922,Society career
3923,Food mission
3924,Grow and
3925,Design number
3926,Outside data
3927,Get among
3928,Myself guess
3929,Time campaign
3930,Television cause
3931,Wall bank
3932,Smile new
3933,Beat allow
3934,Shake admit
3935,Type once
3936,Feeling tell
3937,Idea until
3938,Before always
3939,Crime people
3940,You mention
3941,Factor address
3942,Challenge set
3943,Car doctor
3944,Seven ever
3945,Different visit
3946,Recently bag
3947,Join choice
3948,Throughout from
3949,Better need
3950,Behavior step
3951,Near buy
3952,Long ok
3953,Woman standard
3954,Section memory
3955,Man machine
3956,Level choice
3957,Piece drop
3958,Network generation
3959,Civil five
3960,Employee hear
3961,The marriage
3962,News
3963,Claim boy
3964,For piece
3965,Early easy
3966,Level thought
3967,Mission small
3968,Contain herself
3969,Mr study
3970,Might serve
3971,High five
3972,Together health
3973,However staff
3974,Lose million
3975,Even along
3976,Season office
3977,Fill how
3978,Current weight
3979,Huge south
3980,Ever among
3981,Already each
3982,Develop behind
3983,Step cold
3984,Tax upon
3985,West high
3986,Both capital
3987,Pay despite
3988,Charge discussion
3989,Foreign yet
3990,Range environmental
3991,Store tough
3992,Parent college
3993,Almost read
3994,As end
3995,Surface set
3996,Single deal
3997,Bad might
3998,Land investment
3999,Part catch
4000,Glass turn
4001,Cultural last
4002,Enjoy
4003,Also case
4004,Stage design
4005,Picture scientist
4006,Offer produce
4007,Direction head
4008,Enjoy money
4009,Read painting
4010,Help return
4011,Assume possible
4012,Lose perhaps
4013,Return management
4014,During follow
4015,Stand town
4016,Style far
4017,Position car
4018,Mention smile
4019,Discussion see
4020,Protect election
4021,After food
4022,Wrong why
4023,Activity recognize
4024,Individual win
4025,When
4026,City management
4027,I keep
4028,Know begin
4029,Practice movie
4030,Early defense
4031,Door
4032,Deep skill
4033,Institution executive
4034,Direction gas
4035,Building customer
4036,Raise message
4037,Maybe thought
4038,Chance against
4039,Stock smile
4040,East fact
4041,Network TV
4042,Quite actually
4043,Main couple
4044,Stop debate
4045,Determine finally
4046,Despite simple
4047,Cut hot
4048,Of skin
4049,Participant which
4050,Thank energy
4051,Simple attention
4052,After media
4053,Itself behavior
4054,Situation north
4055,History type
4056,Husband thank
4057,Simply sense
4058,Arrive thousand
4059,Collection
4060,Analysis produce
4061,New although
4062,Son benefit
4063,History
4064,Relationship political
4065,Away analysis
4066,Action movie
4067,House eye
4068,Appear special
4069,Let third
4070,City model
4071,Throw little
4072,Head simple
4073,Trade she
4074,Leave rock
4075,Reality really
4076,Director environmental
4077,Your eat
4078,Board billion
4079,Pretty term
4080,Employee professor
4081,Like director
4082,After war
4083,Owner social
4084,Center address
4085,Fill be
4086,Star phone
4087,Movement short
4088,State father
4089,Perhaps one
4090,Cell boy
4091,Box my
4092,Explain despite
4093,National color
4094,Offer several
4095,Despite within
4096,Explain position
4097,Moment happen
4098,Foot better
4099,Wrong time
4100,Population run
4101,Parent institution
4102,Expect from
4103,American piece
4104,Treat nothing
4105,Account language
4106,Choose doctor
4107,Cell five
4108,Team to
4109,Age direction
4110,Reality the
4111,Lawyer ten
4112,That rest
4113,People blood
4114,Each education
4115,Add bag
4116,Environment have
4117,Pay but
4118,Return out
4119,Agree radio
4120,Stage action
4121,Tonight whatever
4122,Worker several
4123,Character lot
4124,Despite minute
4125,Her edge
4126,Reflect center
4127,Long politics
4128,Tonight inside
4129,Again attention
4130,Animal mouth
4131,Lose improve
4132,Enjoy kid
4133,Training sometimes
4134,Program you
4135,Reality too
4136,High share
4137,Top condition
4138,Stay second
4139,Walk third
4140,Book too
4141,Room the
4142,School economy
4143,Against smile
4144,Close quite
4145,Federal certain
4146,Possible member
4147,Full response
4148,One bill
4149,Talk worker
4150,Happen wish
4151,Trouble member
4152,Product watch
4153,Difference oil
4154,Marriage factor
4155,Free low
4156,Price say
4157,Fear front
4158,Guess book
4159,Fast behavior
4160,Final card
4161,Reflect line
4162,Well power
4163,Wind final
4164,Again perhaps
4165,Big central
4166,Account central
4167,Year where
4168,Of evidence
4169,Above gun
4170,Example organization
4171,Maybe yes
4172,Not because
4173,Far else
4174,News family
4175,Per anyone
4176,Account success
4177,Peace tend
4178,Civil behind
4179,Use how
4180,Cup member
4181,Performance notice
4182,Direction sense
4183,Sense travel
4184,Man little
4185,Recognize each
4186,Election yet
4187,Above door
4188,Campaign medical
4189,Open
4190,As day
4191,Job rate
4192,Would need
4193,Pull safe
4194,Peace indicate
4195,Health movie
4196,Foreign decade
4197,Water cover
4198,Back customer
4199,Somebody lead
4200,No sometimes
4201,Vote son
4202,Our chair
4203,Product
4204,Tell expect
4205,Black health
4206,Order clearly
4207,Own by
4208,Nor common
4209,Or lawyer
4210,Agent among
4211,Fear impact
4212,Director officer
4213,Animal position
4214,Require yes
4215,Doctor allow
4216,Age one
4217,Bring home
4218,The help
4219,Require there
4220,Chair
4221,Might past
4222,Even among
4223,World story
4224,Remember
4225,Determine money
4226,Political likely
4227,Mind choice
4228,Station discover
4229,Nation thousand
4230,Officer theory
4231,Three information
4232,Apply work
4233,Consumer range
4234,Morning decade
4235,Draw analysis
4236,Wide without
4237,Stay reflect
4238,Side attorney
4239,Nearly gun
4240,About sign
4241,Activity each
4242,Evening everybody
4243,Play one
4244,Ever more
4245,Free wind
4246,Process news
4247,Memory them
4248,Pretty whose
4249,Stay
4250,Spend continue
4251,Its they
4252,Behavior instead
4253,Thing
4254,Recently action
4255,In
4256,Likely represent
4257,Example history
4258,Establish
4259,And cold
4260,Wall can
4261,Deep section
4262,Beat involve
4263,Write size
4264,Watch training
4265,Writer than
4266,Save huge
4267,Stuff action
4268,On argue
4269,Sit evening
4270,Son phone
4271,Again produce
4272,Risk music
4273,That message
4274,Subject visit
4275,Among machine
4276,Any true
4277,Parent police
4278,Type artist
4279,Morning alone
4280,Story
4281,Budget condition
4282,Note camera
4283,Arm great
4284,Price number
4285,Fast improve
4286,Open upon
4287,Cost line
4288,Win everyone
4289,Me year
4290,Type management
4291,Example ground
4292,One not
4293,Exist reflect
4294,Describe same
4295,Ability world
4296,Notice two
4297,Hear when
4298,Forget evidence
4299,Gun rather
4300,Some later
4301,Market either
4302,Into ability
4303,Year record
4304,Thank bad
4305,Speak type
4306,Most city
4307,Write also
4308,Much factor
4309,Better chance
4310,Population down
4311,This bar
4312,Building relationship
4313,Economy mission
4314,No down
4315,Upon
4316,Yard voice
4317,Single move
4318,Military professor
4319,Man camera
4320,Same other
4321,Weight
4322,One owner
4323,Follow hard
4324,Scientist college
4325,Save seat
4326,Safe owner
4327,Identify business
4328,President heavy
4329,Body wait
4330,Audience government
4331,Stock loss
4332,Be wonder
4333,Partner good
4334,Accept future
4335,My when
4336,Understand medical
4337,Behind soldier
4338,Authority thank
4339,Central research
4340,Girl personal
4341,Must information
4342,Believe over
4343,Itself put
4344,Good charge
4345,Wife program
4346,Range customer
4347,Care pattern
4348,Center yard
4349,Policy event
4350,Approach method
4351,Play article
4352,Politics dog
4353,And money
4354,Board outside
4355,Himself
4356,Yes attorney
4357,We American
4358,Identify fund
4359,Example music
4360,Positive pull
4361,Condition
4362,Catch amount
4363,Free we
4364,Family record
4365,Data child
4366,Rest establish
4367,Make without
4368,Employee man
4369,Amount seat
4370,Chance itself
4371,Single happy
4372,Measure listen
4373,Better ok
4374,Size life
4375,Bit lead
4376,Through individual
4377,Boy them
4378,Minute military
4379,Clear southern
4380,World that
4381,The community
4382,Less political
4383,Morning nor
4384,Hour knowledge
4385,Water thank
4386,Rest foreign
4387,What training
4388,Traditional case
4389,Form
4390,Rise third
4391,Cost reality
4392,Yourself spend
4393,Include prevent
4394,Perform try
4395,Skill record
4396,Field base
4397,Show near
4398,Cover fast
4399,Behavior any
4400,Information middle
4401,Performance old
4402,Catch wide
4403,Share community
4404,Recent believe
4405,My pick
4406,Break up
4407,Head lose
4408,Loss page
4409,Marriage ahead
4410,Left head
4411,Black baby
4412,Way imagine
4413,War individual
4414,Part
4415,Player idea
4416,Me song
4417,As exactly
4418,Every win
4419,Within allow
4420,He heart
4421,System own
4422,Remember buy
4423,Herself night
4424,Person themselves
4425,Bill like
4426,Recently data
4427,Live kitchen
4428,Goal go
4429,Might bar
4430,Bill Democrat
4431,Drop level
4432,Last candidate
4433,Enter discover
4434,Project include
4435,Deep
4436,Others onto
4437,Method positive
4438,Simply reflect
4439,Throughout able
4440,Energy six
4441,Nothing president
4442,Son bit
4443,Push site
4444,Mind mission
4445,Street give
4446,Include be
4447,Section less
4448,Marriage fill
4449,Receive father
4450,Reflect employee
4451,Her apply
4452,Hot company
4453,Writer
4454,Since head
4455,Finally trip
4456,Evening left
4457,Project some
4458,Bar wait
4459,Guess edge
4460,Show matter
4461,Themselves make
4462,Teach officer
4463,He light
4464,Small would
4465,State writer
4466,Lot sure
4467,Body carry
4468,Piece ready
4469,Her decision
4470,Lawyer account
4471,Cost exactly
4472,Watch kitchen
4473,Movement seven
4474,Time change
4475,Economic girl
4476,Identify from
4477,Above use
4478,Themselves hold
4479,Line watch
4480,Executive speech
4481,Majority sort
4482,Street likely
4483,Collection cause
4484,Heavy their
4485,Ready cost
4486,Rest include
4487,Food several
4488,Condition action
4489,Friend size
4490,Successful feel
4491,Live will
4492,Film herself
4493,Pass consider
4494,From though
4495,Far enter
4496,Act energy
4497,Half college
4498,Know adult
4499,Maybe various
4500,Commercial significant
4501,Risk success
4502,Group behavior
4503,Source
4504,East
4505,Case type
4506,Seven account
4507,Trade understand
4508,Large particular
4509,Usually feel
4510,Word fill
4511,Wind official
4512,Bit have
4513,Choose
4514,Because movie
4515,All occur
4516,System truth
4517,Could Democrat
4518,Film necessary
4519,Happy today
4520,Too TV
4521,Safe system
4522,Appear school
4523,Group important
4524,When might
4525,Prepare back
4526,Fall personal
4527,Build economic
4528,Western these
4529,Finish could
4530,Similar place
4531,Letter detail
4532,Six turn
4533,Difference move
4534,Culture hit
4535,Environment probably
4536,Such measure
4537,During rock
4538,Exist several
4539,Institution how
4540,While beyond
4541,Wide seat
4542,Then great
4543,Performance student
4544,Present where
4545,Factor unit
4546,Individual free
4547,Different leader
4548,Movie require
4549,Possible particularly
4550,Think usually
4551,Occur would
4552,Voice paper
4553,Be will
4554,Among know
4555,Put easy
4556,Address write
4557,Song wide
4558,More politics
4559,Character improve
4560,Project and
4561,Final foot
4562,Board paper
4563,Bill point
4564,Establish lose
4565,Wear play
4566,Sister party
4567,Me town
4568,Enter science
4569,Learn
4570,If little
4571,Outside challenge
4572,Way rule
4573,Better kitchen
4574,Article enough
4575,Partner thousand
4576,Plan price
4577,Discover society
4578,Newspaper accept
4579,Stay night
4580,Develop present
4581,Notice toward
4582,Until here
4583,Skin tax
4584,Draw hotel
4585,Wall when
4586,Spend compare
4587,Sell center
4588,Single every
4589,Party according
4590,Run hold
4591,Organization interview
4592,Find white
4593,Career purpose
4594,Century world
4595,Throw property
4596,Free talk
4597,Miss just
4598,Wait wall
4599,Drive note
4600,Media development
4601,Many them
4602,Doctor politics
4603,Put within
4604,Hospital do
4605,Sister both
4606,Rich at
4607,Method their
4608,Game rise
4609,Machine civil
4610,Commercial bit
4611,Majority boy
4612,Especially artist
4613,Almost start
4614,Identify happy
4615,From always
4616,Cut nor
4617,Tell message
4618,Foreign whose
4619,Skin accept
4620,Bar work
4621,Oil sure
4622,Girl which
4623,One news
4624,Career particular
4625,Set bill
4626,Church floor
4627,Nation staff
4628,Evening on
4629,Minute laugh
4630,Me common
4631,West base
4632,Read world
4633,Evening enjoy
4634,They like
4635,Thank today
4636,National hit
4637,Congress during
4638,Free ahead
4639,Point draw
4640,Heart pick
4641,Everything college
4642,Newspaper movie
4643,Turn job
4644,Laugh letter
4645,Receive here
4646,Seven per
4647,Market section
4648,Me sell
4649,What side
4650,Same value
4651,Health state
4652,Eat for
4653,Stuff thousand
4654,Order allow
4655,Live drug
4656,House field
4657,Data assume
4658,Situation evidence
4659,Local opportunity
4660,Hour summer
4661,Somebody suddenly
4662,Outside movie
4663,Half crime
4664,Hope old
4665,Local ground
4666,Night interest
4667,See number
4668,Every debate
4669,Four stage
4670,Step start
4671,Wonder agent
4672,Central religious
4673,Hit along
4674,Across ball
4675,Traditional staff
4676,Simple power
4677,Enjoy down
4678,Social boy
4679,Fight share
4680,Ten also
4681,Whether evening
4682,Pass box
4683,Assume analysis
4684,Store popular
4685,Drive clearly
4686,Nature address
4687,Girl list
4688,Black win
4689,Reality school
4690,Candidate also
4691,Certainly item
4692,Least west
4693,Nothing mind
4694,Since good
4695,Option voice
4696,Growth view
4697,Sometimes
4698,Four list
4699,Sign ever
4700,Computer natural
4701,Forward clearly
4702,Fill difference
4703,Term able
4704,Minute current
4705,Order success
4706,Research recently
4707,Decide past
4708,Statement affect
4709,Economic wonder
4710,Eat choice
4711,Car fire
4712,Generation rather
4713,Worker
4714,Second force
4715,Democrat likely
4716,Environment country
4717,Leave west
4718,Interesting every
4719,Budget information
4720,Time
4721,Onto best
4722,Test audience
4723,Grow event
4724,Experience half
4725,Scientist trial
4726,Policy ever
4727,Purpose choice
4728,Deal office
4729,Possible woman
4730,Create away
4731,Factor seven
4732,Explain tend
4733,Allow in
4734,Marriage toward
4735,Contain
4736,Mention whether
4737,Visit close
4738,Task that
4739,Model a
4740,Weight child
4741,Design will
4742,Win right
4743,Tough meeting
4744,Much two
4745,Toward decision
4746,Sort store
4747,Stay less
4748,Message
4749,Own themselves
4750,Simply high
4751,Ball those
4752,Others sit
4753,Establish off
4754,Save lose
4755,Attack reveal
4756,Staff hot
4757,Almost of
4758,Just others
4759,For check
4760,Buy might
4761,Begin it
4762,Set stop
4763,Exist old
4764,Box almost
4765,Suffer interesting
4766,Subject her
4767,Order say
4768,Recent operation
4769,Wear account
4770,Upon minute
4771,Sister agreement
4772,Fall artist
4773,Report nor
4774,Cold usually
4775,Senior near
4776,Bring foreign
4777,Onto cut
4778,Care traditional
4779,Energy security
4780,Student institution
4781,Sign hair
4782,Stuff position
4783,Watch worry
4784,Many until
4785,Back system
4786,Table direction
4787,Yeah role
4788,President police
4789,Century ability
4790,Fill newspaper
4791,Culture short
4792,Design left
4793,Beautiful world
4794,Herself push
4795,Poor first
4796,According until
4797,Continue with
4798,Test there
4799,Month range
4800,Learn it
4801,Before career
4802,Whose generation
4803,Bank generation
4804,Wind ok
4805,Black us
4806,Approach respond
4807,Performance people
4808,Time during
4809,Night save
4810,More ever
4811,Born agreement
4812,Than author
4813,She month
4814,Just describe
4815,Side glass
4816,Happy seek
4817,Control community
4818,Here these
4819,Participant under
4820,Describe small
4821,Poor every
4822,Blood arm
4823,Bar away
4824,Professional hold
4825,Plant pretty
4826,Push these
4827,Political although
4828,War southern
4829,Industry political
4830,Arrive Congress
4831,Lose those
4832,Board box
4833,Four born
4834,Program special
4835,Close role
4836,Break paper
4837,Option star
4838,Sell per
4839,Some decade
4840,Parent provide
4841,Reach always
4842,Oil that
4843,Science suddenly
4844,Myself wear
4845,And bill
4846,Style author
4847,Whom at
4848,Send worry
4849,Deep fast
4850,Difference throughout
4851,Trip article
4852,Program question
4853,Even necessary
4854,Record improve
4855,Road ground
4856,Be glass
4857,Catch worry
4858,Official bit
4859,Dream join
4860,Able good
4861,Run be
4862,Beyond soon
4863,East high
4864,Human body
4865,Bag include
4866,Free research
4867,Crime continue
4868,Time describe
4869,Modern water
4870,Act indeed
4871,Bit clearly
4872,Serve relationship
4873,Parent culture
4874,Risk military
4875,Generation build
4876,Moment each
4877,Pressure instead
4878,Increase standard
4879,Boy defense
4880,Fill family
4881,Fund interview
4882,Claim green
4883,Cost as
4884,Hotel control
4885,During might
4886,Impact program
4887,Thing spring
4888,Music high
4889,Dog investment
4890,Care and
4891,Director popular
4892,While pressure
4893,Hear follow
4894,Budget financial
4895,Total red
4896,Message traditional
4897,Figure even
4898,Or everyone
4899,Recognize forward
4900,Ready glass
4901,Likely hour
4902,Time hear
4903,Traditional recently
4904,Rate while
4905,Service possible
4906,Herself often
4907,Time just
4908,Someone drop
4909,Walk word
4910,Front risk
4911,Agent create
4912,Next three
4913,Reality partner
4914,Teacher to
4915,System staff
4916,Cultural question
4917,Bad across
4918,Subject usually
4919,Impact base
4920,Maybe threat
4921,Blood his
4922,Partner plant
4923,Wrong Republican
4924,Arrive
4925,Take fall
4926,Investment ability
4927,Challenge
4928,Sea memory
4929,Knowledge data
4930,Positive reason
4931,Put language
4932,Across concern
4933,Yet writer
4934,Whom prove
4935,Exactly but
4936,Sport speech
4937,Reach thought
4938,Recent whom
4939,Along try
4940,Thank let
4941,May do
4942,Wrong middle
4943,Necessary she
4944,Their
4945,Ever truth
4946,Their including
4947,Best outside
4948,In media
4949,Range item
4950,Career score
4951,Doctor among
4952,Forget take
4953,Like energy
4954,Stop bill
4955,Newspaper hope
4956,New hotel
4957,Buy yeah
4958,Why until
4959,Trouble order
4960,How card
4961,Them themselves
4962,Movement manage
4963,Military reveal
4964,Best
4965,Leg look
4966,Challenge staff
4967,But everything
4968,Time simply
4969,Trial argue
4970,Garden more
4971,Much run
4972,One town
4973,Ask new
4974,Yes pretty
4975,Staff we
4976,Not middle
4977,Body lot
4978,Happy offer
4979,Decide center
4980,Only thought
4981,Them spend
4982,Town north
4983,Man executive
4984,Make chair
4985,Indicate few
4986,Affect
4987,Page impact
4988,Firm husband
4989,Ten indicate
4990,Thought positive
4991,Century artist
4992,Drop keep
4993,Seat employee
4994,Almost within
4995,Particular left
4996,Idea interesting
4997,Exactly hotel
4998,Those strategy
4999,Speak both
5000,Particularly individual
5001,Everyone participant
5002,Left education
5003,Perhaps
5004,Control stuff
5005,Than young
5006,Subject probably
5007,Provide study
5008,Star cell
5009,Few easy
5010,Say tell
5011,Though southern
5012,Around west
5013,Today seven
5014,Another boy
5015,Very director
5016,Sign couple
5017,One
5018,Investment writer
5019,Already successful
5020,Loss record
5021,Nearly so
5022,Its may
5023,Finish price
5024,Meet including
5025,Require car
5026,Over exactly
5027,Oil night
5028,Just laugh
5029,Work may
5030,Business source
5031,He nor
5032,Nothing last
5033,Man follow
5034,War drug
5035,Particularly expert
5036,Treatment Democrat
5037,It quality
5038,Paper stop
5039,White machine
5040,Send although
5041,Past everybody
5042,Bill trial
5043,Between wear
5044,Brother drive
5045,Charge defense
5046,National expect
5047,Should reveal
5048,Ago art
5049,Congress type
5050,Company trouble
5051,While will
5052,Although pretty
5053,Adult professor
5054,Create car
5055,Per quality
5056,Realize production
5057,Anyone another
5058,Black allow
5059,Speech appear
5060,Will company
5061,Song live
5062,Possible one
5063,Here this
5064,Chair manage
5065,Pass
5066,Four movement
5067,Director relate
5068,Poor class
5069,Difficult administration
5070,Common set
5071,Could into
5072,Trial respond
5073,More new
5074,Also indicate
5075,Article hope
5076,Hear southern
5077,Color finally
5078,Quite stop
5079,Police kind
5080,Idea surface
5081,Professional court
5082,Face establish
5083,Summer traditional
5084,Space surface
5085,Move cup
5086,Economy ago
5087,Oil pass
5088,Bill high
5089,Green doctor
5090,Industry down
5091,Surface outside
5092,Night serious
5093,Many but
5094,Low range
5095,Parent rich
5096,Trip reach
5097,Girl morning
5098,Will word
5099,You western
5100,Foreign hard
5101,Listen get
5102,Peace character
5103,Color allow
5104,South themselves
5105,Contain eye
5106,Wrong have
5107,Wrong begin
5108,Speak national
5109,Myself stage
5110,Other nature
5111,Consumer though
5112,Style money
5113,Surface cut
5114,Middle case
5115,Hundred red
5116,Rather indeed
5117,They meet
5118,Recognize according
5119,Policy food
5120,Public much
5121,Person present
5122,Blood who
5123,Condition Congress
5124,Several together
5125,Audience carry
5126,Son mention
5127,Green we
5128,Population be
5129,Factor community
5130,Allow brother
5131,West current
5132,Officer understand
5133,Where myself
5134,Imagine support
5135,Shoulder project
5136,Theory Congress
5137,Gun note
5138,By since
5139,Indeed new
5140,Really bed
5141,Tree law
5142,View special
5143,Assume manager
5144,Identify participant
5145,Billion nearly
5146,Work store
5147,Make economic
5148,Bed simple
5149,Hospital election
5150,Reduce pressure
5151,Pretty main
5152,Discuss want
5153,Among everybody
5154,Garden PM
5155,Event eye
5156,Product organization
5157,Fast seem
5158,Worry any
5159,Concern whose
5160,Risk actually
5161,Big the
5162,Concern ten
5163,Special knowledge
5164,Central contain
5165,Today stop
5166,Offer research
5167,American situation
5168,Technology great
5169,Short nice
5170,Computer kind
5171,Area everybody
5172,Window risk
5173,Although region
5174,Activity door
5175,Art lead
5176,Amount lay
5177,Impact order
5178,Check speech
5179,Concern line
5180,Everybody detail
5181,Too bit
5182,Hotel outside
5183,Realize majority
5184,Study leave
5185,Throw measure
5186,Art possible
5187,Serious
5188,End huge
5189,Part ability
5190,World job
5191,Color size
5192,Staff any
5193,Explain environment
5194,Top small
5195,Positive other
5196,Another before
5197,Decade fill
5198,Figure important
5199,Anyone beat
5200,Within PM
5201,Enter true
5202,Mission develop
5203,Me section
5204,Mention wall
5205,Space industry
5206,Low someone
5207,Authority yourself
5208,Person available
5209,Physical I
5210,For information
5211,Hour daughter
5212,Begin truth
5213,Summer test
5214,Serve social
5215,Above hold
5216,Any fly
5217,Card population
5218,Speak house
5219,Become back
5220,Mouth coach
5221,Bill he
5222,Just huge
5223,Worker among
5224,Stand everybody
5225,Certain office
5226,Body two
5227,Choose because
5228,Process feeling
5229,Poor head
5230,Mouth group
5231,Truth if
5232,Security land
5233,Forget ground
5234,Quickly executive
5235,Describe resource
5236,Expect assume
5237,Bank feel
5238,Hospital clearly
5239,Church project
5240,Strong another
5241,Car bag
5242,Before value
5243,Guy reason
5244,Thing new
5245,Participant commercial
5246,Plan here
5247,Worry relationship
5248,Trial account
5249,Eat particularly
5250,These career
5251,Red claim
5252,About remember
5253,Sure concern
5254,Tax thought
5255,Half girl
5256,Term scene
5257,Forward strong
5258,Vote system
5259,Cold mother
5260,If parent
5261,Finally agent
5262,Until opportunity
5263,Value city
5264,Little system
5265,Raise meeting
5266,Lay public
5267,Scientist right
5268,Commercial dinner
5269,Amount have
5270,Deep half
5271,Rate book
5272,Sea and
5273,As teacher
5274,Control since
5275,Arm social
5276,People cup
5277,Eye hotel
5278,Make central
5279,Brother bit
5280,See police
5281,Low lot
5282,Eye able
5283,Economy support
5284,And need
5285,Way international
5286,Certainly moment
5287,Clear some
5288,Time positive
5289,Thought
5290,Thus consider
5291,Up animal
5292,Religious along
5293,Marriage idea
5294,Source office
5295,System apply
5296,Just rest
5297,Dark become
5298,Door democratic
5299,Yard success
5300,Never return
5301,New question
5302,Police might
5303,Big house
5304,Senior reason
5305,Image even
5306,North series
5307,Military street
5308,New them
5309,Good daughter
5310,Improve adult
5311,Cell enter
5312,Issue memory
5313,True her
5314,Yard might
5315,Today staff
5316,Seven particular
5317,Knowledge never
5318,Least no
5319,Wonder get
5320,Serve identify
5321,Mr send
5322,Though glass
5323,Seem eat
5324,Man bar
5325,Space edge
5326,Need support
5327,Here box
5328,Police right
5329,Contain century
5330,Military conference
5331,Usually cold
5332,My oil
5333,State old
5334,Bad matter
5335,Born seven
5336,Explain herself
5337,See language
5338,Bit individual
5339,Week why
5340,Writer manager
5341,Economy ready
5342,Until arm
5343,Run guy
5344,When it
5345,Heavy here
5346,Rather society
5347,Involve friend
5348,Care stock
5349,Financial forward
5350,Young quite
5351,Avoid bag
5352,Everybody movement
5353,Husband movement
5354,Manage culture
5355,Outside itself
5356,Election fire
5357,War forget
5358,Color Democrat
5359,Shake morning
5360,Company memory
5361,Size financial
5362,Truth security
5363,Class pick
5364,Political seven
5365,Government how
5366,This without
5367,Where forward
5368,Mr best
5369,Suddenly hot
5370,Word model
5371,If until
5372,Pay identify
5373,View executive
5374,Tonight somebody
5375,At energy
5376,Get interest
5377,Building world
5378,Including could
5379,Leg floor
5380,May laugh
5381,Doctor sort
5382,Maintain around
5383,Investment worry
5384,Everyone there
5385,Heavy tend
5386,No leave
5387,Go person
5388,Evening ten
5389,Audience than
5390,Prevent my
5391,Almost theory
5392,Save college
5393,Food source
5394,Short for
5395,Student special
5396,Second free
5397,Step media
5398,Tonight woman
5399,Writer help
5400,This fall
5401,War some
5402,All they
5403,Bad finally
5404,Expert idea
5405,Be right
5406,Space hair
5407,Kind list
5408,Threat here
5409,Degree read
5410,Carry set
5411,Dinner until
5412,Them after
5413,Various industry
5414,Final when
5415,Break however
5416,Perhaps stay
5417,Music turn
5418,Simple hair
5419,Important military
5420,Two commercial
5421,Plant beyond
5422,Process only
5423,Rather seven
5424,Change play
5425,Sort wrong
5426,Performance scientist
5427,Upon beautiful
5428,Never eight
5429,Event
5430,Despite address
5431,Out north
5432,Child discover
5433,Study fall
5434,Source education
5435,Force energy
5436,Ever head
5437,View process
5438,Author fly
5439,Agent reflect
5440,Statement head
5441,Foreign produce
5442,Reason throughout
5443,Arm teacher
5444,Process suggest
5445,Business attack
5446,According black
5447,Away American
5448,House half
5449,Top science
5450,Business develop
5451,Place might
5452,Newspaper light
5453,Billion why
5454,Society fund
5455,Media life
5456,Marriage message
5457,Throughout thought
5458,Message night
5459,Responsibility for
5460,Something final
5461,Full marriage
5462,According nothing
5463,Area street
5464,Need action
5465,My past
5466,Popular modern
5467,Arm option
5468,Smile attorney
5469,High move
5470,Fast everyone
5471,Dinner democratic
5472,Cause appear
5473,Quite yet
5474,Present notice
5475,Charge technology
5476,Indeed beautiful
5477,Kitchen statement
5478,Develop suggest
5479,Occur expert
5480,Relationship hour
5481,Card plan
5482,A challenge
5483,Likely world
5484,Vote together
5485,Black food
5486,Pressure education
5487,Summer appear
5488,Style sell
5489,Generation across
5490,Treatment week
5491,Test attack
5492,Clear shoulder
5493,Rate oil
5494,Poor child
5495,Cut up
5496,Miss build
5497,Simple deep
5498,Security power
5499,Change deal
5500,Apply age
5501,Feeling wall
5502,Likely likely
5503,Bit without
5504,Claim candidate
5505,Guess almost
5506,Court member
5507,Continue own
5508,Late house
5509,One available
5510,I build
5511,Exist church
5512,Here home
5513,Different yes
5514,Interest finish
5515,Much billion
5516,Instead million
5517,Card allow
5518,Space then
5519,Skill how
5520,To technology
5521,Leg least
5522,Oil have
5523,Present employee
5524,Treat leave
5525,Probably Mrs
5526,Finally record
5527,Range heavy
5528,Anything end
5529,Often hit
5530,Organization third
5531,Every player
5532,Popular actually
5533,Save kitchen
5534,Church own
5535,Seem style
5536,A
5537,Meeting black
5538,Speak today
5539,Officer tonight
5540,Attention north
5541,Wind prevent
5542,Unit word
5543,Research blue
5544,Yes let
5545,Six last
5546,Ten plant
5547,Exist term
5548,Again health
5549,Study management
5550,Beyond hot
5551,Real those
5552,Continue language
5553,Officer party
5554,Story particularly
5555,Man challenge
5556,Writer war
5557,So ability
5558,Always program
5559,Everyone case
5560,Could enjoy
5561,Peace common
5562,Special close
5563,Positive present
5564,Either beyond
5565,Should bar
5566,Entire no
5567,Computer employee
5568,Night something
5569,Arrive society
5570,Begin official
5571,Responsibility owner
5572,Improve through
5573,Single the
5574,Research best
5575,Among six
5576,Eye method
5577,Would the
5578,Third impact
5579,Ago civil
5580,Over development
5581,All protect
5582,Behavior fish
5583,Actually letter
5584,Step face
5585,Laugh drive
5586,Size first
5587,Culture cut
5588,Fill great
5589,Point federal
5590,Myself he
5591,Look compare
5592,Model material
5593,Attack whom
5594,Simple shoulder
5595,Find determine
5596,Value exist
5597,Speech ten
5598,And put
5599,Phone strategy
5600,Growth leader
5601,Third smile
5602,Decide catch
5603,Sea because
5604,Any society
5605,Class so
5606,Technology often
5607,Serve become
5608,Keep feeling
5609,Than audience
5610,Education yard
5611,Although season
5612,A foot
5613,Student success
5614,Stand step
5615,System woman
5616,Good kind
5617,Our meeting
5618,Some blue
5619,Community subject
5620,Station send
5621,Sometimes least
5622,Threat per
5623,Watch across
5624,Explain movement
5625,Audience stand
5626,Only in
5627,Paper son
5628,Behavior likely
5629,Decision crime
5630,Family moment
5631,Travel present
5632,Happen agreement
5633,North wall
5634,Current could
5635,Vote many
5636,Fire defense
5637,Understand smile
5638,Thus head
5639,Too
5640,Born step
5641,Arm meet
5642,Dream few
5643,Will coach
5644,Camera probably
5645,Either short
5646,Daughter produce
5647,Character remain
5648,While others
5649,Beyond hand
5650,Head where
5651,Be manage
5652,Level act
5653,Per between
5654,Character agent
5655,Human example
5656,Politics phone
5657,Seven those
5658,President ok
5659,Enter impact
5660,Eat director
5661,Several chair
5662,Kind another
5663,Southern beautiful
5664,Matter front
5665,Worry girl
5666,Drug ask
5667,Others determine
5668,Today friend
5669,Himself choice
5670,Least this
5671,Three at
5672,Sister feeling
5673,Contain suffer
5674,Story break
5675,Film hair
5676,Month south
5677,Church even
5678,Kid let
5679,Newspaper here
5680,Reality front
5681,Build stay
5682,Various hundred
5683,Commercial program
5684,What whole
5685,Move everyone
5686,Foreign wear
5687,Tend above
5688,Item commercial
5689,Indicate let
5690,Business national
5691,Simply can
5692,Father always
5693,Actually first
5694,Thought hair
5695,Town cover
5696,Whether smile
5697,Practice Congress
5698,Far plant
5699,Style produce
5700,Ability himself
5701,Son baby
5702,Operation blue
5703,My analysis
5704,Administration board
5705,Manage own
5706,Baby language
5707,New carry
5708,Include line
5709,Language set
5710,Job campaign
5711,For apply
5712,Specific this
5713,Effort lot
5714,None drop
5715,Teach manager
5716,Seat century
5717,Decide management
5718,Throw conference
5719,Personal hand
5720,Save dark
5721,During fine
5722,Camera condition
5723,Magazine agency
5724,Wind seek
5725,Positive foreign
5726,Score fact
5727,Source cover
5728,Activity central
5729,Morning indicate
5730,Wonder kind
5731,Himself sea
5732,Whatever charge
5733,Hear hear
5734,Budget very
5735,Any step
5736,Loss tax
5737,Series wrong
5738,Bag issue
5739,Huge challenge
5740,Listen later
5741,Really young
5742,Save account
5743,Out appear
5744,Away they
5745,First meeting
5746,Step especially
5747,Enough smile
5748,Style step
5749,Traditional message
5750,Before politics
5751,Artist executive
5752,Detail
5753,Authority kitchen
5754,American experience
5755,Speak water
5756,Real act
5757,Evening painting
5758,Change left
5759,Everything of
5760,Deep think
5761,Student help
5762,Amount per
5763,Center enjoy
5764,Cold whom
5765,Happen audience
5766,Race foreign
5767,Style look
5768,Result themselves
5769,Tree benefit
5770,Care step
5771,Power body
5772,Small perform
5773,Civil simply
5774,Sister pretty
5775,Party detail
5776,Economic he
5777,Visit most
5778,Now student
5779,Range partner
5780,Win through
5781,Current break
5782,Race avoid
5783,Today offer
5784,Measure seven
5785,Serve lead
5786,Be position
5787,Leader food
5788,Example eight
5789,Appear very
5790,Pass especially
5791,However doctor
5792,Test enter
5793,Character data
5794,Say may
5795,Thank scene
5796,His similar
5797,Then hour
5798,Outside hold
5799,Despite single
5800,Pass speak
5801,Military ten
5802,During under
5803,Follow four
5804,Not again
5805,Particular writer
5806,Animal prepare
5807,Opportunity catch
5808,Treatment choice
5809,Rate year
5810,Spend gas
5811,Stock maybe
5812,Process check
5813,Court region
5814,People question
5815,Language network
5816,Fight give
5817,Population consider
5818,Own state
5819,Less huge
5820,Interview behavior
5821,By agency
5822,Eight tell
5823,Eye street
5824,Scene easy
5825,Summer develop
5826,About above
5827,Miss benefit
5828,Military line
5829,Sound note
5830,White anyone
5831,Probably here
5832,Party join
5833,Skin message
5834,Prepare still
5835,These such
5836,Writer president
5837,Under culture
5838,Represent service
5839,Building huge
5840,Soon information
5841,Near change
5842,Seat page
5843,Include smile
5844,Institution identify
5845,Single prove
5846,Outside amount
5847,Any understand
5848,Reason relate
5849,Beyond either
5850,Later that
5851,While truth
5852,Require foreign
5853,Almost economic
5854,Ago believe
5855,Sea cup
5856,Without upon
5857,Over they
5858,Opportunity wrong
5859,Wrong national
5860,Research material
5861,Image pretty
5862,Pull news
5863,Product example
5864,Six drive
5865,Include professional
5866,Them anything
5867,Group star
5868,Politics defense
5869,Moment week
5870,Sister goal
5871,Try shoulder
5872,Early direction
5873,Moment magazine
5874,Yard design
5875,Write military
5876,Remember less
5877,Late deal
5878,Indeed beat
5879,Middle result
5880,Free those
5881,Since society
5882,Effort possible
5883,With these
5884,War management
5885,Teacher poor
5886,If company
5887,Officer population
5888,Subject address
5889,Center could
5890,Seven girl
5891,Treat store
5892,Return note
5893,Respond other
5894,Down store
5895,Real agree
5896,Material stop
5897,Though much
5898,Seek bit
5899,Early wall
5900,Very method
5901,Mean easy
5902,East enter
5903,Maintain course
5904,The nice
5905,Ahead reality
5906,Here face
5907,Many allow
5908,Choose relate
5909,American tough
5910,Speech energy
5911,Bar art
5912,Throw especially
5913,Once model
5914,Various pass
5915,Early in
5916,Through suffer
5917,Son easy
5918,Against happy
5919,Window almost
5920,Feel I
5921,Hot sister
5922,Something organization
5923,Through what
5924,Physical smile
5925,Traditional moment
5926,Large several
5927,Republican heart
5928,Herself hit
5929,Clear water
5930,Per worry
5931,Experience drive
5932,Story rise
5933,Receive provide
5934,Most stay
5935,Firm camera
5936,Great continue
5937,Never fill
5938,Whom artist
5939,Girl crime
5940,Than glass
5941,Environmental sister
5942,Determine dream
5943,Suffer gas
5944,Guy accept
5945,Effect very
5946,Hair team
5947,Hand small
5948,Wish what
5949,Whether treatment
5950,Often toward
5951,Ok develop
5952,Edge yeah
5953,Hard radio
5954,Today tough
5955,Reason statement
5956,Chance commercial
5957,Nothing her
5958,Hospital six
5959,Campaign cause
5960,Marriage good
5961,Mind growth
5962,Approach pressure
5963,Without artist
5964,Hard point
5965,People pay
5966,Test process
5967,Deal he
5968,Speech us
5969,Region especially
5970,Everyone him
5971,Sign available
5972,Start detail
5973,Read fall
5974,Box form
5975,Hear treat
5976,Group boy
5977,Series Mr
5978,Within any
5979,Performance institution
5980,Exactly through
5981,Minute ahead
5982,Strategy about
5983,Measure number
5984,Where unit
5985,Action well
5986,Which goal
5987,Door safe
5988,Ago serve
5989,Home success
5990,Child our
5991,Another police
5992,Public oil
5993,List guess
5994,Third must
5995,Rock industry
5996,Generation range
5997,Modern yeah
5998,Music office
5999,Same first
6000,Family test
6001,Senior economy
6002,Pay suddenly
6003,Little too
6004,Civil may
6005,Must whose
6006,Home together
6007,Image realize
6008,Each various
6009,Close attorney
6010,Poor huge
6011,Myself then
6012,Event memory
6013,Employee one
6014,Man site
6015,About attack
6016,Be trip
6017,Table including
6018,Ask traditional
6019,Economy stop
6020,Reality read
6021,Force by
6022,Indeed lawyer
6023,Various either
6024,Fire page
6025,Risk according
6026,Guess board
6027,Understand environmental
6028,Today pressure
6029,Senior natural
6030,Performance production
6031,Set development
6032,Marriage prevent
6033,Would live
6034,Medical back
6035,Camera art
6036,Computer trouble
6037,Cup week
6038,Professor interesting
6039,Site notice
6040,Couple yeah
6041,Develop page
6042,Her section
6043,Wall onto
6044,World tell
6045,Several similar
6046,Happy boy
6047,Suffer visit
6048,Task manage
6049,Heavy visit
6050,Film season
6051,Receive everyone
6052,Manager hold
6053,Speech free
6054,His vote
6055,Different production
6056,Write body
6057,Week three
6058,Truth value
6059,Establish card
6060,House security
6061,Modern face
6062,Southern bring
6063,Or wish
6064,Own rule
6065,Watch hard
6066,Go real
6067,Home source
6068,Across affect
6069,Name food
6070,Half space
6071,Security bed
6072,Station issue
6073,Least effect
6074,Fight science
6075,Suggest likely
6076,Generation sport
6077,See final
6078,Notice cup
6079,Upon scene
6080,Concern civil
6081,Item population
6082,Live why
6083,Degree safe
6084,Relationship consumer
6085,Mission water
6086,Assume right
6087,Throw reason
6088,History popular
6089,Method eat
6090,Line picture
6091,Most church
6092,Data write
6093,Wait personal
6094,Computer get
6095,Ball option
6096,War paper
6097,Page will
6098,Truth voice
6099,Skin bring
6100,Approach bank
6101,Provide discover
6102,History lay
6103,Pay policy
6104,Manage finish
6105,Economic Mrs
6106,Science decide
6107,Concern Mrs
6108,Plant article
6109,Ground its
6110,Born tough
6111,Everybody hair
6112,Occur action
6113,Serious of
6114,Early kid
6115,Service partner
6116,Well almost
6117,Government include
6118,Night defense
6119,Including program
6120,Middle partner
6121,Data art
6122,Still score
6123,Ability exactly
6124,Place chance
6125,Away social
6126,Sister call
6127,Now grow
6128,Successful provide
6129,Who personal
6130,If range
6131,Answer let
6132,Ready price
6133,Choose product
6134,Lawyer on
6135,Make point
6136,Teacher open
6137,Pattern win
6138,Sound until
6139,Process environment
6140,How follow
6141,Although police
6142,Federal much
6143,Article ahead
6144,Set anyone
6145,Which always
6146,Hotel ten
6147,Model yes
6148,Back at
6149,Together production
6150,Film explain
6151,Anyone quality
6152,Conference brother
6153,Worker wife
6154,Think before
6155,Speak heart
6156,Series beautiful
6157,Then practice
6158,Attorney stage
6159,Ready opportunity
6160,Age exactly
6161,Medical six
6162,Anyone father
6163,Firm attention
6164,Beyond member
6165,Behavior suffer
6166,Reality guy
6167,Question evening
6168,Each as
6169,Student position
6170,So program
6171,Bill sign
6172,Heavy religious
6173,Box or
6174,Drive seven
6175,Stay officer
6176,Event model
6177,Theory theory
6178,Sound present
6179,Bill stage
6180,Century in
6181,Now tend
6182,Check tonight
6183,Research door
6184,Future create
6185,New sister
6186,He their
6187,Degree evening
6188,Together letter
6189,Open space
6190,Region thought
6191,Myself threat
6192,Themselves home
6193,Election member
6194,Service ground
6195,Down guy
6196,Lay there
6197,Agency develop
6198,Bank decade
6199,Control painting
6200,Number figure
6201,Author season
6202,Mr less
6203,President movement
6204,Able evening
6205,Through entire
6206,Seat property
6207,Project involve
6208,Use
6209,Marriage ability
6210,Recognize wind
6211,Writer common
6212,Senior condition
6213,Attention phone
6214,Strong sing
6215,Claim part
6216,Health office
6217,Loss area
6218,Second modern
6219,Trip nice
6220,Class some
6221,Affect act
6222,Require dog
6223,Type herself
6224,Evidence
6225,Example nothing
6226,Into institution
6227,Record believe
6228,Fine quite
6229,Fire also
6230,Decide music
6231,Wrong fact
6232,Student mean
6233,Box could
6234,Mother still
6235,What hour
6236,Radio network
6237,Run produce
6238,Star hospital
6239,Ground process
6240,Discover information
6241,Design six
6242,When source
6243,Kitchen every
6244,Hundred recently
6245,Power whole
6246,Cause small
6247,Common new
6248,Sure majority
6249,Bill center
6250,Fire third
6251,Social memory
6252,Someone before
6253,Board anyone
6254,Wear camera
6255,Change another
6256,North likely
6257,Difference business
6258,That matter
6259,That would
6260,Seek evening
6261,Actually other
6262,While discover
6263,Speech owner
6264,Social economic
6265,Thing usually
6266,Part between
6267,Such scientist
6268,Necessary area
6269,Film particular
6270,Rich standard
6271,Resource throughout
6272,Local mouth
6273,Report gas
6274,Owner light
6275,Truth black
6276,Wear fight
6277,Worker he
6278,Blue fund
6279,Theory energy
6280,Property them
6281,Choose team
6282,Against perform
6283,Science partner
6284,Scientist believe
6285,Draw couple
6286,Tonight anything
6287,Long when
6288,Manage do
6289,Trouble less
6290,Senior discover
6291,Old medical
6292,Fish surface
6293,Sit top
6294,Without reason
6295,Performance person
6296,Chair per
6297,Create trip
6298,Several in
6299,Step beautiful
6300,Collection arm
6301,Degree if
6302,Least information
6303,Democrat people
6304,Seem analysis
6305,Oil article
6306,Run here
6307,Among wait
6308,Dream clear
6309,Summer threat
6310,Teach stage
6311,Especially make
6312,Describe fire
6313,Final effort
6314,Response everyone
6315,Of attorney
6316,Focus who
6317,Born share
6318,Stage tell
6319,Law wear
6320,Peace station
6321,Offer marriage
6322,Couple become
6323,Road remember
6324,Detail catch
6325,Bag imagine
6326,Whether treat
6327,Piece charge
6328,Government partner
6329,Write address
6330,Service company
6331,Crime effect
6332,Idea body
6333,Money food
6334,Lose decide
6335,Technology throw
6336,Agreement listen
6337,Record central
6338,Drive beyond
6339,Poor opportunity
6340,That successful
6341,Chair these
6342,He him
6343,Week somebody
6344,Couple grow
6345,Life start
6346,Learn clearly
6347,Method near
6348,Support market
6349,Who way
6350,Hospital carry
6351,Myself never
6352,Difference add
6353,Consumer happen
6354,Manage speech
6355,Mind before
6356,Two myself
6357,Every style
6358,Feel very
6359,Statement return
6360,Move sort
6361,Western behavior
6362,Night white
6363,Effort never
6364,The score
6365,Though TV
6366,Card commercial
6367,Half art
6368,Air evidence
6369,Eat real
6370,Control analysis
6371,Low culture
6372,About never
6373,You little
6374,Various for
6375,Morning glass
6376,Officer against
6377,Then it
6378,Make which
6379,Lay sell
6380,Customer democratic
6381,Sure international
6382,Official last
6383,Head data
6384,Ahead up
6385,Health nor
6386,Organization general
6387,Forward manage
6388,Just feeling
6389,Identify production
6390,Power cold
6391,Ok sell
6392,Star suffer
6393,First single
6394,Approach experience
6395,While public
6396,Major suggest
6397,Fish important
6398,Season stuff
6399,Hand side
6400,Somebody ok
6401,Old religious
6402,Scientist create
6403,Over support
6404,Support future
6405,Fish short
6406,Write career
6407,Realize time
6408,Fill walk
6409,West door
6410,Go stage
6411,Record training
6412,Also main
6413,Choose street
6414,Leg ago
6415,If information
6416,Happy entire
6417,Either modern
6418,Capital owner
6419,Young rest
6420,Condition sea
6421,Student stop
6422,Address wait
6423,Well staff
6424,In finally
6425,Receive serious
6426,Line foot
6427,Career hot
6428,Yes hard
6429,Ago media
6430,Onto add
6431,Address religious
6432,Keep attack
6433,Action tough
6434,Everybody arrive
6435,Different standard
6436,View six
6437,Economic production
6438,Increase light
6439,Do line
6440,Law our
6441,Industry large
6442,Record call
6443,Produce court
6444,Agency nation
6445,Ask also
6446,Hold our
6447,Big sense
6448,Occur southern
6449,Piece develop
6450,Conference job
6451,List east
6452,Heart now
6453,Article sometimes
6454,Short customer
6455,Past for
6456,Pretty in
6457,Former receive
6458,Throw late
6459,Social young
6460,Above college
6461,Wide way
6462,Safe book
6463,Feel tend
6464,Everybody them
6465,Base suggest
6466,Address mention
6467,Growth consumer
6468,Else develop
6469,Store budget
6470,Rock commercial
6471,Party compare
6472,Ability benefit
6473,Affect position
6474,Stuff perhaps
6475,Wall which
6476,Road ball
6477,Main these
6478,Pretty politics
6479,Yard memory
6480,General check
6481,Benefit foot
6482,Professional standard
6483,Because myself
6484,Nor listen
6485,Special job
6486,Fine yet
6487,Who model
6488,Its water
6489,Window whether
6490,Part power
6491,Again popular
6492,Avoid standard
6493,Voice whole
6494,Step until
6495,International total
6496,Day learn
6497,Agree blue
6498,Seek just
6499,Five someone
6500,Look member
6501,Receive build
6502,Peace series
6503,Thus hear
6504,Almost enter
6505,Trip control
6506,Break seem
6507,Writer interesting
6508,Left upon
6509,Note claim
6510,Hear operation
6511,Shoulder doctor
6512,Then state
6513,Message now
6514,Purpose southern
6515,Treatment town
6516,Office property
6517,Back available
6518,Question financial
6519,Local people
6520,Gun its
6521,Become authority
6522,Government themselves
6523,Assume significant
6524,Paper view
6525,Ground hold
6526,Pm operation
6527,Particularly mind
6528,Almost participant
6529,Hotel sell
6530,To media
6531,Skin expect
6532,Hit change
6533,Just again
6534,Pass form
6535,Decide cause
6536,You never
6537,Rock million
6538,Sense agent
6539,Popular main
6540,Necessary religious
6541,Me five
6542,Ground story
6543,Live energy
6544,Happy future
6545,Thank party
6546,Building because
6547,Coach allow
6548,Quickly management
6549,Usually force
6550,Throw indicate
6551,Hold if
6552,Finally tough
6553,True true
6554,Than skin
6555,Push pass
6556,Doctor more
6557,Society agree
6558,Sister rise
6559,However program
6560,Industry not
6561,Center that
6562,Effect left
6563,Western cause
6564,Enter lay
6565,Special less
6566,Reflect suggest
6567,Quite to
6568,Really year
6569,Should trial
6570,Practice information
6571,Media also
6572,Fish sound
6573,Claim official
6574,Describe imagine
6575,Clear care
6576,Natural school
6577,Body cost
6578,Stock policy
6579,Remain memory
6580,Suffer call
6581,Here
6582,Town several
6583,Avoid resource
6584,Alone religious
6585,Day interview
6586,Box support
6587,Expert maintain
6588,Help bring
6589,Good give
6590,Family cost
6591,Significant hair
6592,Wait take
6593,Create drug
6594,Because time
6595,Surface song
6596,Since church
6597,Avoid listen
6598,Mention north
6599,Next law
6600,According program
6601,Economy in
6602,Try full
6603,Challenge determine
6604,Against something
6605,North future
6606,Put technology
6607,Economic drop
6608,Respond price
6609,Understand charge
6610,Dog activity
6611,Couple let
6612,Young risk
6613,Collection never
6614,Dog human
6615,Worker model
6616,Reason might
6617,Wrong look
6618,Require design
6619,So race
6620,Party voice
6621,Memory product
6622,Spend Mr
6623,Executive still
6624,Red about
6625,Pull authority
6626,Develop those
6627,Five form
6628,Event simply
6629,Majority security
6630,Small may
6631,Child approach
6632,Available total
6633,Catch represent
6634,Role cover
6635,Now I
6636,Wide magazine
6637,Upon two
6638,Day last
6639,Miss him
6640,Statement decade
6641,Father bill
6642,Ready laugh
6643,Task most
6644,Page visit
6645,Prepare which
6646,Federal PM
6647,Apply interesting
6648,Despite require
6649,I office
6650,At price
6651,Value begin
6652,Republican exist
6653,My too
6654,Heart safe
6655,Kid entire
6656,Goal which
6657,Team record
6658,Bank white
6659,List decide
6660,Current best
6661,Stay site
6662,Stage yourself
6663,Walk his
6664,Yeah similar
6665,There stage
6666,Instead future
6667,Will big
6668,Seek take
6669,Sell week
6670,Science about
6671,Father social
6672,Ready low
6673,Add politics
6674,Population computer
6675,Edge chair
6676,Including decade
6677,Special shake
6678,Move reality
6679,Often sport
6680,Many risk
6681,Bag reason
6682,Last author
6683,Situation church
6684,All operation
6685,Movie authority
6686,Cause end
6687,Position rather
6688,Evidence like
6689,Line different
6690,Realize might
6691,Career at
6692,Arrive different
6693,Education list
6694,Clearly carry
6695,Early Congress
6696,Fill leg
6697,Central agent
6698,According ask
6699,Thing explain
6700,Population successful
6701,Dinner soldier
6702,Race Mrs
6703,Positive past
6704,Owner among
6705,She drop
6706,Direction join
6707,Whole hour
6708,Impact family
6709,Trip fly
6710,Believe ago
6711,Civil agreement
6712,Trade mother
6713,Now condition
6714,Idea and
6715,Deep might
6716,How country
6717,Chair black
6718,Thought dark
6719,Detail maybe
6720,Water seek
6721,Different low
6722,Strong local
6723,Continue defense
6724,Candidate with
6725,Discuss quality
6726,Choose agent
6727,Tonight ball
6728,Everyone Congress
6729,Strong deep
6730,Age point
6731,See project
6732,Business course
6733,Suffer technology
6734,Time nation
6735,Easy skin
6736,Occur father
6737,Up mother
6738,Poor carry
6739,Age war
6740,Appear eight
6741,Thing read
6742,After likely
6743,Should say
6744,Read identify
6745,Cover get
6746,Between indicate
6747,Special treat
6748,One cover
6749,For no
6750,Chair scene
6751,Cold tonight
6752,Actually might
6753,Mission hear
6754,Leg music
6755,Almost college
6756,Manage kid
6757,Person wide
6758,Sea expert
6759,Million there
6760,Admit focus
6761,Just be
6762,Long price
6763,Agent too
6764,These every
6765,Learn second
6766,Road place
6767,Probably environmental
6768,Fund despite
6769,Benefit put
6770,Whole available
6771,Side better
6772,Join edge
6773,Range generation
6774,But majority
6775,International quite
6776,Strategy computer
6777,Rich write
6778,Second each
6779,Staff home
6780,Like vote
6781,Thought choose
6782,Answer activity
6783,Technology nation
6784,Treat bar
6785,Cold agree
6786,Conference street
6787,Must watch
6788,Very care
6789,Its west
6790,Program prepare
6791,Goal east
6792,Unit blood
6793,Security side
6794,Expect parent
6795,Bed travel
6796,Thus capital
6797,Develop whether
6798,Edge probably
6799,Property raise
6800,Movie one
6801,Coach society
6802,Hotel have
6803,Standard so
6804,Music admit
6805,Son feeling
6806,Allow role
6807,Beautiful candidate
6808,Card radio
6809,Real see
6810,Loss glass
6811,Piece building
6812,Bed red
6813,Behavior analysis
6814,Though accept
6815,Decision worker
6816,One admit
6817,Indicate argue
6818,For another
6819,Stay none
6820,Rock build
6821,Three movement
6822,Adult artist
6823,Character stop
6824,Tree executive
6825,Continue ever
6826,Though interest
6827,First some
6828,Indicate dinner
6829,Station security
6830,Decade ago
6831,Painting international
6832,Age moment
6833,Thus anything
6834,Buy rise
6835,After speak
6836,Role clear
6837,Power military
6838,Everything former
6839,Hundred work
6840,Current region
6841,Already where
6842,Fact hit
6843,Forget control
6844,School around
6845,Free newspaper
6846,Teacher group
6847,Nearly conference
6848,Later great
6849,Present six
6850,Able require
6851,Recognize join
6852,Recently institution
6853,Step pretty
6854,Often man
6855,Against sport
6856,Conference whatever
6857,Personal discuss
6858,Model per
6859,Why improve
6860,East middle
6861,Agree choice
6862,Candidate deal
6863,Story goal
6864,Quickly concern
6865,Poor deal
6866,Move board
6867,Past receive
6868,Body allow
6869,Man maintain
6870,Push personal
6871,Hear radio
6872,Ago actually
6873,Moment church
6874,Early a
6875,Involve response
6876,Energy federal
6877,Realize color
6878,Her blue
6879,Democratic national
6880,Writer design
6881,Go again
6882,Subject deal
6883,Whom near
6884,Find simple
6885,Book again
6886,Moment agreement
6887,Probably responsibility
6888,Set sister
6889,Trouble law
6890,Herself group
6891,Appear operation
6892,Test issue
6893,Outside citizen
6894,Wind focus
6895,Environmental spring
6896,Measure three
6897,Age organization
6898,Several stuff
6899,Present ability
6900,Before his
6901,Watch policy
6902,Home however
6903,While reveal
6904,Home big
6905,Activity memory
6906,Piece fine
6907,Image enjoy
6908,Town dinner
6909,Cost difference
6910,Force realize
6911,Real best
6912,Person while
6913,Spring yet
6914,Crime station
6915,Live I
6916,Part way
6917,Impact society
6918,Give line
6919,Shoulder office
6920,Party specific
6921,Field like
6922,Yourself role
6923,Child in
6924,Improve form
6925,Street from
6926,Plant from
6927,Fight rather
6928,Place consumer
6929,Local serve
6930,Every age
6931,Official often
6932,Address bad
6933,Environmental say
6934,Specific game
6935,Audience politics
6936,Relate foot
6937,Purpose resource
6938,Century simply
6939,Decade should
6940,Investment real
6941,Analysis head
6942,Sort yeah
6943,Rather community
6944,Stock likely
6945,Person doctor
6946,White teach
6947,Two only
6948,Bring investment
6949,History quite
6950,Treatment black
6951,Half hundred
6952,Rest election
6953,Book memory
6954,Report seat
6955,Direction vote
6956,Example help
6957,Join everybody
6958,Easy reflect
6959,Recognize important
6960,Race notice
6961,Oil may
6962,Nice create
6963,Campaign couple
6964,Than answer
6965,Almost town
6966,Together generation
6967,What fund
6968,Win American
6969,Direction again
6970,Whatever close
6971,Gas own
6972,On should
6973,Feel oil
6974,But item
6975,Draw parent
6976,Similar partner
6977,Unit cold
6978,Any community
6979,Kitchen meeting
6980,President me
6981,Main catch
6982,Bank
6983,One such
6984,For bag
6985,Media result
6986,Quite yeah
6987,Republican system
6988,From bill
6989,Detail particular
6990,Important use
6991,Short model
6992,Child military
6993,Career development
6994,Character school
6995,Especially across
6996,No process
6997,Upon performance
6998,Popular myself
6999,Sure state
7000,Last final
7001,North throughout
7002,Task move
7003,View against
7004,Cost wrong
7005,Carry include
7006,Cover personal
7007,Happy think
7008,Price indeed
7009,Sit crime
7010,Make standard
7011,Over or
7012,Understand subject
7013,Economy suddenly
7014,Economy ability
7015,Government newspaper
7016,Of sense
7017,Democratic sort
7018,Change this
7019,Practice month
7020,Project that
7021,Rise whatever
7022,Industry forward
7023,Public rise
7024,Discuss thousand
7025,Significant interest
7026,Sense what
7027,Product report
7028,Local true
7029,Ago east
7030,Wear after
7031,Until buy
7032,Yet place
7033,Certain could
7034,Area ten
7035,Nature eat
7036,Clear question
7037,System can
7038,Know develop
7039,Work American
7040,Nothing national
7041,Find hair
7042,Break easy
7043,Apply level
7044,Base skill
7045,Admit admit
7046,Reflect however
7047,Store government
7048,Present somebody
7049,Provide six
7050,Act argue
7051,Next government
7052,Through about
7053,Value increase
7054,Kid arrive
7055,Trip necessary
7056,Teach could
7057,Wide matter
7058,Crime certain
7059,White somebody
7060,Employee poor
7061,Increase building
7062,Feel image
7063,Provide board
7064,Different director
7065,Foot white
7066,On suggest
7067,Story play
7068,Laugh billion
7069,Herself agency
7070,Knowledge require
7071,No social
7072,Party trip
7073,Way or
7074,Less single
7075,Pm fund
7076,Everyone nice
7077,System class
7078,Expert upon
7079,Man blue
7080,Job drive
7081,Together college
7082,Hard allow
7083,Several if
7084,Certainly all
7085,Kid everybody
7086,Interest follow
7087,Stock thousand
7088,Special reach
7089,Several need
7090,Brother democratic
7091,Quality church
7092,Skill explain
7093,Together argue
7094,Major feeling
7095,Back nothing
7096,Store sea
7097,Loss she
7098,Challenge page
7099,Girl recognize
7100,Job Congress
7101,Man major
7102,Ball on
7103,Weight lead
7104,Beyond rock
7105,Suddenly trip
7106,Player scientist
7107,Themselves area
7108,Allow rich
7109,Send agent
7110,What wrong
7111,Concern list
7112,Door actually
7113,Mission walk
7114,Exist financial
7115,Nearly resource
7116,Remember arm
7117,Gas phone
7118,Congress individual
7119,Even audience
7120,Catch phone
7121,Perform fish
7122,Democrat wear
7123,Page former
7124,Item career
7125,Miss meeting
7126,End girl
7127,Street care
7128,Bed military
7129,Power note
7130,Participant discussion
7131,Security total
7132,Property smile
7133,Lead none
7134,Leave turn
7135,Lawyer these
7136,Claim task
7137,News thank
7138,Really fill
7139,Pull agreement
7140,Mouth site
7141,Sometimes list
7142,Use skin
7143,Receive commercial
7144,Material hear
7145,Think Congress
7146,Within when
7147,National how
7148,Choose may
7149,Church heavy
7150,Piece staff
7151,Issue office
7152,Student sure
7153,Significant occur
7154,Capital though
7155,Answer skin
7156,Goal explain
7157,Explain focus
7158,Hard trip
7159,Difficult number
7160,Someone large
7161,Become enough
7162,Attack still
7163,Huge four
7164,Toward worker
7165,Back occur
7166,Letter but
7167,Old reflect
7168,Leg while
7169,Five white
7170,Why enjoy
7171,Important leader
7172,Talk hit
7173,Guy father
7174,Term town
7175,Form arrive
7176,Available well
7177,Difficult begin
7178,Local read
7179,Left fill
7180,Democratic about
7181,Quickly court
7182,Treatment rich
7183,Impact school
7184,Half daughter
7185,Town reduce
7186,Them by
7187,Represent issue
7188,Different strong
7189,Dark sense
7190,Others free
7191,Box leave
7192,His control
7193,Order talk
7194,Hear central
7195,Build final
7196,Morning different
7197,Practice brother
7198,State friend
7199,Must suddenly
7200,Career recognize
7201,Weight Mr
7202,Eight should
7203,Not difference
7204,Politics least
7205,Significant standard
7206,Until bit
7207,Forget difficult
7208,Job theory
7209,Security vote
7210,Treatment environment
7211,Bed training
7212,Determine door
7213,Visit defense
7214,Another become
7215,Why together
7216,Agree information
7217,Size walk
7218,Computer safe
7219,Either evidence
7220,Let well
7221,However hair
7222,Edge threat
7223,Heavy woman
7224,Minute general
7225,Bag meeting
7226,Student free
7227,State quickly
7228,Event ground
7229,Candidate fast
7230,Great economy
7231,Military story
7232,Local between
7233,Remain fast
7234,Team candidate
7235,Company international
7236,By success
7237,Occur any
7238,Cell heart
7239,Someone peace
7240,That them
7241,When around
7242,Know painting
7243,Hand first
7244,Central some
7245,Sign board
7246,Service including
7247,Goal who
7248,Hard cover
7249,Information service
7250,Number national
7251,Sea full
7252,Pick debate
7253,Many there
7254,Could account
7255,Choice reality
7256,Huge probably
7257,Ten whom
7258,Former summer
7259,Meeting strong
7260,Know challenge
7261,Son tax
7262,Practice man
7263,Learn fly
7264,Remember financial
7265,Set much
7266,Apply son
7267,Field teacher
7268,Price him
7269,Join change
7270,These scene
7271,Morning month
7272,Away this
7273,Go language
7274,Food month
7275,Commercial go
7276,Whole get
7277,Local final
7278,Can agent
7279,Executive against
7280,Surface take
7281,Wear affect
7282,Itself she
7283,Thought about
7284,Level response
7285,Each meet
7286,In something
7287,Movie next
7288,It specific
7289,Character strategy
7290,Amount suddenly
7291,History early
7292,Care especially
7293,Rather establish
7294,Training reduce
7295,Generation almost
7296,Specific particularly
7297,Leave beautiful
7298,Bank air
7299,Forget decade
7300,List realize
7301,Standard theory
7302,Data condition
7303,Off long
7304,Join catch
7305,Newspaper individual
7306,Similar per
7307,Sign see
7308,Agreement political
7309,Structure young
7310,Hold long
7311,I computer
7312,Enter see
7313,Within yard
7314,Area thousand
7315,Young major
7316,Painting serve
7317,Ahead born
7318,Sometimes table
7319,Whom science
7320,Student throughout
7321,Partner visit
7322,Scene painting
7323,Crime law
7324,Least lay
7325,Feel camera
7326,Exist million
7327,Seek step
7328,Tell agent
7329,Between Congress
7330,Bring send
7331,Fine reach
7332,Area read
7333,Garden minute
7334,Prepare huge
7335,Inside figure
7336,During property
7337,Thank place
7338,Early majority
7339,Firm property
7340,Say official
7341,Name again
7342,Present under
7343,Light explain
7344,Able argue
7345,Improve small
7346,Collection describe
7347,Television idea
7348,Worry specific
7349,Also cold
7350,Man there
7351,Low way
7352,Choice dog
7353,Education black
7354,Middle gun
7355,Ground health
7356,Education but
7357,Decide record
7358,Also where
7359,Reality deal
7360,But go
7361,Really peace
7362,Thing tough
7363,Apply suggest
7364,Quite necessary
7365,Message show
7366,Brother catch
7367,Card simply
7368,Form buy
7369,For author
7370,Ago employee
7371,Share second
7372,Certainly food
7373,Must character
7374,Change site
7375,Speech visit
7376,Thus total
7377,Health free
7378,Break yeah
7379,Contain action
7380,Arrive girl
7381,Better above
7382,Truth by
7383,Pick land
7384,Would total
7385,Watch sometimes
7386,Respond try
7387,Likely south
7388,Always soldier
7389,Gas similar
7390,Else break
7391,She party
7392,Get finish
7393,Drive form
7394,Clearly plan
7395,Exactly pass
7396,Wear gas
7397,Lot who
7398,Time enjoy
7399,She tonight
7400,Pass above
7401,Cold evening
7402,Allow head
7403,Decision consider
7404,Fire pattern
7405,Worry free
7406,Improve television
7407,Very fact
7408,With season
7409,Treat song
7410,Too party
7411,Raise alone
7412,Three hotel
7413,Agent rise
7414,Can player
7415,Apply possible
7416,Building garden
7417,Wife perform
7418,Those away
7419,Building system
7420,College include
7421,Size operation
7422,Ball seat
7423,Future win
7424,Himself issue
7425,Treatment peace
7426,Appear number
7427,Marriage later
7428,Current in
7429,Increase sister
7430,Note whether
7431,East few
7432,Ok individual
7433,Wide environmental
7434,Buy start
7435,Worry every
7436,Place deal
7437,Represent third
7438,About bag
7439,Process institution
7440,Imagine response
7441,Suggest less
7442,Foreign close
7443,Executive majority
7444,Too today
7445,Force site
7446,Story population
7447,Particularly bill
7448,Machine modern
7449,Score lose
7450,Network behavior
7451,Ask past
7452,Health provide
7453,Letter world
7454,Response run
7455,Turn with
7456,Resource her
7457,Discover paper
7458,Rich opportunity
7459,Read task
7460,Modern recognize
7461,Too a
7462,Economic local
7463,Clearly long
7464,Machine arrive
7465,Cell skill
7466,Clear thought
7467,Year best
7468,Industry benefit
7469,Purpose statement
7470,See room
7471,Security hold
7472,Side network
7473,On almost
7474,Science upon
7475,Water design
7476,Herself travel
7477,Market money
7478,Open federal
7479,Artist heavy
7480,Later much
7481,Sign tough
7482,Its quality
7483,Fine always
7484,Admit dark
7485,If stand
7486,Upon shoulder
7487,Option thought
7488,Tax show
7489,Speech similar
7490,Get I
7491,Produce could
7492,Bar capital
7493,Particular same
7494,Recognize these
7495,Friend together
7496,Order either
7497,Maybe serve
7498,Case indicate
7499,Result member
7500,Agreement year
7501,Look example
7502,Make close
7503,Near third
7504,Trade answer
7505,Third however
7506,Represent could
7507,Other show
7508,Impact father
7509,Begin nor
7510,Line design
7511,After develop
7512,Answer effect
7513,Agency force
7514,Now PM
7515,Population TV
7516,Within real
7517,Leg anything
7518,Region throughout
7519,Position begin
7520,Themselves win
7521,Increase general
7522,Among adult
7523,Teacher back
7524,Head total
7525,Age low
7526,Ready edge
7527,Would keep
7528,Player employee
7529,Visit until
7530,Coach agreement
7531,Process able
7532,Away reflect
7533,Claim south
7534,Son tell
7535,Model measure
7536,South speak
7537,Travel former
7538,Pass your
7539,Seat sense
7540,Nothing lot
7541,A make
7542,Safe security
7543,Somebody though
7544,Focus marriage
7545,Lay peace
7546,Mention author
7547,Level issue
7548,Another hold
7549,Evidence new
7550,Leave politics
7551,Base concern
7552,Condition spring
7553,Reflect opportunity
7554,Single hand
7555,Walk place
7556,Become participant
7557,Son military
7558,Employee oil
7559,Would create
7560,Television number
7561,Suffer produce
7562,Author argue
7563,Run discussion
7564,Herself central
7565,Party develop
7566,Oil process
7567,Nice story
7568,Mouth
7569,Level national
7570,Instead amount
7571,Painting cultural
7572,Human ten
7573,Chance huge
7574,Her official
7575,Foreign pick
7576,Prove majority
7577,Area though
7578,Take receive
7579,Wide record
7580,Close lay
7581,Movie half
7582,Behavior whom
7583,Represent traditional
7584,Set attorney
7585,Himself put
7586,Color including
7587,Week not
7588,Talk degree
7589,Agree work
7590,Sound buy
7591,Because minute
7592,Institution set
7593,Such data
7594,Government wish
7595,Moment strong
7596,Reflect recognize
7597,Imagine forward
7598,Account matter
7599,Full white
7600,Style purpose
7601,Kid to
7602,Music world
7603,Baby news
7604,Hundred than
7605,Set bar
7606,Set writer
7607,Month live
7608,This ask
7609,Floor huge
7610,President he
7611,Mission prove
7612,Myself interview
7613,Property I
7614,Analysis north
7615,Certainly ahead
7616,Once school
7617,Late method
7618,Have central
7619,Structure suddenly
7620,Reveal less
7621,Seat else
7622,From deal
7623,Attention whole
7624,No accept
7625,Section they
7626,Soon friend
7627,Call late
7628,Surface phone
7629,Debate part
7630,Send boy
7631,Start more
7632,Only reach
7633,Rule above
7634,Relate tend
7635,Knowledge section
7636,Provide type
7637,Coach act
7638,Sell increase
7639,While half
7640,Speech technology
7641,Energy word
7642,Girl first
7643,Option film
7644,Kitchen else
7645,Now buy
7646,Record worry
7647,Fish think
7648,Onto fact
7649,A account
7650,Part personal
7651,Write heart
7652,Many measure
7653,Six indicate
7654,Than sound
7655,Lot poor
7656,Under down
7657,Catch pressure
7658,Behind community
7659,Those until
7660,Wear movement
7661,Amount vote
7662,Sound two
7663,Or task
7664,Attack hard
7665,Produce support
7666,Bring fight
7667,Major street
7668,Rather then
7669,Focus concern
7670,New role
7671,Apply direction
7672,Describe fall
7673,Play listen
7674,Amount southern
7675,Major yeah
7676,Beat seat
7677,Remember reflect
7678,Get artist
7679,Head team
7680,Foot you
7681,Current account
7682,Society ten
7683,Late class
7684,Deep become
7685,Customer prepare
7686,Whatever discussion
7687,List wife
7688,Middle per
7689,That as
7690,Young case
7691,Interview want
7692,Century gas
7693,Should or
7694,Poor billion
7695,Coach surface
7696,How spend
7697,That cost
7698,What race
7699,Create face
7700,Later pull
7701,Member color
7702,Happy beyond
7703,Art practice
7704,Represent home
7705,Subject fine
7706,Head go
7707,Could image
7708,Fast himself
7709,Special kid
7710,Operation look
7711,First east
7712,Teach claim
7713,Throughout some
7714,We early
7715,Us boy
7716,News job
7717,Remain report
7718,Mean thank
7719,Recognize place
7720,Room now
7721,Program support
7722,Then understand
7723,Such late
7724,Cultural lay
7725,Right window
7726,Special star
7727,Way more
7728,Most probably
7729,Course Mrs
7730,Class low
7731,Amount brother
7732,Mission Democrat
7733,Administration where
7734,Street employee
7735,Say require
7736,Clear establish
7737,Visit report
7738,Practice everything
7739,Type say
7740,Product control
7741,Concern meet
7742,Air check
7743,Follow economic
7744,Pm allow
7745,Modern one
7746,Culture six
7747,History resource
7748,Back interest
7749,Offer official
7750,Far material
7751,Indicate task
7752,Machine it
7753,Bar collection
7754,Staff explain
7755,Case stand
7756,While chance
7757,Though church
7758,Start indicate
7759,Offer system
7760,High them
7761,Suggest major
7762,Customer organization
7763,Lot forward
7764,Course from
7765,Type wish
7766,Almost effort
7767,Staff give
7768,Ok base
7769,Vote fall
7770,Establish inside
7771,Assume happen
7772,Health company
7773,Trouble suddenly
7774,Fine director
7775,Like control
7776,Drop letter
7777,So fill
7778,Space to
7779,Talk this
7780,Cup reach
7781,Region modern
7782,Chair brother
7783,Consider mind
7784,Center inside
7785,Throw building
7786,Character smile
7787,Yes clear
7788,Bill perhaps
7789,Price project
7790,Get study
7791,Stand debate
7792,Officer newspaper
7793,These us
7794,Room way
7795,Almost face
7796,Cup out
7797,Tonight check
7798,Grow avoid
7799,Success possible
7800,I Mr
7801,Cold space
7802,Federal moment
7803,Age forward
7804,Half sure
7805,Staff fast
7806,According collection
7807,Cell national
7808,Home question
7809,These human
7810,Once relationship
7811,Understand no
7812,Head rather
7813,New first
7814,Condition toward
7815,Cut beat
7816,Alone let
7817,Large third
7818,Beautiful two
7819,Effect week
7820,Mention man
7821,Marriage support
7822,She ability
7823,Pretty control
7824,Single community
7825,Subject baby
7826,Toward before
7827,Husband which
7828,New accept
7829,Development tell
7830,His sign
7831,Rise view
7832,Day produce
7833,Attorney employee
7834,Name interest
7835,Young together
7836,Wall thus
7837,Road out
7838,Major PM
7839,Effort win
7840,Space garden
7841,Realize spend
7842,Week television
7843,Town service
7844,Ago however
7845,Thing number
7846,Voice a
7847,Out while
7848,Everything term
7849,Item air
7850,Now fish
7851,Stuff prepare
7852,Necessary age
7853,Experience able
7854,Short next
7855,Own staff
7856,Partner certainly
7857,Something understand
7858,Effect street
7859,Feel official
7860,Tv attack
7861,Eat standard
7862,View over
7863,Newspaper stage
7864,Nor herself
7865,Whether usually
7866,Challenge inside
7867,Leader painting
7868,Affect when
7869,Personal himself
7870,Executive back
7871,Give nothing
7872,Sign or
7873,Property somebody
7874,Price any
7875,Student material
7876,The answer
7877,Citizen experience
7878,Fill happy
7879,Improve eat
7880,But plan
7881,Old sell
7882,Begin figure
7883,Matter wonder
7884,Away special
7885,Could effect
7886,Wind question
7887,Past hour
7888,Adult wait
7889,Heavy on
7890,Describe actually
7891,Drop station
7892,Service degree
7893,Evidence leg
7894,Republican scientist
7895,Try wrong
7896,Street action
7897,Find company
7898,Become necessary
7899,Game near
7900,Interview white
7901,South respond
7902,Life ago
7903,Bed party
7904,Hotel must
7905,Author explain
7906,Family tend
7907,Notice international
7908,Into western
7909,Law scene
7910,Action four
7911,Many arrive
7912,Camera human
7913,Behavior play
7914,Everything increase
7915,Nor result
7916,Responsibility knowledge
7917,Pm whose
7918,Sort scene
7919,Record miss
7920,Reach month
7921,Become age
7922,Sea vote
7923,Degree everyone
7924,Rather your
7925,Program find
7926,Guy he
7927,Leg remember
7928,Want improve
7929,Training impact
7930,Nation want
7931,Increase lose
7932,Finally human
7933,Great build
7934,Be finally
7935,Group anyone
7936,Listen point
7937,Human record
7938,Turn type
7939,Worker pick
7940,Its value
7941,Machine catch
7942,Enough system
7943,Call difference
7944,Between just
7945,Arrive ten
7946,Window stop
7947,Person authority
7948,Such president
7949,Throw war
7950,Reduce key
7951,Add discussion
7952,Difference suddenly
7953,Policy head
7954,Television move
7955,Offer stand
7956,Health matter
7957,Face various
7958,Owner surface
7959,Low act
7960,Effect magazine
7961,Citizen without
7962,Throughout nearly
7963,Bring star
7964,Decade yes
7965,Huge option
7966,Moment sound
7967,Responsibility impact
7968,Glass focus
7969,Officer door
7970,Feeling certain
7971,Moment leave
7972,Something reason
7973,Remember fear
7974,Live society
7975,I account
7976,College respond
7977,Particular color
7978,City thank
7979,Debate specific
7980,Condition language
7981,Hear open
7982,Without no
7983,Hotel use
7984,Race security
7985,Machine lot
7986,Power into
7987,Your need
7988,Almost wind
7989,Write truth
7990,Weight decision
7991,Success feeling
7992,Score tend
7993,Believe floor
7994,Particular seat
7995,Amount too
7996,Third significant
7997,Condition simple
7998,Suffer throughout
7999,Can catch
8000,Black however
8001,Beat worker
8002,Piece evidence
8003,She argue
8004,Health side
8005,Party movie
8006,Out experience
8007,Provide it
8008,Society party
8009,Lose quite
8010,Another our
8011,Amount behavior
8012,Back character
8013,Through list
8014,Central guy
8015,Citizen we
8016,With result
8017,Pay board
8018,Pretty support
8019,Politics clearly
8020,Administration light
8021,Which order
8022,Contain chance
8023,Manager myself
8024,Next floor
8025,Exist another
8026,Yes TV
8027,Democrat to
8028,Doctor also
8029,Wall spend
8030,Area game
8031,Owner sport
8032,Three none
8033,Citizen because
8034,Green case
8035,Meeting attack
8036,Develop in
8037,Without trial
8038,Affect this
8039,Wife reflect
8040,Else road
8041,Car likely
8042,Stop well
8043,Base everyone
8044,Million plan
8045,Certain trial
8046,Institution reflect
8047,Sometimes two
8048,Cover apply
8049,Process special
8050,Something pretty
8051,Sound local
8052,Its bring
8053,Expert near
8054,Listen by
8055,Bad spring
8056,Service affect
8057,International inside
8058,Receive fight
8059,Office result
8060,Speech thousand
8061,Use close
8062,Accept story
8063,Small small
8064,By center
8065,Its talk
8066,Language community
8067,Beat physical
8068,Behind away
8069,Lose course
8070,Tree land
8071,New step
8072,Allow their
8073,Themselves picture
8074,Produce news
8075,Act past
8076,Action base
8077,Network Mr
8078,Space bad
8079,Natural radio
8080,Letter training
8081,Sport various
8082,Forget goal
8083,Together range
8084,Public forget
8085,Probably response
8086,Huge phone
8087,Box economy
8088,Drop without
8089,When war
8090,Hospital from
8091,With way
8092,His threat
8093,Goal across
8094,Great song
8095,Yourself cost
8096,Dinner which
8097,The well
8098,Interview behind
8099,After again
8100,Rock force
8101,Choose hotel
8102,Tonight however
8103,Particularly great
8104,To would
8105,Professor ever
8106,Technology win
8107,Approach face
8108,Traditional provide
8109,Employee receive
8110,Easy sometimes
8111,Radio accept
8112,Hundred road
8113,Main recognize
8114,Administration government
8115,Other they
8116,Need tough
8117,Measure particular
8118,Popular probably
8119,Tree concern
8120,International figure
8121,Seven two
8122,However draw
8123,Natural easy
8124,Add structure
8125,Officer kitchen
8126,Task nothing
8127,Message suggest
8128,Call school
8129,Party weight
8130,Family instead
8131,Seem far
8132,Wide Democrat
8133,Nothing difficult
8134,Good single
8135,Behind Democrat
8136,Matter very
8137,Ready never
8138,From almost
8139,Two cover
8140,Poor born
8141,President dinner
8142,Hair book
8143,Wish page
8144,Find nation
8145,From material
8146,Fear man
8147,Less owner
8148,Especially knowledge
8149,Decide order
8150,Cut address
8151,Thank culture
8152,Family loss
8153,Fund figure
8154,Serious six
8155,Yourself card
8156,Education whom
8157,Health analysis
8158,War floor
8159,Phone professional
8160,Sing soon
8161,Than raise
8162,Film police
8163,Far defense
8164,Assume skin
8165,Large economy
8166,Hospital skin
8167,Citizen sister
8168,Season public
8169,Pay improve
8170,Rock edge
8171,Woman her
8172,Student west
8173,No Democrat
8174,East trial
8175,Rate national
8176,Type chance
8177,Here happy
8178,Then former
8179,Behind story
8180,Describe investment
8181,Through bit
8182,Only what
8183,Down enough
8184,Artist power
8185,Central mention
8186,Rather figure
8187,Young what
8188,Western who
8189,Yard music
8190,Off number
8191,Century behind
8192,Huge or
8193,Onto although
8194,Analysis once
8195,Certainly occur
8196,Democratic film
8197,Push performance
8198,Remain staff
8199,Apply fine
8200,Stay foot
8201,Bed collection
8202,Position pretty
8203,Price total
8204,Property themselves
8205,Sound early
8206,Air apply
8207,Green hotel
8208,Pm discussion
8209,Heart successful
8210,Each perform
8211,Plan window
8212,Beautiful red
8213,Fill nor
8214,Technology rather
8215,Between style
8216,Nor child
8217,Son democratic
8218,Option available
8219,Look bed
8220,Travel thousand
8221,Trip mission
8222,Shake music
8223,Seven benefit
8224,Charge citizen
8225,Meeting career
8226,Interest society
8227,Book interest
8228,Same young
8229,Under outside
8230,Eye finish
8231,Evidence morning
8232,Various rate
8233,Debate quite
8234,Reality maybe
8235,Could total
8236,Side current
8237,Five fire
8238,Any human
8239,Visit better
8240,Forget by
8241,Probably generation
8242,Though against
8243,Century use
8244,Feeling follow
8245,Consumer foreign
8246,Relationship break
8247,How relationship
8248,Sing write
8249,Capital magazine
8250,Now make
8251,Admit free
8252,Represent federal
8253,Trip however
8254,Drive help
8255,Off talk
8256,Hot television
8257,Space mean
8258,Close character
8259,Stand low
8260,Idea five
8261,Friend figure
8262,Common big
8263,Away experience
8264,Task smile
8265,Agent word
8266,Much evidence
8267,Economy she
8268,Father personal
8269,Summer personal
8270,Action age
8271,Director money
8272,Rather avoid
8273,From run
8274,Provide alone
8275,Heart create
8276,Knowledge represent
8277,Sign stay
8278,Positive successful
8279,Conference with
8280,Than medical
8281,Section hand
8282,Area garden
8283,Leg market
8284,Maintain close
8285,Morning successful
8286,Fire detail
8287,Away me
8288,Somebody story
8289,Among cultural
8290,Great Republican
8291,Provide own
8292,Impact interesting
8293,Reality peace
8294,Most radio
8295,Benefit model
8296,Design level
8297,White trade
8298,Treat involve
8299,Through lawyer
8300,Anyone PM
8301,Environmental child
8302,Audience tonight
8303,Adult small
8304,Affect most
8305,Clearly generation
8306,Space per
8307,Center fire
8308,Evidence special
8309,Each right
8310,Teach Democrat
8311,Attorney sure
8312,To end
8313,Join impact
8314,Next accept
8315,Guy attack
8316,After main
8317,Audience usually
8318,Society view
8319,I trade
8320,Phone card
8321,Safe way
8322,Force reflect
8323,Nor policy
8324,Letter scene
8325,Apply century
8326,Would able
8327,East statement
8328,State affect
8329,Many kind
8330,Whom everything
8331,Care owner
8332,There wish
8333,Sign forward
8334,Team message
8335,Behavior political
8336,A decision
8337,Run common
8338,Themselves sometimes
8339,Whose actually
8340,Option share
8341,Move star
8342,Yard page
8343,Media perhaps
8344,Somebody American
8345,Will citizen
8346,Congress enjoy
8347,Yeah oil
8348,Eye measure
8349,May much
8350,Choose dark
8351,Unit education
8352,Central teacher
8353,Successful probably
8354,Well answer
8355,Lot some
8356,Up line
8357,Huge wind
8358,Dog section
8359,Case knowledge
8360,Claim reveal
8361,Per want
8362,Anything street
8363,People different
8364,Responsibility fish
8365,Serious enough
8366,Movement state
8367,Now interesting
8368,Treatment everything
8369,Across court
8370,Despite book
8371,Agency tough
8372,Feel open
8373,Main member
8374,Should will
8375,Usually relationship
8376,Present pull
8377,Break hair
8378,Various true
8379,Wall three
8380,Question because
8381,Win reach
8382,Mean life
8383,They myself
8384,Style meet
8385,Business no
8386,Less address
8387,Else business
8388,Radio president
8389,Month minute
8390,Prepare board
8391,Western send
8392,Wide table
8393,Sport hope
8394,Past energy
8395,There play
8396,Daughter American
8397,Car issue
8398,Card cause
8399,Pay military
8400,Authority glass
8401,Shoulder section
8402,Magazine attack
8403,Attack available
8404,Son blue
8405,Assume those
8406,True human
8407,Involve place
8408,Example it
8409,Tonight water
8410,Particular future
8411,Current mean
8412,Team or
8413,Development enough
8414,Training former
8415,Real reflect
8416,Career likely
8417,Rule decide
8418,Assume class
8419,Require go
8420,Scene feel
8421,Pattern mention
8422,Receive property
8423,Finally back
8424,Result describe
8425,Civil certain
8426,Huge other
8427,Agency within
8428,Present hand
8429,Send beyond
8430,Appear discuss
8431,Particularly design
8432,Baby actually
8433,Company accept
8434,Protect always
8435,Open property
8436,College meeting
8437,Hold note
8438,Himself window
8439,White himself
8440,Present allow
8441,Develop little
8442,Simple source
8443,Late director
8444,Pattern us
8445,Play Mr
8446,Ready mind
8447,That major
8448,Us yourself
8449,Whatever watch
8450,Western fill
8451,Eat yeah
8452,Skin option
8453,Take sit
8454,End say
8455,Arrive report
8456,Now million
8457,Worry watch
8458,See send
8459,These what
8460,Method risk
8461,Notice run
8462,Spend this
8463,Center represent
8464,Nation Republican
8465,Whether success
8466,Level across
8467,Sell visit
8468,Well foreign
8469,Effect market
8470,View training
8471,Rather picture
8472,Speak point
8473,Score modern
8474,Lead risk
8475,Number you
8476,Standard dark
8477,Garden agree
8478,Practice author
8479,Team certain
8480,Specific whole
8481,Report its
8482,Bed space
8483,Spend first
8484,Dinner difference
8485,Second then
8486,Participant chance
8487,Want may
8488,Early life
8489,Road least
8490,Movie life
8491,Conference century
8492,Center real
8493,Conference some
8494,Beat reveal
8495,Spring care
8496,Senior city
8497,Best glass
8498,Upon treatment
8499,Watch strong
8500,Close talk
8501,Present partner
8502,Health walk
8503,Answer different
8504,Arm by
8505,Me money
8506,Government her
8507,Shoulder firm
8508,Answer high
8509,Between herself
8510,Image child
8511,Best commercial
8512,Understand voice
8513,Environment sport
8514,Night building
8515,Article address
8516,Institution direction
8517,Half state
8518,Cold bed
8519,Well skill
8520,Mother could
8521,Enjoy hotel
8522,American again
8523,Quite short
8524,Why ball
8525,Develop worker
8526,Himself art
8527,Method street
8528,Such man
8529,Agent form
8530,Heart contain
8531,Here scientist
8532,Standard people
8533,List save
8534,Condition class
8535,Summer girl
8536,Federal ten
8537,Here occur
8538,Instead I
8539,People draw
8540,Product far
8541,Great live
8542,Machine field
8543,Seem worker
8544,Stand nearly
8545,Street fish
8546,Throw more
8547,Teacher some
8548,Mother police
8549,Case any
8550,Traditional bill
8551,Sense draw
8552,Big improve
8553,List however
8554,You human
8555,Section she
8556,While voice
8557,Who behind
8558,Rest Congress
8559,Rule because
8560,Kid gun
8561,International wall
8562,Issue country
8563,Light price
8564,Possible whatever
8565,Data here
8566,Year hot
8567,Affect day
8568,Account ten
8569,Rule actually
8570,Trouble then
8571,Or top
8572,National two
8573,Blue from
8574,Factor light
8575,Attorney office
8576,Door beat
8577,Deal forget
8578,Foot difference
8579,Effect mission
8580,Visit personal
8581,But happy
8582,Congress modern
8583,Million past
8584,East act
8585,Character wrong
8586,Kitchen somebody
8587,Beyond drug
8588,Into compare
8589,Mention voice
8590,Forget garden
8591,Professional a
8592,Apply behavior
8593,Individual feel
8594,Author leader
8595,Specific agreement
8596,Open exist
8597,During garden
8598,Action finish
8599,Discuss daughter
8600,Store set
8601,Like direction
8602,Early tonight
8603,Instead goal
8604,I serve
8605,Moment believe
8606,Whose everything
8607,Share education
8608,Dog kind
8609,Week able
8610,It where
8611,Weight toward
8612,Main arrive
8613,Deal evidence
8614,Help arrive
8615,Painting with
8616,Step attorney
8617,Be worry
8618,Reach true
8619,End will
8620,Raise never
8621,Above decision
8622,Mean two
8623,His stock
8624,Sport responsibility
8625,Part sea
8626,Art four
8627,Road cost
8628,Deep wear
8629,Very traditional
8630,Quite argue
8631,Wrong foot
8632,Cold mind
8633,None turn
8634,Lay require
8635,Gun fall
8636,Range industry
8637,News politics
8638,Natural director
8639,Their real
8640,Nor west
8641,Family billion
8642,All institution
8643,Central clearly
8644,Really animal
8645,Young operation
8646,Oil window
8647,Lose who
8648,Smile end
8649,About weight
8650,Method blue
8651,Cultural name
8652,Recent Republican
8653,Performance movement
8654,Seven second
8655,Trade carry
8656,Probably soon
8657,Report during
8658,Lay thus
8659,Policy big
8660,No future
8661,Difficult along
8662,Congress different
8663,Yes build
8664,Thing rise
8665,Amount former
8666,Sense chance
8667,Sometimes traditional
8668,Large born
8669,Activity recent
8670,Include Republican
8671,Mr the
8672,After case
8673,Action black
8674,President most
8675,Staff listen
8676,Party machine
8677,Coach sometimes
8678,Cup believe
8679,Quite great
8680,Pull but
8681,Investment investment
8682,Find may
8683,One seem
8684,Prevent author
8685,Feel research
8686,Population language
8687,Most throw
8688,System chair
8689,Significant war
8690,What happen
8691,Help owner
8692,Design key
8693,Ago decision
8694,Reason structure
8695,Party system
8696,General production
8697,Turn it
8698,Born war
8699,Customer serious
8700,Cover financial
8701,Sit it
8702,Administration public
8703,How shake
8704,State process
8705,Strategy blood
8706,Camera computer
8707,Cold send
8708,Brother whose
8709,Day civil
8710,Question blue
8711,Type else
8712,Much result
8713,Wide water
8714,Late manage
8715,Call six
8716,Choose TV
8717,Marriage could
8718,Then science
8719,Radio just
8720,Strong feeling
8721,Interview production
8722,Size dog
8723,Feeling hair
8724,Position party
8725,Until public
8726,According degree
8727,Recognize none
8728,Of try
8729,While line
8730,South until
8731,Forget similar
8732,Above popular
8733,See example
8734,Half sort
8735,Remain single
8736,Around pressure
8737,Fish response
8738,Arrive piece
8739,Teach image
8740,Light consider
8741,Gun ever
8742,Artist shoulder
8743,For language
8744,Easy project
8745,Scientist black
8746,Loss as
8747,Among partner
8748,History into
8749,Style agent
8750,Outside feeling
8751,Establish how
8752,Ground kind
8753,Owner stuff
8754,Final term
8755,Hair usually
8756,Real half
8757,It successful
8758,Officer model
8759,Condition white
8760,Former yes
8761,Special money
8762,Approach them
8763,Research player
8764,Guy two
8765,Seek very
8766,Collection explain
8767,Edge state
8768,Third guess
8769,Use tough
8770,Her seek
8771,Attorney clearly
8772,Able investment
8773,Sometimes name
8774,Low on
8775,By hand
8776,Military Republican
8777,Minute sure
8778,Official network
8779,Several though
8780,Before keep
8781,Dinner by
8782,Spring argue
8783,Agreement remember
8784,Expert significant
8785,Collection trip
8786,Perform people
8787,I happy
8788,Marriage fish
8789,Guy ball
8790,Pretty describe
8791,Pattern through
8792,Skill exactly
8793,Cause child
8794,Front house
8795,New final
8796,Structure person
8797,Wrong what
8798,Power trial
8799,Off my
8800,Certainly name
8801,Record agree
8802,President two
8803,Try fact
8804,Wear head
8805,Factor woman
8806,Us choice
8807,Action author
8808,Rate hit
8809,Material view
8810,Relationship concern
8811,Away pretty
8812,Seem teacher
8813,Wall project
8814,Leader friend
8815,Then real
8816,Daughter meet
8817,Material music
8818,Call culture
8819,Oil know
8820,Mean environment
8821,Push edge
8822,She trip
8823,Sometimes politics
8824,Probably issue
8825,Ten store
8826,Sister hospital
8827,Sort rule
8828,Use indeed
8829,Green seek
8830,Day wear
8831,She major
8832,Leg hotel
8833,Admit ability
8834,Effort miss
8835,Pm remain
8836,Scientist together
8837,Explain customer
8838,Want degree
8839,Product small
8840,Voice front
8841,Plant of
8842,Manage have
8843,Toward everyone
8844,Big thousand
8845,Modern position
8846,Begin ready
8847,Woman quite
8848,Ask able
8849,Image him
8850,Tell effort
8851,Rule surface
8852,Property relate
8853,Answer edge
8854,Point never
8855,Throughout if
8856,Degree discover
8857,Cold go
8858,Everybody book
8859,Book artist
8860,Sense computer
8861,Would seek
8862,Top again
8863,Market what
8864,Need together
8865,Chance everybody
8866,Mrs build
8867,Sense manager
8868,Across almost
8869,Effort not
8870,Chance together
8871,Ask yet
8872,East bed
8873,Risk others
8874,Physical morning
8875,Pull special
8876,Pay suffer
8877,Name nice
8878,Election reach
8879,Teach recognize
8880,Try boy
8881,Direction simply
8882,Imagine country
8883,Thousand wish
8884,Part sort
8885,Role billion
8886,Truth hear
8887,Positive environment
8888,Poor chair
8889,President reveal
8890,Between somebody
8891,Do leader
8892,Bank soon
8893,Physical conference
8894,Even what
8895,Individual past
8896,Executive past
8897,Fear standard
8898,Thus matter
8899,Feeling show
8900,Whom member
8901,Personal exist
8902,Determine main
8903,Exactly back
8904,Add arrive
8905,Meeting edge
8906,Feel reduce
8907,Whatever brother
8908,Pay social
8909,Fall low
8910,Provide institution
8911,College learn
8912,Nothing open
8913,Nature wind
8914,Fly prepare
8915,Them ready
8916,Miss source
8917,Central body
8918,Age describe
8919,Painting present
8920,Let tough
8921,Stage man
8922,Hour defense
8923,Coach week
8924,Financial bill
8925,Too language
8926,Bring body
8927,Reality discover
8928,Where example
8929,To down
8930,Well star
8931,Shoulder house
8932,Respond drug
8933,Table bring
8934,Product perform
8935,Several military
8936,Example possible
8937,Foreign scientist
8938,Process lot
8939,Letter maybe
8940,Keep painting
8941,Oil city
8942,We enough
8943,Treatment safe
8944,Sort not
8945,Customer grow
8946,Professor loss
8947,Hard again
8948,Stop specific
8949,Benefit simple
8950,Look way
8951,Eat thus
8952,Mean national
8953,Total security
8954,Husband partner
8955,Rule remember
8956,Technology with
8957,Until sometimes
8958,Quickly east
8959,Such information
8960,Range look
8961,Operation perhaps
8962,Experience stock
8963,During wrong
8964,World outside
8965,Leave say
8966,Effort single
8967,Family she
8968,Since tree
8969,Effect care
8970,Forget place
8971,Read box
8972,Mother nor
8973,Program few
8974,Here open
8975,Security remain
8976,Ten once
8977,Even yourself
8978,They class
8979,Finally answer
8980,Wall black
8981,Around worry
8982,Food so
8983,Choose effort
8984,Officer same
8985,Audience able
8986,Fish do
8987,Will green
8988,Red public
8989,Technology into
8990,Collection information
8991,Music parent
8992,Would just
8993,Save music
8994,Power none
8995,Dinner education
8996,Word pick
8997,Prevent no
8998,President pay
8999,Eight language
9000,Fire type
9001,Behind brother
9002,Very glass
9003,Way half
9004,Military life
9005,Technology mother
9006,Project information
9007,Process hear
9008,There other
9009,Fund buy
9010,Continue light
9011,Western consumer
9012,Measure how
9013,Build success
9014,Kid glass
9015,Mind leader
9016,Discover ground
9017,Face think
9018,Pick get
9019,Agreement various
9020,Democratic building
9021,Year even
9022,Walk mother
9023,Boy discover
9024,Entire treat
9025,Discuss charge
9026,Window later
9027,Ok region
9028,Democratic budget
9029,View truth
9030,Source modern
9031,Of news
9032,North yet
9033,Minute could
9034,Test who
9035,Response list
9036,Game particular
9037,First once
9038,Money specific
9039,Like thousand
9040,Government memory
9041,Father quickly
9042,Hold memory
9043,Bad size
9044,Positive wall
9045,Owner can
9046,Institution wide
9047,Support himself
9048,At prepare
9049,Capital stage
9050,Raise either
9051,Total page
9052,Once staff
9053,Air green
9054,It like
9055,Science thing
9056,Lawyer owner
9057,Reveal art
9058,Stock member
9059,Training know
9060,With save
9061,Four head
9062,Baby staff
9063,Too dinner
9064,Grow wonder
9065,Capital majority
9066,Partner without
9067,How total
9068,One add
9069,Property national
9070,Rock camera
9071,Beautiful material
9072,Evidence establish
9073,Source what
9074,Ten well
9075,News tend
9076,Positive whose
9077,Last kind
9078,Practice send
9079,Others return
9080,Approach three
9081,Radio suddenly
9082,Like them
9083,Staff effect
9084,Car education
9085,Control perhaps
9086,Gas song
9087,Fall wonder
9088,Stay several
9089,Head however
9090,Government point
9091,Nearly why
9092,Measure age
9093,Movement employee
9094,All Mrs
9095,Include money
9096,History president
9097,Better week
9098,Center bar
9099,Billion for
9100,Share or
9101,Enough technology
9102,Clear whose
9103,Paper billion
9104,Land such
9105,Table quality
9106,Sure usually
9107,Space effect
9108,Single magazine
9109,Result nice
9110,Cold marriage
9111,Cut into
9112,White certain
9113,Wife central
9114,Serve experience
9115,Write age
9116,Cause writer
9117,Science campaign
9118,Sound right
9119,Film PM
9120,Become purpose
9121,During Democrat
9122,Along system
9123,Career if
9124,Campaign along
9125,Evidence agree
9126,Want new
9127,Car scientist
9128,Manager either
9129,Republican hand
9130,Sort teacher
9131,Manage article
9132,Learn wonder
9133,Good somebody
9134,Issue black
9135,Seek think
9136,Simple issue
9137,Oil soldier
9138,Law opportunity
9139,Nothing recent
9140,Radio Mrs
9141,Operation course
9142,Tough director
9143,Southern contain
9144,Arm effect
9145,Yes candidate
9146,Would beautiful
9147,Lead little
9148,Least company
9149,Like prove
9150,Pressure before
9151,Huge visit
9152,Safe modern
9153,Indicate range
9154,Reduce my
9155,Sea staff
9156,Authority plant
9157,Spend section
9158,Blood economy
9159,Series recognize
9160,Agency always
9161,Laugh early
9162,Positive avoid
9163,Want cost
9164,Stage expect
9165,Claim rise
9166,Bill physical
9167,Before above
9168,Free commercial
9169,Method accept
9170,West investment
9171,Protect official
9172,Score member
9173,Simply million
9174,Center history
9175,Suddenly none
9176,A star
9177,Really long
9178,Focus election
9179,Hand simple
9180,Often just
9181,Glass available
9182,And rich
9183,Employee term
9184,Education security
9185,History necessary
9186,Field service
9187,Full American
9188,When fly
9189,Gun read
9190,Her look
9191,Later care
9192,Lot analysis
9193,Term politics
9194,Act vote
9195,White page
9196,Maybe fund
9197,Beat us
9198,Television subject
9199,Like behavior
9200,Me how
9201,Somebody sometimes
9202,Practice across
9203,Try eight
9204,Floor wait
9205,Recent major
9206,Recent price
9207,Look religious
9208,Between year
9209,Reflect question
9210,Tree my
9211,See minute
9212,Energy economy
9213,Red my
9214,Material wear
9215,Computer third
9216,Friend edge
9217,Information at
9218,Possible environment
9219,Paper charge
9220,Have under
9221,Analysis chance
9222,Who direction
9223,Realize rest
9224,Black myself
9225,Spend fire
9226,Simply meet
9227,Lay Democrat
9228,Tend my
9229,Then cut
9230,Voice we
9231,Provide everybody
9232,However could
9233,Performance statement
9234,I door
9235,Improve ability
9236,Situation market
9237,Focus check
9238,Fear often
9239,Move building
9240,Everyone environmental
9241,He beautiful
9242,Fine party
9243,Product source
9244,Thousand bag
9245,Education say
9246,Attention step
9247,Experience him
9248,Son growth
9249,Relate art
9250,Order run
9251,Four my
9252,Support leg
9253,Start pattern
9254,American glass
9255,Treat drive
9256,While prevent
9257,Daughter adult
9258,Agreement small
9259,Community require
9260,World car
9261,Tell direction
9262,Candidate thousand
9263,Morning goal
9264,Society us
9265,Meet scene
9266,Scientist concern
9267,May effect
9268,This require
9269,Surface score
9270,Game church
9271,Central thousand
9272,Wait play
9273,Run stay
9274,Hotel degree
9275,Especially body
9276,Future understand
9277,Eat provide
9278,Scientist laugh
9279,Big yard
9280,Style section
9281,Reach modern
9282,Way attack
9283,Continue if
9284,While age
9285,Whose rest
9286,Visit if
9287,Answer exactly
9288,Child magazine
9289,Environment wife
9290,East should
9291,Magazine another
9292,Drive one
9293,Much everything
9294,Practice since
9295,Decade might
9296,Federal be
9297,Body arm
9298,Assume hand
9299,At natural
9300,We rise
9301,Force central
9302,His beautiful
9303,Film feel
9304,Ever thus
9305,Yourself thus
9306,Time put
9307,Ball build
9308,Realize morning
9309,Fire policy
9310,Its onto
9311,Year purpose
9312,Avoid phone
9313,Good provide
9314,Consider economy
9315,Standard traditional
9316,Next where
9317,Happy middle
9318,Draw lot
9319,Move child
9320,As billion
9321,Smile full
9322,Success across
9323,Another race
9324,Energy special
9325,Station next
9326,Score common
9327,Opportunity whole
9328,Candidate sing
9329,Feeling whole
9330,Recent if
9331,Character candidate
9332,Various forward
9333,Consumer medical
9334,Member discussion
9335,Personal collection
9336,Necessary finish
9337,Focus act
9338,Language international
9339,Practice kind
9340,Increase process
9341,Beyond day
9342,Professor art
9343,Wind general
9344,Relationship hundred
9345,Near no
9346,At new
9347,Physical everything
9348,Style ask
9349,Relate center
9350,Many argue
9351,Nearly him
9352,Effort window
9353,Understand great
9354,Nice account
9355,Perhaps must
9356,Education front
9357,Technology sure
9358,She sister
9359,Sure else
9360,Into forward
9361,Though hard
9362,Company wish
9363,Reflect great
9364,Wide site
9365,Whatever improve
9366,Challenge commercial
9367,Knowledge understand
9368,Take above
9369,Suddenly note
9370,Might film
9371,Quickly almost
9372,Yourself recognize
9373,Technology thousand
9374,Attention leader
9375,Section after
9376,Become tax
9377,Me beyond
9378,Alone party
9379,Medical surface
9380,Upon summer
9381,Name pretty
9382,World past
9383,Seven defense
9384,Firm son
9385,Adult them
9386,Building discuss
9387,Tax thousand
9388,Message inside
9389,Bit see
9390,Discuss rate
9391,Kitchen manager
9392,Player close
9393,Year forget
9394,Management interesting
9395,Perform note
9396,Class surface
9397,Serve describe
9398,People should
9399,Possible start
9400,Available image
9401,Better myself
9402,Available Congress
9403,Especially health
9404,Month national
9405,Before media
9406,Night wide
9407,Possible price
9408,Nice fine
9409,Campaign entire
9410,Wide police
9411,Lose hear
9412,War site
9413,Fill learn
9414,Half much
9415,Movie turn
9416,Tax book
9417,Recently describe
9418,Structure when
9419,Accept what
9420,Crime arm
9421,Represent official
9422,Protect sing
9423,Effort scientist
9424,Range land
9425,Consumer seem
9426,Religious life
9427,True become
9428,Four which
9429,Could place
9430,Little space
9431,Still account
9432,Law choice
9433,Deal view
9434,Everybody avoid
9435,Painting identify
9436,Amount guy
9437,Interesting program
9438,Add seven
9439,Stop stand
9440,That son
9441,Ten vote
9442,Husband sure
9443,Perhaps pull
9444,Score billion
9445,Center cell
9446,Arrive population
9447,Law arm
9448,Describe control
9449,Watch should
9450,Nor market
9451,Interview watch
9452,Rest husband
9453,Director expect
9454,Policy bag
9455,Camera stop
9456,Ever rule
9457,Himself strategy
9458,About cost
9459,Well myself
9460,Worry grow
9461,Main management
9462,Probably from
9463,Service place
9464,Unit everybody
9465,Several hotel
9466,Continue court
9467,Believe enjoy
9468,Own grow
9469,According example
9470,Page about
9471,Study small
9472,Good anyone
9473,Really why
9474,Step require
9475,Together stop
9476,Mean hair
9477,Contain party
9478,Court piece
9479,President end
9480,To summer
9481,Sign tend
9482,Level last
9483,Without station
9484,How force
9485,Challenge stuff
9486,Eight good
9487,Trial again
9488,Voice she
9489,Mention however
9490,Culture ball
9491,Day similar
9492,Recent them
9493,Trouble by
9494,Few material
9495,After current
9496,Bar thank
9497,Bit week
9498,Scene ball
9499,Billion send
9500,Research process
9501,Song give
9502,Yeah nearly
9503,Part close
9504,Item feel
9505,If girl
9506,Region behind
9507,Decade agreement
9508,Tree dark
9509,Cost fire
9510,Music oil
9511,Plant adult
9512,Morning want
9513,Agency quite
9514,Court join
9515,Ago deep
9516,Help community
9517,Black authority
9518,Campaign member
9519,Difficult other
9520,Move throughout
9521,Need reach
9522,Game age
9523,Box understand
9524,Them financial
9525,Commercial capital
9526,Tax her
9527,Allow team
9528,Worker upon
9529,Service choose
9530,Window pass
9531,Others less
9532,Door feel
9533,None cell
9534,Station develop
9535,Effect enough
9536,Either impact
9537,Physical series
9538,Young everyone
9539,National street
9540,Share physical
9541,Without last
9542,Parent eight
9543,Gas street
9544,Dark morning
9545,Go direction
9546,Among their
9547,Beyond rich
9548,Six staff
9549,Through strong
9550,Water born
9551,Clearly suddenly
9552,Fire daughter
9553,Yourself car
9554,Itself player
9555,Or get
9556,Partner thought
9557,Either interesting
9558,Control shake
9559,Seat human
9560,Chair throw
9561,Single line
9562,Quickly present
9563,Blue near
9564,Adult reach
9565,Impact central
9566,Authority now
9567,Mean into
9568,Rock rock
9569,Big off
9570,Deep quite
9571,Effect west
9572,Star discover
9573,Meeting whose
9574,Cup admit
9575,Especially sure
9576,Fund garden
9577,Sea which
9578,Yes support
9579,Officer around
9580,Project improve
9581,Type off
9582,Fill least
9583,Country perhaps
9584,Matter significant
9585,Public benefit
9586,Program similar
9587,Cost evidence
9588,Job season
9589,Consider allow
9590,Hospital trip
9591,Conference quality
9592,Bill thing
9593,Occur gas
9594,He seat
9595,Season approach
9596,Education whose
9597,Number chance
9598,Least current
9599,Use lawyer
9600,Training ready
9601,Thousand a
9602,Road into
9603,Land pick
9604,Sure can
9605,Court add
9606,Eight measure
9607,Nature day
9608,Story travel
9609,But morning
9610,Upon benefit
9611,Bed either
9612,Green player
9613,Chance trial
9614,Name site
9615,Event rise
9616,Tend result
9617,Street same
9618,Help listen
9619,Moment task
9620,Ask mouth
9621,North world
9622,Customer build
9623,Bed include
9624,Against inside
9625,Very black
9626,Public growth
9627,Style weight
9628,Different tell
9629,Response use
9630,American turn
9631,Trouble protect
9632,Could baby
9633,Democrat through
9634,Member time
9635,Teacher kitchen
9636,Possible ball
9637,Back hundred
9638,Summer hope
9639,Environmental person
9640,Because nothing
9641,Direction treat
9642,Maintain radio
9643,Finally age
9644,Mother edge
9645,Resource during
9646,Person bar
9647,Occur claim
9648,Trouble party
9649,Around country
9650,Project lot
9651,Project project
9652,Decide hit
9653,People prepare
9654,Light appear
9655,Part describe
9656,Together car
9657,Star career
9658,Training say
9659,Activity official
9660,Take religious
9661,Artist happy
9662,Environmental left
9663,Agree mother
9664,Customer could
9665,Theory oil
9666,President manager
9667,Will least
9668,Value rich
9669,Game subject
9670,Blue pick
9671,Respond huge
9672,Figure building
9673,Yard pay
9674,Near without
9675,Who final
9676,Factor throughout
9677,Republican dream
9678,While night
9679,Minute democratic
9680,Field player
9681,Wear item
9682,Write window
9683,Capital will
9684,Community party
9685,Add energy
9686,Itself morning
9687,Financial again
9688,Inside billion
9689,Develop true
9690,She for
9691,Expert add
9692,Size administration
9693,Paper network
9694,Personal forward
9695,Anything study
9696,Against blood
9697,Time she
9698,Social at
9699,Total firm
9700,Together number
9701,Approach ask
9702,Range president
9703,Economy environment
9704,Allow chance
9705,Leg act
9706,Relationship store
9707,Sister above
9708,System whatever
9709,Course simple
9710,Body beat
9711,Understand important
9712,Pressure Democrat
9713,Customer foreign
9714,It national
9715,Nation able
9716,Follow some
9717,Girl minute
9718,Cost recognize
9719,Go reach
9720,Down sell
9721,Spring by
9722,Cover choose
9723,Price tend
9724,Production inside
9725,Summer how
9726,Growth never
9727,Across represent
9728,Phone see
9729,Tend task
9730,Painting food
9731,Decade cup
9732,Performance project
9733,Only play
9734,Heart future
9735,Design identify
9736,More as
9737,Ground important
9738,Whatever them
9739,Whole use
9740,Rich as
9741,Act likely
9742,Focus less
9743,Game development
9744,Put lawyer
9745,Why food
9746,List board
9747,Contain large
9748,Top term
9749,Technology improve
9750,She they
9751,Discussion control
9752,Just nor
9753,Spring dinner
9754,According watch
9755,Soldier player
9756,Five ten
9757,Build plan
9758,House church
9759,Page everyone
9760,Federal all
9761,Similar trip
9762,About per
9763,Nearly agent
9764,While soldier
9765,Example phone
9766,Employee several
9767,Career quickly
9768,Trip director
9769,Stuff option
9770,Speech that
9771,Situation million
9772,Friend unit
9773,Will store
9774,Leader option
9775,Teach born
9776,Could remain
9777,Certain hundred
9778,Into her
9779,Factor hold
9780,For glass
9781,Case cell
9782,Until car
9783,Year many
9784,Suggest citizen
9785,Network country
9786,Role smile
9787,Front issue
9788,Forward sea
9789,Wear network
9790,Fact cell
9791,Claim other
9792,Future detail
9793,Past boy
9794,Mrs civil
9795,Including what
9796,Kitchen assume
9797,Sort its
9798,The risk
9799,Meet hundred
9800,Raise pattern
9801,News young
9802,Answer allow
9803,Car call
9804,Conference loss
9805,Read surface
9806,Front almost
9807,South newspaper
9808,Design tree
9809,Energy husband
9810,Final next
9811,Such serious
9812,Common two
9813,Price hundred
9814,Federal trip
9815,Couple again
9816,Dark few
9817,Industry sense
9818,Special break
9819,Human ground
9820,Writer trade
9821,Local me
9822,Race hit
9823,Expect wide
9824,Now identify
9825,Sure task
9826,Respond into
9827,Treatment anything
9828,Moment store
9829,Check reduce
9830,Item year
9831,Many how
9832,Model nearly
9833,Film why
9834,Traditional save
9835,Look worry
9836,Head million
9837,Behavior company
9838,Local choice
9839,Sing five
9840,Full production
9841,Mrs out
9842,Natural become
9843,Partner pass
9844,Run million
9845,Idea black
9846,Coach run
9847,Bank several
9848,Guy product
9849,Too other
9850,Would safe
9851,Theory who
9852,Him ready
9853,My TV
9854,Short involve
9855,And feeling
9856,Board free
9857,Name common
9858,Attorney husband
9859,Both position
9860,Number that
9861,Describe land
9862,By trade
9863,Size church
9864,Process I
9865,Gas expect
9866,Avoid develop
9867,Month fight
9868,Nation position
9869,Sense visit
9870,Point tax
9871,Job personal
9872,Too protect
9873,Tax late
9874,Might alone
9875,Plan yard
9876,Professor money
9877,Series performance
9878,Big per
9879,Such simply
9880,Southern usually
9881,Its wife
9882,Age production
9883,Focus relate
9884,Establish guy
9885,Young production
9886,Experience fall
9887,Human else
9888,Board contain
9889,Offer write
9890,Respond direction
9891,Be receive
9892,Fine effect
9893,Job home
9894,Popular down
9895,General activity
9896,Six other
9897,Realize kind
9898,College the
9899,Health production
9900,Movement rather
9901,Those if
9902,Goal will
9903,Describe long
9904,Anyone full
9905,Across that
9906,Number describe
9907,Term of
9908,Win else
9909,Face whose
9910,Officer product
9911,Response yes
9912,Wait throughout
9913,Industry institution
9914,Paper manage
9915,Budget seem
9916,Town security
9917,Since less
9918,Medical president
9919,Job station
9920,Congress close
9921,Boy many
9922,Thought personal
9923,Seven training
9924,Author hard
9925,Town alone
9926,Material door
9927,Practice national
9928,Daughter education
9929,Different must
9930,Close responsibility
9931,Agree rich
9932,Him forward
9933,Page low
9934,See task
9935,Ago picture
9936,Guy guy
9937,More quality
9938,Including fish
9939,Rest say
9940,Expert these
9941,Door sing
9942,Agree stand
9943,Government site
9944,Piece commercial
9945,Feeling task
9946,Sign those
9947,Cold yeah
9948,Now always
9949,Market win
9950,Break you
9951,Best popular
9952,Window cell
9953,Form home
9954,Involve probably
9955,History network
9956,Director parent
9957,Protect relate
9958,Activity store
9959,Herself thought
9960,Social plan
9961,Practice mission
9962,Life example
9963,Gas interview
9964,Through sit
9965,Series surface
9966,Republican practice
9967,Market degree
9968,Speech analysis
9969,Truth allow
9970,Amount save
9971,Total officer
9972,Plan send
9973,Describe trial
9974,Involve brother
9975,Fine strategy
9976,Fine vote
9977,Outside check
9978,Style near
9979,Challenge particularly
9980,Industry try
9981,Protect project
9982,Three four
9983,Attack fear
9984,Way happy
9985,Leader particularly
9986,He method
9987,Guess we
9988,Argue they
9989,Structure give
9990,First not
9991,Maintain half
9992,Everybody common
9993,Hit certain
9994,National project
9995,Item detail
9996,Fill interest
9997,Daughter consumer
9998,We show
9999,She fact
10000,Stuff card
10001,Customer kind
10002,Increase teacher
10003,Size affect
10004,Response second
10005,Town that
10006,Summer know
10007,Century ball
10008,Memory yet
10009,Soldier key
10010,More number
10011,Hope share
10012,Share why
10013,Society place
10014,Music really
10015,Consumer full
10016,Trip discussion
10017,Investment relate
10018,Use offer
10019,Anyone yourself
10020,Friend much
10021,Myself teacher
10022,Hard property
10023,Soon window
10024,Consider husband
10025,Know itself
10026,Product right
10027,Usually course
10028,Foreign speak
10029,Current detail
10030,Coach top
10031,Car present
10032,Of build
10033,Focus upon
10034,Total research
10035,Republican team
10036,Usually first
10037,Organization line
10038,Likely authority
10039,Husband wrong
10040,Same production
10041,Product professional
10042,Read student
10043,Economic require
10044,Sit almost
10045,Fine appear
10046,Coach arrive
10047,Guess cause
10048,Particularly beautiful
10049,Nearly investment
10050,Teach bar
10051,Red physical
10052,Share where
10053,Example hundred
10054,You effect
10055,Give finish
10056,Major worry
10057,Either building
10058,Play pull
10059,Believe nation
10060,Company child
10061,Not face
10062,Religious property
10063,Style though
10064,Hope customer
10065,City Mr
10066,Nation difference
10067,Why rule
10068,Rock would
10069,Water control
10070,Far against
10071,Always available
10072,Have election
10073,Provide image
10074,Cultural common
10075,Former choose
10076,General them
10077,Few room
10078,Bill agency
10079,American model
10080,Term serve
10081,Rise crime
10082,Him friend
10083,Factor cell
10084,Reveal response
10085,Real himself
10086,Rock question
10087,He Congress
10088,Let development
10089,Apply probably
10090,Including such
10091,Too act
10092,Late worry
10093,Should plant
10094,Short consider
10095,Up police
10096,Movie ground
10097,Major management
10098,Assume establish
10099,Large large
10100,Civil bit
10101,Instead organization
10102,Thing fine
10103,Stage one
10104,Become this
10105,Recent quickly
10106,Suffer option
10107,Religious scene
10108,Letter source
10109,As network
10110,Themselves describe
10111,Weight international
10112,Simply way
10113,Why require
10114,Total green
10115,Item future
10116,Again low
10117,Yard citizen
10118,That improve
10119,Box down
10120,I black
10121,Course cut
10122,Food wife
10123,Impact say
10124,Parent until
10125,Sell deal
10126,Class age
10127,Local might
10128,Two manager
10129,Ahead two
10130,Figure seat
10131,That certainly
10132,With continue
10133,Exist case
10134,Door present
10135,Hold church
10136,Sometimes these
10137,Training among
10138,Allow adult
10139,Oil positive
10140,Rock democratic
10141,Fight ground
10142,Civil me
10143,Everything drop
10144,Learn dinner
10145,Win ok
10146,Issue if
10147,Some still
10148,Less strategy
10149,Color form
10150,Eat process
10151,Decide pretty
10152,Fish them
10153,Charge I
10154,The treatment
10155,Trial her
10156,Country who
10157,Modern dog
10158,Especially poor
10159,Field across
10160,Wonder environmental
10161,Teacher relationship
10162,Scientist song
10163,Skin effort
10164,Worry senior
10165,Success hand
10166,Cell public
10167,Product at
10168,Candidate few
10169,Surface upon
10170,Consumer have
10171,Future star
10172,Major current
10173,Meeting order
10174,Nothing foreign
10175,Various find
10176,Produce total
10177,Find about
10178,Leader mouth
10179,Dog teach
10180,Country performance
10181,Person whose
10182,Source pull
10183,View country
10184,Technology already
10185,Piece there
10186,Party ahead
10187,Hotel very
10188,Million wife
10189,Better war
10190,Actually also
10191,Significant set
10192,Claim ahead
10193,Happy live
10194,Lose spend
10195,Today event
10196,Add Mr
10197,Since use
10198,During shoulder
10199,Commercial sort
10200,Light operation
10201,Music from
10202,Reflect sea
10203,Any reflect
10204,Stuff so
10205,Green determine
10206,Tree factor
10207,Third with
10208,Check organization
10209,Trip hope
10210,Arrive deep
10211,Bar possible
10212,Realize place
10213,Total member
10214,Meet environmental
10215,Camera purpose
10216,Bank throughout
10217,Quality hospital
10218,House his
10219,Total customer
10220,Professor decision
10221,Sign policy
10222,Television million
10223,Citizen hour
10224,Event situation
10225,Dream also
10226,Drive read
10227,Push international
10228,Why good
10229,Enjoy off
10230,Computer control
10231,Soon goal
10232,Ability window
10233,One quickly
10234,Must writer
10235,Walk successful
10236,The at
10237,Month side
10238,Single entire
10239,Simply dream
10240,Mind air
10241,Drive avoid
10242,Eight factor
10243,Up couple
10244,Fill as
10245,On still
10246,Century decide
10247,Our American
10248,Professional there
10249,Call accept
10250,Else month
10251,Building others
10252,However wind
10253,Building drop
10254,Person raise
10255,Care note
10256,Science summer
10257,Bed father
10258,Room wait
10259,Foreign dream
10260,Child young
10261,Agree thank
10262,Option official
10263,Wall blood
10264,Foot anyone
10265,They truth
10266,Discussion large
10267,Section reveal
10268,Bill fight
10269,Model or
10270,Red different
10271,Off American
10272,Sign officer
10273,Perhaps attention
10274,Necessary again
10275,Serious energy
10276,City decade
10277,Chair provide
10278,Lay material
10279,Stuff song
10280,Body smile
10281,Practice quality
10282,Artist happen
10283,Night grow
10284,Book before
10285,Cover he
10286,Key personal
10287,In woman
10288,Receive brother
10289,History know
10290,Present choice
10291,Once maybe
10292,Again beautiful
10293,Leader long
10294,Decide yard
10295,Challenge strategy
10296,Prevent son
10297,Station then
10298,Age since
10299,Election record
10300,However ahead
10301,Concern American
10302,Final report
10303,Follow whose
10304,Decision pretty
10305,Live thank
10306,Hope choice
10307,Later hot
10308,Despite region
10309,Food leave
10310,There book
10311,Win administration
10312,Minute people
10313,Heavy charge
10314,Find whether
10315,Throughout price
10316,Remain great
10317,Edge contain
10318,Risk detail
10319,Little relate
10320,Part message
10321,Risk news
10322,Wonder have
10323,Yet speak
10324,Police special
10325,Beat similar
10326,Nature financial
10327,View election
10328,Simply nothing
10329,Move push
10330,Quickly out
10331,Would reality
10332,American all
10333,Although hotel
10334,Involve either
10335,You law
10336,Bill hard
10337,Approach table
10338,Note outside
10339,Human morning
10340,Level job
10341,Woman star
10342,Partner near
10343,Western other
10344,Product first
10345,Build husband
10346,Network happen
10347,Land grow
10348,Trade court
10349,Case skill
10350,Discover ever
10351,Option different
10352,Series chair
10353,The your
10354,Well down
10355,Development though
10356,Financial scientist
10357,Inside say
10358,Glass pressure
10359,Church both
10360,Bit others
10361,Threat conference
10362,Gun expect
10363,Shoulder adult
10364,Home space
10365,Almost stuff
10366,Health son
10367,Else increase
10368,Run style
10369,Month music
10370,Turn American
10371,Yeah take
10372,News practice
10373,Same during
10374,Indicate car
10375,Do glass
10376,With though
10377,Spring probably
10378,Dinner mother
10379,Health whom
10380,Whole drop
10381,Court particular
10382,Price now
10383,For operation
10384,Type but
10385,Affect together
10386,True tax
10387,New clearly
10388,Everybody hand
10389,Easy senior
10390,Foot believe
10391,Light physical
10392,Include set
10393,Evidence on
10394,Official edge
10395,Value moment
10396,Party behind
10397,Share station
10398,Yet data
10399,Officer mind
10400,Situation hair
10401,Company play
10402,Part recognize
10403,Heart idea
10404,Agreement direction
10405,Despite few
10406,Law model
10407,Thus easy
10408,Man final
10409,Make arm
10410,Only also
10411,Medical million
10412,Station tell
10413,Meet bag
10414,Usually go
10415,Employee daughter
10416,Say research
10417,Nearly threat
10418,Tend alone
10419,Travel return
10420,How response
10421,Notice put
10422,Course it
10423,Administration new
10424,Light receive
10425,Several event
10426,Book boy
10427,Town including
10428,Somebody buy
10429,Successful example
10430,Traditional to
10431,Great leader
10432,Have learn
10433,Until head
10434,Red describe
10435,Watch debate
10436,Ever little
10437,Ready factor
10438,Analysis policy
10439,Ball event
10440,Sister owner
10441,Ability central
10442,Whom need
10443,Scene about
10444,Degree quality
10445,World do
10446,Capital full
10447,Police deep
10448,Power else
10449,Talk throughout
10450,Degree clear
10451,Pay community
10452,Feel enter
10453,Since put
10454,Serve home
10455,Anyone what
10456,Fund consider
10457,Win model
10458,Majority claim
10459,Government audience
10460,Back door
10461,Although different
10462,Upon his
10463,Produce return
10464,Political become
10465,Program at
10466,Apply though
10467,Sense lay
10468,Collection question
10469,Sea score
10470,Middle woman
10471,Role sport
10472,Paper responsibility
10473,Everything language
10474,Lot benefit
10475,Truth pressure
10476,Might politics
10477,Better he
10478,Over present
10479,Company health
10480,Individual fall
10481,Me machine
10482,Notice compare
10483,Box apply
10484,Page entire
10485,Market clearly
10486,Either card
10487,His arrive
10488,Any value
10489,At animal
10490,Wait surface
10491,According event
10492,Low film
10493,Again with
10494,Film white
10495,Nothing impact
10496,Town politics
10497,Approach onto
10498,Maybe month
10499,Father save
10500,Mouth couple
10501,Fill likely
10502,Nearly interview
10503,Role speech
10504,Specific scene
10505,Adult until
10506,Style born
10507,Measure matter
10508,Expect finish
10509,Politics rise
10510,Expert other
10511,Story score
10512,Yeah hard
10513,Outside military
10514,Often next
10515,Feeling scientist
10516,Special picture
10517,Mother Congress
10518,Success get
10519,Exactly sport
10520,Become decide
10521,Easy reality
10522,Mouth live
10523,Teacher art
10524,Believe bring
10525,Feeling occur
10526,I similar
10527,Begin outside
10528,Heart against
10529,Lot describe
10530,Have lawyer
10531,Agency enter
10532,Similar himself
10533,Plan class
10534,Whether institution
10535,Stage relate
10536,Usually different
10537,Likely piece
10538,Win on
10539,Task near
10540,Follow news
10541,Heavy medical
10542,Table movement
10543,Always particular
10544,Sell discussion
10545,Of theory
10546,Take across
10547,From building
10548,Although down
10549,West former
10550,American should
10551,Inside yes
10552,A different
10553,Receive general
10554,Know actually
10555,Capital a
10556,Series by
10557,Among military
10558,Require image
10559,Generation above
10560,Court walk
10561,Just family
10562,Others effect
10563,Early friend
10564,Authority accept
10565,Pretty truth
10566,Decade in
10567,Able western
10568,Anyone base
10569,Seem probably
10570,Wrong recently
10571,Hotel miss
10572,Through information
10573,Understand pay
10574,Hand seem
10575,Attention similar
10576,Write source
10577,Ready name
10578,Report race
10579,Difficult second
10580,They up
10581,Certain growth
10582,Difficult size
10583,Style figure
10584,Compare have
10585,Type charge
10586,Reduce point
10587,Major continue
10588,Look fly
10589,Kid operation
10590,Between president
10591,Expect fight
10592,Consumer imagine
10593,Design he
10594,Close few
10595,Vote while
10596,Total news
10597,Forget over
10598,Full bring
10599,Top pressure
10600,Leave fund
10601,Meeting growth
10602,Program time
10603,Book identify
10604,Challenge person
10605,Discuss still
10606,Risk main
10607,Machine every
10608,Individual sing
10609,Now raise
10610,Knowledge this
10611,Majority risk
10612,Ten interview
10613,Thousand house
10614,Month about
10615,Street truth
10616,Build marriage
10617,Green over
10618,Risk system
10619,Town win
10620,Exactly follow
10621,These how
10622,One treat
10623,Across discussion
10624,Discover first
10625,Study cold
10626,Remain talk
10627,Artist view
10628,Morning director
10629,However opportunity
10630,Deal mention
10631,Health he
10632,Sort middle
10633,Center study
10634,Six concern
10635,Interview attention
10636,Pick develop
10637,Career feeling
10638,Moment force
10639,Center much
10640,Month necessary
10641,Suggest beat
10642,Without beautiful
10643,Benefit strategy
10644,Evidence decide
10645,Western direction
10646,Employee return
10647,Soon lose
10648,Prepare grow
10649,Or easy
10650,Almost smile
10651,Blue travel
10652,Space work
10653,Difference staff
10654,Building thousand
10655,Itself share
10656,Their stage
10657,Industry know
10658,Tonight process
10659,Can career
10660,Continue official
10661,Whole person
10662,Cause finish
10663,War billion
10664,Page pay
10665,Degree difference
10666,Something cultural
10667,Voice prepare
10668,Southern which
10669,Customer take
10670,Trade main
10671,Improve audience
10672,People final
10673,Job eat
10674,Century information
10675,More doctor
10676,Change anything
10677,World answer
10678,Other quite
10679,Social safe
10680,Ahead team
10681,Follow pattern
10682,Nothing return
10683,Three despite
10684,Democratic message
10685,Practice building
10686,Save opportunity
10687,Else interesting
10688,Wrong audience
10689,Defense type
10690,Hit grow
10691,Head country
10692,Thing organization
10693,Human family
10694,Item wait
10695,Moment fast
10696,Area somebody
10697,Face order
10698,Staff produce
10699,Bed life
10700,Court physical
10701,Cold need
10702,Ground yourself
10703,Tree now
10704,Recognize strategy
10705,Have daughter
10706,Address figure
10707,Author card
10708,Central data
10709,Meet defense
10710,Age thank
10711,Art see
10712,Yourself improve
10713,Prove personal
10714,Both trouble
10715,Represent management
10716,House certainly
10717,Very hear
10718,Board explain
10719,Drive begin
10720,Send she
10721,Plant probably
10722,Next paper
10723,Thank soldier
10724,Thousand card
10725,Type before
10726,Hair idea
10727,Name serve
10728,Individual gun
10729,Blue system
10730,He he
10731,Free force
10732,Probably shake
10733,Heavy determine
10734,Budget young
10735,Oil region
10736,Door account
10737,Heart situation
10738,Remain off
10739,Case trip
10740,So quickly
10741,Look you
10742,Wonder capital
10743,Religious answer
10744,Born meeting
10745,Site analysis
10746,Better sister
10747,Example particular
10748,Security fly
10749,Let thus
10750,Pm occur
10751,Boy study
10752,Single note
10753,Best always
10754,Yard growth
10755,Alone operation
10756,Trouble seven
10757,Direction contain
10758,Interesting both
10759,Market voice
10760,Doctor worry
10761,Effort young
10762,Before mean
10763,Culture something
10764,Suggest control
10765,Wait international
10766,Own traditional
10767,Evening notice
10768,Down teacher
10769,Listen decision
10770,Reflect American
10771,Response positive
10772,Throw child
10773,Person much
10774,Most fear
10775,Over every
10776,Fund cost
10777,Suddenly unit
10778,After role
10779,Relationship may
10780,Simple goal
10781,Act three
10782,Single hit
10783,Beyond official
10784,Cell pressure
10785,Artist by
10786,Data better
10787,Remain nice
10788,Glass who
10789,Example approach
10790,Ability cup
10791,Rest reduce
10792,Receive key
10793,Discuss actually
10794,Offer investment
10795,Himself face
10796,Evening garden
10797,Issue three
10798,Kid win
10799,Should partner
10800,Building player
10801,Collection budget
10802,Growth act
10803,Safe television
10804,Mr section
10805,Each manage
10806,Together floor
10807,There beyond
10808,Challenge around
10809,Long prove
10810,Realize table
10811,Situation ago
10812,Agency chance
10813,Place security
10814,Year central
10815,Itself deal
10816,Choose carry
10817,Box choice
10818,Own late
10819,Arm manage
10820,Letter challenge
10821,Information city
10822,Total ahead
10823,Last upon
10824,Focus eye
10825,Evidence too
10826,Technology light
10827,Campaign group
10828,Condition major
10829,Full find
10830,Speak future
10831,Also result
10832,Former he
10833,International century
10834,See recently
10835,These inside
10836,Morning dream
10837,Its make
10838,Know support
10839,Loss sometimes
10840,Fear near
10841,Tell camera
10842,Watch gas
10843,Most guy
10844,Seat field
10845,Nice speak
10846,Easy serious
10847,Study up
10848,Management itself
10849,Ability television
10850,Much party
10851,Cost though
10852,Until would
10853,Especially bar
10854,He talk
10855,Service try
10856,Song shake
10857,Owner tonight
10858,Enjoy manage
10859,Service win
10860,Trade exist
10861,Fish myself
10862,Describe adult
10863,Among her
10864,Trip strong
10865,Imagine few
10866,Full kitchen
10867,Need talk
10868,Theory until
10869,Option eight
10870,Late everybody
10871,Plan Republican
10872,Pm require
10873,Environment account
10874,Citizen dinner
10875,West perhaps
10876,Skill minute
10877,Speech process
10878,Place technology
10879,Unit gas
10880,Table book
10881,Teacher simple
10882,Represent network
10883,Us with
10884,Against seven
10885,Anyone five
10886,Behavior rule
10887,Authority as
10888,Arm he
10889,Provide better
10890,Deep some
10891,College two
10892,Animal service
10893,Trouble be
10894,Throw role
10895,Suddenly home
10896,Rich do
10897,College seven
10898,Movie three
10899,Major it
10900,Natural film
10901,Gun decade
10902,Study material
10903,Toward base
10904,Mr without
10905,Consumer minute
10906,Could skill
10907,Various say
10908,Popular design
10909,Late high
10910,Perhaps class
10911,Suddenly group
10912,Letter situation
10913,Garden thing
10914,Sure activity
10915,Pass risk
10916,South its
10917,More since
10918,Why admit
10919,Myself treatment
10920,City total
10921,Available claim
10922,Economy result
10923,Something travel
10924,About full
10925,Star drive
10926,Establish street
10927,Agency laugh
10928,Moment character
10929,Great join
10930,Process blue
10931,Understand capital
10932,Hold true
10933,In at
10934,Discuss why
10935,Fund sign
10936,Challenge explain
10937,Magazine physical
10938,Democratic under
10939,Mission speech
10940,Usually choose
10941,Traditional third
10942,Forward through
10943,Note despite
10944,Prove easy
10945,Address network
10946,Series account
10947,Environment eight
10948,Four of
10949,State reduce
10950,Government start
10951,Tend travel
10952,Movement five
10953,Stop year
10954,Main doctor
10955,Mean yourself
10956,Over quality
10957,Include girl
10958,Evening executive
10959,Different provide
10960,Financial in
10961,Board bed
10962,Another season
10963,Discover decide
10964,Identify until
10965,Remember believe
10966,Yeah Mr
10967,Admit cost
10968,Summer response
10969,Last next
10970,Movie air
10971,Consumer significant
10972,Special man
10973,Difference million
10974,Class international
10975,Specific inside
10976,Scientist long
10977,Man think
10978,Room young
10979,By let
10980,Painting get
10981,Make town
10982,Measure man
10983,Build writer
10984,Story show
10985,Say ask
10986,Us history
10987,No back
10988,So could
10989,In fill
10990,Serve thing
10991,Agency maintain
10992,Long base
10993,Key over
10994,Quality woman
10995,Public certainly
10996,Sign interest
10997,President send
10998,Important trouble
10999,Arrive now
11000,Dark expert
11001,Read finish
11002,Nearly how
11003,Rather Mrs
11004,Structure real
11005,Report strong
11006,Able easy
11007,President meet
11008,Enough TV
11009,While space
11010,Ready into
11011,Because community
11012,Employee level
11013,Car claim
11014,Cut answer
11015,Although society
11016,Tend run
11017,Opportunity far
11018,Reach spend
11019,Painting particularly
11020,Respond role
11021,Begin many
11022,Reality field
11023,Look blood
11024,Us word
11025,Couple head
11026,Star score
11027,Sometimes trial
11028,What throughout
11029,Always bad
11030,School certain
11031,Life go
11032,Scene popular
11033,Pick black
11034,Another result
11035,Reach politics
11036,Window serious
11037,Language turn
11038,Together north
11039,View debate
11040,Else type
11041,Talk bag
11042,Democrat decide
11043,Though thank
11044,Sea career
11045,Suggest ball
11046,Them term
11047,Once community
11048,Ok today
11049,Red room
11050,Board mother
11051,Heart card
11052,Conference language
11053,Cup task
11054,Expert miss
11055,Decade share
11056,Gun same
11057,Half direction
11058,Good listen
11059,Exist light
11060,Event from
11061,His somebody
11062,Space enter
11063,Child pressure
11064,Wrong citizen
11065,Prove system
11066,Site on
11067,Laugh find
11068,Hope four
11069,Send fly
11070,Tv option
11071,Never deal
11072,Type bring
11073,Least upon
11074,Up military
11075,Piece pretty
11076,Pretty yes
11077,Dinner member
11078,Might senior
11079,Probably place
11080,Build result
11081,Political people
11082,Everyone wrong
11083,Strong whatever
11084,Tough maintain
11085,Religious though
11086,Town bring
11087,Live key
11088,Probably pass
11089,Structure focus
11090,Of nice
11091,Different consumer
11092,With radio
11093,Attention throughout
11094,List international
11095,Senior manager
11096,Box size
11097,Value explain
11098,Whose agreement
11099,Final great
11100,Door chair
11101,Attention apply
11102,Play material
11103,Should trip
11104,Sing last
11105,Trip wear
11106,Thing kid
11107,Similar write
11108,Item tax
11109,Agent natural
11110,Myself plant
11111,Term card
11112,Staff music
11113,Far seat
11114,Model let
11115,Old poor
11116,Offer argue
11117,Mrs identify
11118,Agent budget
11119,Adult expert
11120,Call nature
11121,Event tree
11122,Economy enter
11123,Member toward
11124,Product finish
11125,Couple fast
11126,Agreement design
11127,Also one
11128,Analysis start
11129,Soldier common
11130,Learn half
11131,Computer public
11132,Police born
11133,Choose institution
11134,Difficult one
11135,Behavior serious
11136,Present talk
11137,Pull or
11138,Seem worry
11139,Politics remember
11140,Improve billion
11141,Personal right
11142,Any him
11143,Claim meeting
11144,Leg sure
11145,Both street
11146,Change account
11147,Health resource
11148,Garden share
11149,Another almost
11150,Fight truth
11151,Training attack
11152,Conference wait
11153,Friend thousand
11154,Plant meet
11155,Them turn
11156,Hotel design
11157,Develop ahead
11158,Wall pattern
11159,Economic upon
11160,Natural sell
11161,Line more
11162,Send event
11163,Responsibility color
11164,Stop author
11165,Set town
11166,Now drive
11167,Appear establish
11168,Foot make
11169,Agree clearly
11170,Pressure interest
11171,Those those
11172,Over while
11173,Course police
11174,Top walk
11175,Story catch
11176,Throughout cup
11177,Consumer budget
11178,Where hand
11179,Discussion design
11180,Represent lay
11181,Decade door
11182,Ability program
11183,Because concern
11184,Now western
11185,Ground finally
11186,Majority player
11187,Office machine
11188,Often sister
11189,Voice single
11190,Population over
11191,Image describe
11192,Student cultural
11193,Analysis camera
11194,No black
11195,Still television
11196,Everyone seem
11197,Participant catch
11198,Ever forward
11199,Support hair
11200,Opportunity future
11201,True cell
11202,Participant matter
11203,Section our
11204,Fill fall
11205,Activity enter
11206,Parent democratic
11207,Born write
11208,East increase
11209,Space language
11210,Expect arm
11211,Upon investment
11212,Last girl
11213,Defense miss
11214,Wife picture
11215,Born young
11216,Beyond old
11217,Six reach
11218,Year however
11219,Song mission
11220,Report also
11221,Source thus
11222,Go child
11223,Six always
11224,Couple citizen
11225,Democrat trial
11226,Fund knowledge
11227,Current woman
11228,End hotel
11229,Time treatment
11230,Simple sign
11231,Term everyone
11232,Office plan
11233,Worry carry
11234,Clearly water
11235,Administration few
11236,Music hard
11237,Research decide
11238,Role whether
11239,Debate life
11240,Any grow
11241,World effort
11242,Nothing nature
11243,Friend test
11244,Message art
11245,I there
11246,Research rather
11247,Shake often
11248,Always pass
11249,For line
11250,Spend wind
11251,Walk visit
11252,School computer
11253,Hard trial
11254,Sort lead
11255,Give finally
11256,Forward there
11257,Ok without
11258,Car democratic
11259,Forget why
11260,Poor piece
11261,Animal final
11262,Government practice
11263,It plant
11264,None reduce
11265,Eat price
11266,Security house
11267,Natural difficult
11268,Do away
11269,Television pressure
11270,Within their
11271,Bag Republican
11272,Capital kitchen
11273,Chance modern
11274,Project family
11275,Husband certainly
11276,First report
11277,Fear interest
11278,Finally sure
11279,Cold early
11280,House machine
11281,Tax place
11282,Open machine
11283,Tell increase
11284,Central street
11285,Continue full
11286,Better deep
11287,Month leader
11288,Issue then
11289,Off phone
11290,Himself us
11291,Always individual
11292,Other fight
11293,Miss serious
11294,Form democratic
11295,Notice gas
11296,Executive work
11297,Conference region
11298,Unit when
11299,Consumer else
11300,I lead
11301,Pull fight
11302,Perhaps site
11303,Bank special
11304,Happy daughter
11305,Authority security
11306,Guess star
11307,Baby last
11308,Day beyond
11309,Community tend
11310,Though action
11311,Always girl
11312,Night model
11313,Try note
11314,Quality yourself
11315,Middle when
11316,Guy loss
11317,Article leave
11318,Usually much
11319,Herself class
11320,Fight with
11321,Way knowledge
11322,Guess alone
11323,Small should
11324,Head call
11325,Partner easy
11326,Everything whatever
11327,Factor development
11328,Report physical
11329,Present sign
11330,Write put
11331,Book in
11332,Head well
11333,Hour attention
11334,Month cut
11335,Boy worry
11336,Work per
11337,Production skin
11338,East not
11339,Break task
11340,Available sense
11341,Race explain
11342,Member wait
11343,Pattern keep
11344,Away best
11345,Response care
11346,Clear note
11347,Spend fund
11348,Size guess
11349,Down myself
11350,Able practice
11351,Become light
11352,Leader detail
11353,Difficult suggest
11354,Candidate lay
11355,Nation support
11356,Total score
11357,Quality something
11358,Page sing
11359,Catch smile
11360,You couple
11361,Skin entire
11362,Quickly serious
11363,Cell into
11364,Those free
11365,Relate adult
11366,Power part
11367,Future return
11368,Group current
11369,List key
11370,Bad laugh
11371,Education film
11372,Impact might
11373,Official take
11374,Training at
11375,Character time
11376,Expect near
11377,Suggest series
11378,Grow policy
11379,Music down
11380,Inside house
11381,Pretty whom
11382,Fire Mrs
11383,Thought member
11384,Partner candidate
11385,Travel meet
11386,Cover drug
11387,Fire hit
11388,Down fish
11389,Fund fish
11390,Such crime
11391,Involve professor
11392,Will agree
11393,Many majority
11394,Themselves quality
11395,Agency thought
11396,Ok cause
11397,Significant stop
11398,Image challenge
11399,Hold soon
11400,Government huge
11401,Whatever worry
11402,Fall then
11403,Still keep
11404,Buy Mr
11405,Leader on
11406,Issue over
11407,Toward data
11408,Discuss what
11409,Party talk
11410,Window able
11411,Hot or
11412,Miss share
11413,Standard several
11414,They and
11415,Contain career
11416,Until why
11417,If population
11418,Letter remain
11419,Front school
11420,Learn fill
11421,Large say
11422,Analysis discover
11423,Likely itself
11424,Number speak
11425,Woman respond
11426,Force suddenly
11427,Can least
11428,Again man
11429,Stage billion
11430,Job yet
11431,For order
11432,Just state
11433,Rate trial
11434,Finally get
11435,Teach star
11436,Call their
11437,Owner future
11438,First voice
11439,Nice this
11440,Why likely
11441,Already beyond
11442,Of none
11443,Manage something
11444,Enough push
11445,Itself key
11446,Finish party
11447,Say become
11448,Score act
11449,Issue its
11450,Nearly reveal
11451,College plant
11452,Left pass
11453,Friend specific
11454,Respond somebody
11455,Find evening
11456,Between light
11457,Keep enter
11458,Scientist shoulder
11459,Service reflect
11460,Daughter nearly
11461,Thing front
11462,Republican garden
11463,Star parent
11464,Industry represent
11465,Ahead happen
11466,Economy ten
11467,Factor rich
11468,Window left
11469,Stand situation
11470,Seven return
11471,Food piece
11472,Evidence drug
11473,Try require
11474,Weight community
11475,Foot doctor
11476,Try address
11477,Voice right
11478,Become society
11479,Save head
11480,Hundred car
11481,Ahead sit
11482,Would bed
11483,Imagine staff
11484,Pick red
11485,Case society
11486,Leader charge
11487,Network amount
11488,Water almost
11489,Call ball
11490,Cup two
11491,Middle modern
11492,Power per
11493,Grow standard
11494,Too rest
11495,Example chair
11496,Represent Mr
11497,Where early
11498,Senior let
11499,Energy ready
11500,Company rock
11501,She country
11502,Southern from
11503,Of them
11504,Forward avoid
11505,Pass current
11506,Heavy space
11507,Off budget
11508,Popular focus
11509,Although future
11510,Choose process
11511,Adult part
11512,Research identify
11513,Three social
11514,Current race
11515,Everybody where
11516,Husband ahead
11517,Community answer
11518,Style garden
11519,Picture both
11520,Rock station
11521,Model success
11522,Sport history
11523,Eat event
11524,Defense beautiful
11525,Trial play
11526,Information husband
11527,Control control
11528,Wish strong
11529,None grow
11530,Ever data
11531,Until industry
11532,Someone lose
11533,Arm benefit
11534,Pressure many
11535,Close seek
11536,Leg attack
11537,Care administration
11538,Community could
11539,Financial end
11540,One civil
11541,Push finish
11542,There audience
11543,Final industry
11544,Heart enter
11545,Participant my
11546,Major ten
11547,Determine media
11548,Officer score
11549,Person physical
11550,Enough choose
11551,When although
11552,Reality bed
11553,Mother green
11554,Whom next
11555,Other one
11556,Increase paper
11557,Environmental knowledge
11558,Commercial produce
11559,Six least
11560,Challenge return
11561,Left federal
11562,Cell win
11563,News deep
11564,Floor degree
11565,Dinner both
11566,Production now
11567,Strategy all
11568,Commercial fact
11569,Employee popular
11570,Idea standard
11571,Far painting
11572,Play minute
11573,Manage person
11574,Young according
11575,Doctor reflect
11576,Become section
11577,Later Congress
11578,Mrs either
11579,Each central
11580,Painting help
11581,His network
11582,Newspaper another
11583,American fact
11584,Someone tell
11585,Give difference
11586,All event
11587,Office tend
11588,Education key
11589,Light anything
11590,Democrat third
11591,Teach television
11592,Whatever trial
11593,Article us
11594,Page compare
11595,Seek accept
11596,Include threat
11597,Memory nearly
11598,Watch water
11599,Beat maintain
11600,Theory state
11601,Artist make
11602,He long
11603,Produce it
11604,Sometimes provide
11605,Wonder phone
11606,They rate
11607,Experience process
11608,Point exactly
11609,Food cost
11610,Single physical
11611,Guess front
11612,Would almost
11613,Bed that
11614,Kid state
11615,Former out
11616,Board exist
11617,Set space
11618,Message view
11619,Five author
11620,Other daughter
11621,Think foreign
11622,Class politics
11623,Specific enjoy
11624,Quite catch
11625,Community discussion
11626,Draw charge
11627,Notice never
11628,Land white
11629,System plant
11630,Contain region
11631,Song enter
11632,Piece billion
11633,Structure foreign
11634,Letter product
11635,Vote around
11636,Doctor significant
11637,Act visit
11638,Measure decade
11639,Color plan
11640,Again tough
11641,Food keep
11642,Strong mission
11643,Tough challenge
11644,Mr seek
11645,Common cup
11646,Partner less
11647,Fill occur
11648,Design recent
11649,Anything rest
11650,Establish wall
11651,Would religious
11652,Summer responsibility
11653,Hard laugh
11654,Event door
11655,Itself remember
11656,Program professor
11657,Single today
11658,Help strategy
11659,Either to
11660,Continue west
11661,Economy tend
11662,Begin listen
11663,Lead maintain
11664,Dark central
11665,Nothing share
11666,Step almost
11667,Establish car
11668,Unit ball
11669,Seat lawyer
11670,Since course
11671,Might yet
11672,Speak him
11673,Question concern
11674,Billion add
11675,Stock big
11676,Old language
11677,Police hot
11678,Prove child
11679,Offer modern
11680,Hair option
11681,Process together
11682,Project within
11683,Act raise
11684,Yourself play
11685,Risk low
11686,Real require
11687,Upon consumer
11688,Someone huge
11689,Join tough
11690,Name situation
11691,Role per
11692,Customer area
11693,Source I
11694,Single show
11695,Strategy same
11696,Opportunity employee
11697,Fine change
11698,Ball central
11699,Later most
11700,Find run
11701,Fall gas
11702,Develop most
11703,Point per
11704,Cell significant
11705,Various politics
11706,End professional
11707,Nothing industry
11708,Offer hundred
11709,Move executive
11710,Practice growth
11711,Even as
11712,Military summer
11713,Benefit energy
11714,History west
11715,Have purpose
11716,Nature despite
11717,Management land
11718,Father moment
11719,Yard face
11720,Up loss
11721,Simply lot
11722,Lot but
11723,Eat thing
11724,Son laugh
11725,Do majority
11726,Tonight success
11727,After Republican
11728,Still quite
11729,Movie fish
11730,Model often
11731,Anything some
11732,Edge them
11733,Girl important
11734,Approach catch
11735,Stand heavy
11736,System American
11737,Half might
11738,Main study
11739,Your range
11740,Idea heart
11741,Recognize record
11742,Word charge
11743,Individual bank
11744,Discuss suddenly
11745,Conference one
11746,Identify you
11747,Civil hotel
11748,Make rich
11749,Agent difficult
11750,Fire lose
11751,Question past
11752,Report finally
11753,Idea why
11754,Once lead
11755,Dog early
11756,Should involve
11757,Stand production
11758,Under cause
11759,Interest expect
11760,Local too
11761,Sell each
11762,Relationship sort
11763,Black experience
11764,Ahead way
11765,Be paper
11766,Letter tell
11767,Environmental ok
11768,Call Mrs
11769,Reflect will
11770,Current song
11771,Later strong
11772,Inside night
11773,Reduce pretty
11774,Process support
11775,Finally crime
11776,Him half
11777,Family part
11778,Finish professor
11779,Movie effect
11780,Vote and
11781,Recently its
11782,Able man
11783,Bag drive
11784,City choose
11785,Sport author
11786,Within ask
11787,Defense into
11788,It within
11789,Law growth
11790,Democratic upon
11791,Those black
11792,Half second
11793,Design there
11794,Rate would
11795,Pattern offer
11796,Agreement space
11797,Edge actually
11798,Once majority
11799,But college
11800,Responsibility build
11801,Then skin
11802,Change summer
11803,Stock candidate
11804,Change international
11805,Positive various
11806,Main consider
11807,Huge street
11808,She speak
11809,Line defense
11810,Painting college
11811,From these
11812,Protect leg
11813,South apply
11814,Very small
11815,Than suggest
11816,Treat mind
11817,Consider radio
11818,Amount theory
11819,Well walk
11820,Heart eat
11821,Interview yourself
11822,Blue court
11823,Sound ever
11824,North rich
11825,Evening many
11826,Something respond
11827,Perhaps anyone
11828,Save manager
11829,Experience whole
11830,Threat continue
11831,Forget enjoy
11832,Likely public
11833,Stay market
11834,Security school
11835,City all
11836,Single possible
11837,Begin adult
11838,Down our
11839,Protect law
11840,Key free
11841,Camera name
11842,This top
11843,Bad something
11844,Hair test
11845,Doctor environmental
11846,I together
11847,Summer remain
11848,Both quite
11849,Meeting meet
11850,Character Democrat
11851,Out vote
11852,Argue store
11853,Phone ask
11854,Open doctor
11855,Building represent
11856,Conference open
11857,Per meet
11858,Talk appear
11859,Less already
11860,Interview hotel
11861,Institution although
11862,Buy skill
11863,Guess sense
11864,Myself apply
11865,Throw maintain
11866,Age note
11867,Task show
11868,Other seven
11869,Him after
11870,Change which
11871,Responsibility I
11872,Spend walk
11873,Very paper
11874,Current front
11875,Main task
11876,Central phone
11877,Theory trouble
11878,Than back
11879,Sit trip
11880,Without anything
11881,These camera
11882,Concern camera
11883,Six eight
11884,Television wear
11885,Water around
11886,Include method
11887,Near week
11888,Form push
11889,Unit position
11890,What address
11891,Remain those
11892,Fly investment
11893,Leave back
11894,Realize way
11895,Compare they
11896,With far
11897,Boy majority
11898,Case lose
11899,Want never
11900,Fly sing
11901,Act any
11902,Cover performance
11903,Nor center
11904,Pm ball
11905,Rule floor
11906,Day practice
11907,Remember reason
11908,Little affect
11909,One its
11910,Between five
11911,Among east
11912,Reason able
11913,Way discuss
11914,Head common
11915,Market above
11916,Ok high
11917,Work drop
11918,Save clearly
11919,Effect consumer
11920,A sit
11921,Performance body
11922,Think expert
11923,Language defense
11924,Campaign from
11925,Parent difficult
11926,Blood decision
11927,Leg keep
11928,Reflect food
11929,Into produce
11930,Capital sister
11931,Speech beautiful
11932,Glass sense
11933,Really hotel
11934,Particular ready
11935,Cause born
11936,Car although
11937,Seat brother
11938,Position even
11939,First central
11940,Evening entire
11941,Pull music
11942,Force either
11943,Name very
11944,Including once
11945,Long discussion
11946,President because
11947,Chair expect
11948,Worry will
11949,Age culture
11950,Whom help
11951,Become material
11952,Everything want
11953,Similar indicate
11954,Dream cup
11955,Until front
11956,Of see
11957,Record put
11958,Help pretty
11959,Hard because
11960,High card
11961,Not pattern
11962,Little wonder
11963,Everything just
11964,Time economic
11965,High itself
11966,Clearly ever
11967,Ok between
11968,Raise case
11969,Mr value
11970,Way step
11971,Window push
11972,Exist weight
11973,Key worker
11974,Because they
11975,Run anyone
11976,Order couple
11977,City reality
11978,Use well
11979,Religious meet
11980,Town understand
11981,Identify professor
11982,Believe knowledge
11983,Product within
11984,Now throw
11985,Reflect owner
11986,Two trouble
11987,Federal break
11988,Program apply
11989,Discussion at
11990,Source sell
11991,Answer drop
11992,Require style
11993,Side indicate
11994,Finally movement
11995,Man protect
11996,Else address
11997,Benefit read
11998,End teach
11999,Huge measure
12000,With exactly
12001,Seem job
12002,Both common
12003,Mention around
12004,Together brother
12005,Tax heart
12006,If as
12007,Decade similar
12008,Happy a
12009,Your hand
12010,Either forward
12011,Country improve
12012,Six eye
12013,Member speak
12014,Budget others
12015,Stage build
12016,Value commercial
12017,Democrat the
12018,Tell rather
12019,Public prevent
12020,Major wide
12021,Usually civil
12022,Fire someone
12023,Carry media
12024,Religious thought
12025,Lead history
12026,Area almost
12027,Right voice
12028,Week very
12029,System everybody
12030,Three realize
12031,Fire skill
12032,Wait sometimes
12033,Their key
12034,Plant discuss
12035,Start rise
12036,Recent actually
12037,I mission
12038,Whether father
12039,Campaign assume
12040,Give necessary
12041,Short film
12042,Visit staff
12043,Real stay
12044,Marriage decade
12045,Class bad
12046,Fact heart
12047,Than agree
12048,Natural turn
12049,Pull clear
12050,Visit traditional
12051,Response million
12052,Trade lawyer
12053,Soldier sell
12054,Boy article
12055,Effect current
12056,Training edge
12057,Mother admit
12058,Citizen case
12059,Agency the
12060,Yourself week
12061,Art strategy
12062,Movement process
12063,Plan tough
12064,About card
12065,Start degree
12066,Knowledge southern
12067,Government through
12068,New TV
12069,Hear consumer
12070,Firm father
12071,Business smile
12072,Participant strong
12073,Fill party
12074,Light cell
12075,Land back
12076,Stage interview
12077,Compare big
12078,Agency long
12079,Station increase
12080,Understand above
12081,Pattern local
12082,Employee door
12083,Sense list
12084,Maintain program
12085,Cover even
12086,Must light
12087,Design best
12088,Nature game
12089,Sure there
12090,Skill reason
12091,Range system
12092,Say minute
12093,End southern
12094,Degree leader
12095,Probably guess
12096,Pressure these
12097,Task never
12098,System piece
12099,Medical can
12100,Democrat television
12101,Act suffer
12102,Around bring
12103,Nice idea
12104,North wrong
12105,Stuff help
12106,Response nature
12107,Table thousand
12108,Power follow
12109,This hospital
12110,Blue that
12111,Later husband
12112,Name room
12113,Mean stuff
12114,Above control
12115,Number would
12116,Who concern
12117,Heavy TV
12118,Point quickly
12119,Point blue
12120,Personal another
12121,Law past
12122,Worker identify
12123,Together ball
12124,Here federal
12125,Forget test
12126,Box town
12127,Dog source
12128,There claim
12129,Treat assume
12130,Mention owner
12131,Clear red
12132,Born seat
12133,Exactly deep
12134,Mother past
12135,Situation professor
12136,Line light
12137,View open
12138,Along I
12139,Middle voice
12140,Security wear
12141,Cell foot
12142,All kid
12143,Service television
12144,Stay good
12145,Break mission
12146,Water mission
12147,Store if
12148,Take hundred
12149,Wish issue
12150,Next interest
12151,Candidate cup
12152,Ago keep
12153,Today former
12154,Throw positive
12155,Top provide
12156,Half rate
12157,Specific fine
12158,Region enter
12159,Born no
12160,Institution nation
12161,Human maybe
12162,Prepare prepare
12163,Standard expect
12164,Positive often
12165,Example gas
12166,Value memory
12167,Happen power
12168,Everybody maybe
12169,Policy station
12170,Church real
12171,Degree family
12172,Western community
12173,Mean true
12174,Mission spend
12175,Wonder month
12176,Relate go
12177,Consider who
12178,Feel become
12179,Girl smile
12180,Choice bill
12181,Too ability
12182,Music evidence
12183,Address though
12184,Thousand information
12185,Force box
12186,Industry present
12187,Water name
12188,Age civil
12189,Organization practice
12190,Manage lawyer
12191,Deep such
12192,Social act
12193,Power leader
12194,Pm black
12195,Democrat part
12196,Herself professor
12197,Clearly court
12198,Total hot
12199,Great property
12200,Card process
12201,Wait add
12202,Quickly together
12203,Accept increase
12204,Often lot
12205,Chair president
12206,Lay old
12207,Analysis certain
12208,Finish leg
12209,Throughout nor
12210,Whatever write
12211,List stuff
12212,Have total
12213,Everyone believe
12214,Story author
12215,Full career
12216,Still history
12217,Painting huge
12218,Lose condition
12219,Product magazine
12220,Involve land
12221,Moment field
12222,Safe cultural
12223,Everything laugh
12224,Maybe half
12225,Matter somebody
12226,Follow consumer
12227,List history
12228,Human security
12229,Something staff
12230,Month career
12231,Check physical
12232,Listen present
12233,Section place
12234,Everyone training
12235,Possible suggest
12236,Yet set
12237,East rest
12238,Quite movement
12239,Study concern
12240,Information PM
12241,Half including
12242,Any of
12243,Discussion technology
12244,Into hundred
12245,Audience security
12246,Act recent
12247,Difference activity
12248,Full too
12249,Face research
12250,Door some
12251,Water add
12252,Walk kid
12253,Might society
12254,Poor level
12255,Tell employee
12256,Type identify
12257,Special none
12258,Tough although
12259,Training bar
12260,Be letter
12261,Describe own
12262,Some able
12263,These stock
12264,Food consumer
12265,Stuff check
12266,Art customer
12267,Word partner
12268,Move agent
12269,Defense general
12270,Relationship while
12271,Maybe owner
12272,Home million
12273,Tend wish
12274,You focus
12275,That teacher
12276,Keep memory
12277,International some
12278,There rock
12279,Head ten
12280,Thought among
12281,Official hotel
12282,Break necessary
12283,Film side
12284,Lead wear
12285,Work back
12286,Sit describe
12287,Skill way
12288,Design common
12289,Protect model
12290,College list
12291,Season suddenly
12292,Involve despite
12293,Structure card
12294,News pass
12295,Doctor provide
12296,Reflect throughout
12297,Production chance
12298,Unit much
12299,Board today
12300,Only money
12301,Course get
12302,Religious establish
12303,Close garden
12304,Indicate watch
12305,Yard beyond
12306,Best these
12307,Accept ever
12308,Thank sort
12309,Them number
12310,None coach
12311,Against carry
12312,Red but
12313,Me culture
12314,Wall with
12315,Cover from
12316,Determine level
12317,Personal bill
12318,Wrong fast
12319,Example feeling
12320,Three month
12321,Worker research
12322,Speak administration
12323,Few turn
12324,Lead Mrs
12325,Energy plant
12326,Require tree
12327,West yes
12328,Poor either
12329,Stay opportunity
12330,Himself black
12331,Although number
12332,Suffer her
12333,Continue radio
12334,Leader see
12335,Writer would
12336,Wrong read
12337,Full air
12338,Citizen wish
12339,Mention plant
12340,Weight marriage
12341,Whose keep
12342,Performance wife
12343,Population fish
12344,Mother mention
12345,Available skill
12346,Role century
12347,Include sort
12348,Police name
12349,High difference
12350,College purpose
12351,Mother yes
12352,Measure board
12353,Go individual
12354,Development source
12355,Pass point
12356,Property interest
12357,Both last
12358,Dog need
12359,Into hand
12360,Able large
12361,Blood news
12362,Mouth participant
12363,Wonder cause
12364,Heavy red
12365,Future around
12366,Pm bad
12367,Nearly analysis
12368,Response note
12369,Picture example
12370,Chance be
12371,West send
12372,Tough I
12373,Senior major
12374,Rich mean
12375,Argue last
12376,Up example
12377,Certainly factor
12378,Once argue
12379,Mr recognize
12380,Worry our
12381,International law
12382,Pretty up
12383,According say
12384,First grow
12385,Adult care
12386,Several forget
12387,Focus candidate
12388,List catch
12389,Data happy
12390,Join billion
12391,Pattern community
12392,Number agency
12393,Truth know
12394,Here break
12395,Model cut
12396,Politics as
12397,Eye drug
12398,Great though
12399,Forget style
12400,Garden fly
12401,Same until
12402,Agreement we
12403,Small prove
12404,Despite threat
12405,Indeed participant
12406,Strong nearly
12407,Miss help
12408,We girl
12409,Beautiful how
12410,Seat hard
12411,Before risk
12412,Republican work
12413,Answer speak
12414,Present who
12415,Interest system
12416,Forward box
12417,Worry too
12418,Accept sea
12419,Left rich
12420,Yourself huge
12421,Avoid bed
12422,Others as
12423,Listen listen
12424,Weight bank
12425,Theory compare
12426,Send author
12427,Myself character
12428,Including official
12429,Morning must
12430,Quite ago
12431,Them girl
12432,Pay there
12433,Suffer really
12434,Like open
12435,Born program
12436,Dog north
12437,Determine court
12438,Think growth
12439,Country certainly
12440,Financial lot
12441,Speech administration
12442,Benefit take
12443,According business
12444,Radio light
12445,See stand
12446,Assume so
12447,Student various
12448,About work
12449,Also yourself
12450,Already reflect
12451,Future explain
12452,Yourself draw
12453,Left member
12454,Service once
12455,Morning find
12456,Billion son
12457,Commercial option
12458,Kind color
12459,Man yard
12460,Shoulder do
12461,Week any
12462,Worry whose
12463,Data light
12464,Whatever matter
12465,Current recently
12466,Life same
12467,Production meeting
12468,Trip young
12469,Song understand
12470,Use identify
12471,Myself fight
12472,Ten support
12473,Spend purpose
12474,Effect her
12475,Certainly strong
12476,People owner
12477,Account do
12478,Safe wear
12479,Since life
12480,Example sure
12481,Call here
12482,Develop response
12483,Play heavy
12484,Goal describe
12485,Doctor behind
12486,Item already
12487,Free happen
12488,Different fish
12489,Experience suddenly
12490,Close customer
12491,Full hour
12492,Agency indeed
12493,Fish can
12494,Indeed single
12495,Whom build
12496,Author people
12497,Floor better
12498,Hear listen
12499,Avoid mission
12500,Various possible
12501,Drug word
12502,Tend including
12503,Property than
12504,Author worry
12505,Kitchen practice
12506,Effect middle
12507,Million next
12508,Owner item
12509,Assume some
12510,Determine argue
12511,When when
12512,Different especially
12513,Beat different
12514,Budget decide
12515,Research behavior
12516,Stock peace
12517,Chair line
12518,By inside
12519,Security despite
12520,Require shake
12521,Very reflect
12522,Final top
12523,Trouble bag
12524,Team thus
12525,Role reveal
12526,State including
12527,Language professional
12528,Represent part
12529,Political who
12530,Congress computer
12531,Decade meet
12532,Old able
12533,People else
12534,Network control
12535,Paper establish
12536,Gun indicate
12537,Popular appear
12538,Crime second
12539,Hit rich
12540,Data professional
12541,Doctor life
12542,Election market
12543,Tough state
12544,Style industry
12545,Party kid
12546,Open level
12547,Window suddenly
12548,Policy deep
12549,Notice most
12550,Community media
12551,Write maintain
12552,Recognize high
12553,Player up
12554,Possible air
12555,May discussion
12556,Receive place
12557,Effort common
12558,Friend success
12559,Own later
12560,Minute artist
12561,Free professor
12562,Court democratic
12563,Experience sign
12564,Onto nation
12565,Himself computer
12566,Education my
12567,Traditional picture
12568,Huge rest
12569,Indicate every
12570,Nothing in
12571,Free group
12572,Voice investment
12573,After we
12574,Section behavior
12575,Against oil
12576,Rule indeed
12577,Watch hair
12578,Pass more
12579,Their data
12580,Black tree
12581,Religious fund
12582,Song attention
12583,Who painting
12584,Purpose bar
12585,Begin data
12586,Image financial
12587,Up push
12588,Social unit
12589,Compare capital
12590,Three condition
12591,Think all
12592,Born paper
12593,Visit serve
12594,Gun state
12595,Check hit
12596,Central may
12597,Above goal
12598,Thus house
12599,If show
12600,Prevent part
12601,Discuss feeling
12602,Contain single
12603,Challenge each
12604,Trip everything
12605,Natural company
12606,Wait policy
12607,Threat garden
12608,Particularly anything
12609,Operation none
12610,Quality begin
12611,Three ok
12612,Change day
12613,Prevent meet
12614,Structure and
12615,Center find
12616,Machine general
12617,Plant however
12618,Technology let
12619,During debate
12620,The consumer
12621,Just like
12622,Particularly benefit
12623,Common assume
12624,Goal language
12625,Factor own
12626,Pretty use
12627,Pretty we
12628,Brother return
12629,Almost floor
12630,News agreement
12631,Month rise
12632,You effort
12633,Yes his
12634,Read only
12635,Woman training
12636,Chance pressure
12637,Baby fast
12638,Describe care
12639,Office with
12640,Water cause
12641,Power return
12642,Chair give
12643,Stop pattern
12644,Yeah piece
12645,Together region
12646,West far
12647,Expect game
12648,Brother nothing
12649,Politics entire
12650,Perform subject
12651,Act better
12652,Nice clear
12653,Require public
12654,Audience guy
12655,Crime campaign
12656,Become should
12657,Education work
12658,Happen vote
12659,Growth impact
12660,Would business
12661,Law stay
12662,Report must
12663,Example economy
12664,Himself shoulder
12665,Yes positive
12666,Although model
12667,Doctor become
12668,As what
12669,Base close
12670,Class court
12671,International middle
12672,Baby society
12673,Night situation
12674,Speech almost
12675,Statement make
12676,Night fund
12677,Sea phone
12678,Bed example
12679,Soon garden
12680,Call rest
12681,Sort shoulder
12682,Outside late
12683,Price gas
12684,Above end
12685,Final field
12686,Instead week
12687,We couple
12688,Kid finish
12689,Long relationship
12690,Character attention
12691,Including collection
12692,Another and
12693,Yeah strategy
12694,A finish
12695,Wind recently
12696,Board fire
12697,People successful
12698,Today method
12699,Once response
12700,Various guy
12701,Hot ten
12702,Firm glass
12703,Not serious
12704,Any put
12705,Cause everything
12706,Quite force
12707,American participant
12708,Probably study
12709,Position thank
12710,Eat sea
12711,Use another
12712,Rest product
12713,Across management
12714,Agreement outside
12715,Concern image
12716,City peace
12717,Throughout power
12718,Party actually
12719,Even billion
12720,Maybe win
12721,Season race
12722,Official big
12723,Human unit
12724,Wonder hard
12725,Marriage find
12726,Along Congress
12727,Too stuff
12728,Four represent
12729,End success
12730,Level side
12731,Almost other
12732,At within
12733,Billion father
12734,Speak glass
12735,Thought right
12736,Left add
12737,Environment computer
12738,Decade cause
12739,Soon white
12740,Little couple
12741,Century one
12742,Late poor
12743,Research begin
12744,Three church
12745,Could sense
12746,President interview
12747,Mission business
12748,Budget treat
12749,Mouth budget
12750,Law Congress
12751,Two box
12752,Side far
12753,Remember section
12754,Both how
12755,Course operation
12756,Institution young
12757,Two remember
12758,Friend election
12759,Fast act
12760,Office wait
12761,Establish sea
12762,Send yes
12763,Huge and
12764,Much anything
12765,Think president
12766,Pattern home
12767,Actually pull
12768,Whose upon
12769,Other bit
12770,Treatment song
12771,Born you
12772,Partner deal
12773,Alone structure
12774,Realize stuff
12775,Later together
12776,Right floor
12777,Because continue
12778,Already return
12779,Maintain consider
12780,Lose make
12781,Executive evening
12782,Analysis though
12783,Task specific
12784,Project perform
12785,More trade
12786,Instead yard
12787,From attention
12788,Until want
12789,Tree car
12790,Nation fall
12791,Experience soldier
12792,Wait way
12793,Mean see
12794,Vote area
12795,Allow performance
12796,Idea character
12797,Over indicate
12798,Green for
12799,Subject always
12800,Real score
12801,Thing decade
12802,It professional
12803,Lose phone
12804,Power check
12805,Over small
12806,Manage a
12807,Quite inside
12808,Over little
12809,History possible
12810,Tonight born
12811,Box specific
12812,Rule process
12813,Figure through
12814,Idea seat
12815,Investment myself
12816,Teacher executive
12817,Ok about
12818,Deep according
12819,Seek shake
12820,Series soldier
12821,Politics her
12822,Great analysis
12823,Clearly onto
12824,Bank themselves
12825,Issue myself
12826,Toward professor
12827,Area leg
12828,Attention off
12829,Candidate general
12830,Push sing
12831,Seven media
12832,Important amount
12833,Protect among
12834,Sure hospital
12835,Course vote
12836,Something become
12837,Analysis name
12838,Probably image
12839,Share TV
12840,Interview red
12841,Thousand exactly
12842,Worry pass
12843,Determine event
12844,Economy site
12845,Resource share
12846,Military series
12847,Hospital they
12848,Catch daughter
12849,Hit long
12850,Similar case
12851,Drug still
12852,General rest
12853,Final song
12854,Should stuff
12855,Establish guess
12856,Member cost
12857,System serious
12858,Rate of
12859,Foreign whole
12860,Level particular
12861,Scientist yard
12862,Eat perhaps
12863,Card summer
12864,Though man
12865,Economy health
12866,Less little
12867,Picture production
12868,Opportunity picture
12869,Front weight
12870,Experience young
12871,Outside cup
12872,Herself organization
12873,Study know
12874,President news
12875,Case support
12876,Success man
12877,Say partner
12878,Which share
12879,Become southern
12880,Pull participant
12881,Recognize probably
12882,Social marriage
12883,Bring also
12884,News election
12885,President much
12886,Performance election
12887,Site investment
12888,Should I
12889,Like nor
12890,Financial management
12891,Build because
12892,According score
12893,Candidate stage
12894,Of include
12895,Describe government
12896,Baby their
12897,Election resource
12898,Strong tree
12899,Crime pressure
12900,Box break
12901,Executive involve
12902,From weight
12903,Two rise
12904,Mother area
12905,Together ago
12906,Away tree
12907,Every PM
12908,Whom field
12909,Three until
12910,Medical fall
12911,Chair statement
12912,Even professional
12913,East let
12914,Feel area
12915,Help despite
12916,His wife
12917,Stuff service
12918,Program protect
12919,Herself evening
12920,Find why
12921,Cold best
12922,Fish son
12923,Fish whole
12924,Center ready
12925,State show
12926,Before election
12927,Federal smile
12928,Pay chair
12929,Rich natural
12930,Worry walk
12931,Current gas
12932,Purpose worker
12933,Challenge certain
12934,Decision sit
12935,Remember he
12936,Attention simple
12937,Test say
12938,Only current
12939,Subject phone
12940,Particular lot
12941,Your top
12942,Newspaper end
12943,Our set
12944,Late strategy
12945,Box policy
12946,Them person
12947,Glass single
12948,Let star
12949,Name machine
12950,Number benefit
12951,Prove give
12952,Kitchen among
12953,Year discussion
12954,Court third
12955,Hot good
12956,Nature fall
12957,Relationship total
12958,Campaign center
12959,Short better
12960,Much go
12961,Seek head
12962,Worry option
12963,Heavy company
12964,Artist front
12965,Surface almost
12966,Soldier very
12967,Offer available
12968,Expert interview
12969,Within picture
12970,Myself prove
12971,Sense she
12972,Believe pass
12973,Treatment start
12974,Close seem
12975,Popular as
12976,Fact hotel
12977,Majority own
12978,Senior under
12979,Fast most
12980,Design else
12981,Able recently
12982,Likely shoulder
12983,None far
12984,Industry now
12985,Place result
12986,Other hotel
12987,Price scene
12988,General rich
12989,Security science
12990,In establish
12991,Action interest
12992,Hit our
12993,Sing wear
12994,Gas present
12995,Chair forget
12996,Travel my
12997,Would others
12998,Note draw
12999,Short despite
13000,Simple easy
13001,General recognize
13002,International free
13003,Order represent
13004,Suggest answer
13005,Argue huge
13006,Thank set
13007,Process doctor
13008,Last church
13009,Opportunity class
13010,Accept art
13011,Growth simple
13012,Law fish
13013,Rise everybody
13014,Spend institution
13015,Responsibility usually
13016,Fall term
13017,Music film
13018,Space remain
13019,Fire its
13020,Require husband
13021,Senior keep
13022,Than any
13023,Class east
13024,Fund guy
13025,Result itself
13026,Matter guess
13027,Family family
13028,Two area
13029,Could picture
13030,Off front
13031,Speech like
13032,Civil throughout
13033,Run firm
13034,Inside shake
13035,Sport chance
13036,Because safe
13037,Determine over
13038,Bit two
13039,Congress evening
13040,Green beat
13041,Prepare edge
13042,Much old
13043,Stand why
13044,Here marriage
13045,Song high
13046,Year school
13047,Mouth professor
13048,Argue degree
13049,Store between
13050,Night protect
13051,Address sea
13052,Course TV
13053,Health enjoy
13054,Star century
13055,Set officer
13056,Number data
13057,Technology tax
13058,Hot girl
13059,Character generation
13060,How trade
13061,Contain draw
13062,Eye gas
13063,Never happy
13064,Though because
13065,Little least
13066,Party you
13067,Quality final
13068,Travel phone
13069,Seven ten
13070,List or
13071,Interesting more
13072,Finally take
13073,For thank
13074,Wall pull
13075,Difference risk
13076,Happen job
13077,Still station
13078,Whole within
13079,Budget brother
13080,Star agent
13081,Between lead
13082,Discussion word
13083,Job individual
13084,Scientist cup
13085,Hear contain
13086,Blood sister
13087,East executive
13088,Particular involve
13089,Arrive look
13090,Continue also
13091,Summer including
13092,Heart garden
13093,Human beautiful
13094,Special price
13095,Wrong third
13096,Financial authority
13097,Left win
13098,Student woman
13099,Affect garden
13100,Family sister
13101,Just green
13102,Record tax
13103,Crime lose
13104,Last across
13105,Glass performance
13106,Keep value
13107,Exactly meet
13108,Camera this
13109,Deep effect
13110,Food subject
13111,It reason
13112,Sign air
13113,Rock according
13114,These management
13115,Cut action
13116,Economic condition
13117,Thousand care
13118,Understand strong
13119,Long opportunity
13120,Admit begin
13121,Responsibility wrong
13122,Remember along
13123,These attorney
13124,Management training
13125,Drop where
13126,Industry mean
13127,Cost everyone
13128,New all
13129,Return of
13130,Fall any
13131,Its citizen
13132,Say article
13133,Class several
13134,Physical detail
13135,Laugh loss
13136,Policy accept
13137,Fund who
13138,Method than
13139,Across result
13140,Hand issue
13141,Across rise
13142,Station series
13143,Six never
13144,Nation check
13145,Modern lot
13146,Strategy shoulder
13147,Unit area
13148,Quality support
13149,Feel religious
13150,Into record
13151,Hot role
13152,Probably their
13153,Talk speech
13154,Treat position
13155,Edge compare
13156,Skin people
13157,Nation onto
13158,Might cause
13159,Place enjoy
13160,Another prove
13161,Hundred body
13162,Security instead
13163,These break
13164,Hour about
13165,Ask them
13166,New he
13167,Do letter
13168,Structure explain
13169,Sea happy
13170,Focus recently
13171,Follow total
13172,Majority the
13173,Hair tough
13174,Defense thus
13175,Central hour
13176,Boy great
13177,Later behind
13178,Decide by
13179,Significant tree
13180,Radio she
13181,Various fish
13182,Eye book
13183,Probably amount
13184,Out simply
13185,When exist
13186,Opportunity provide
13187,Institution either
13188,Effect partner
13189,Seem agree
13190,Myself so
13191,Part reveal
13192,By hold
13193,Send model
13194,Bag clearly
13195,Lot exist
13196,Financial expect
13197,Answer strategy
13198,Animal almost
13199,Let green
13200,Future race
13201,By make
13202,Election write
13203,Pressure address
13204,List kitchen
13205,Particular house
13206,Business sit
13207,Offer catch
13208,Popular product
13209,Shake direction
13210,Hand air
13211,Week he
13212,Four east
13213,Every wear
13214,Another light
13215,Hold fish
13216,Leg mission
13217,Oil fight
13218,Million stock
13219,All cup
13220,Far color
13221,Degree conference
13222,Condition perhaps
13223,Fact to
13224,These doctor
13225,Follow quickly
13226,School tonight
13227,Fear when
13228,Here station
13229,Successful success
13230,Father expert
13231,Town administration
13232,Girl need
13233,Choice operation
13234,Pay soon
13235,Kid view
13236,Boy character
13237,Difference what
13238,Indeed series
13239,Worker people
13240,Nearly appear
13241,Degree newspaper
13242,Throw itself
13243,Even mean
13244,Sport care
13245,Central describe
13246,Weight indeed
13247,Option thank
13248,Music degree
13249,Standard look
13250,Discuss parent
13251,Ask huge
13252,Participant often
13253,Charge attention
13254,Indeed bill
13255,Second senior
13256,Seek significant
13257,Name coach
13258,Former science
13259,Thousand door
13260,Military important
13261,Red four
13262,Discussion international
13263,Receive situation
13264,Which each
13265,Plant officer
13266,Job actually
13267,Just sign
13268,Visit tell
13269,Quality season
13270,Alone huge
13271,Thing a
13272,Simply respond
13273,Live audience
13274,High let
13275,Land candidate
13276,Herself my
13277,This speak
13278,Mouth that
13279,Where field
13280,Best water
13281,Character anyone
13282,Risk number
13283,Tell soon
13284,Artist thousand
13285,Dark lot
13286,Performance door
13287,Lead safe
13288,Shoulder feel
13289,Stock across
13290,Radio with
13291,If notice
13292,Green strong
13293,Simple more
13294,System suggest
13295,Human outside
13296,Tough wait
13297,Activity week
13298,Certain table
13299,Above report
13300,Every glass
13301,Benefit deep
13302,Speak popular
13303,Out direction
13304,Main sit
13305,Sound ground
13306,That politics
13307,Network society
13308,Board small
13309,Should society
13310,Present job
13311,Shoulder president
13312,Majority defense
13313,Near worry
13314,Throughout total
13315,Almost arrive
13316,Summer through
13317,Mother forget
13318,East life
13319,His letter
13320,On sister
13321,Collection likely
13322,General point
13323,Nation discuss
13324,Film sort
13325,Loss hair
13326,Show area
13327,Environmental product
13328,Follow parent
13329,Detail source
13330,Dream truth
13331,Others stand
13332,Recent senior
13333,Rock nice
13334,Turn pattern
13335,Poor prevent
13336,Action scientist
13337,Able training
13338,Himself agree
13339,Mrs TV
13340,With week
13341,Since arrive
13342,Former race
13343,Significant red
13344,Step within
13345,Leader performance
13346,Baby expert
13347,Sell poor
13348,Improve treat
13349,Hair bill
13350,Various good
13351,Result discussion
13352,War value
13353,Western at
13354,Interest red
13355,Voice half
13356,Including necessary
13357,Including require
13358,Particularly shake
13359,Professional have
13360,Large environment
13361,Laugh chair
13362,Success blood
13363,Very effort
13364,Situation address
13365,Produce last
13366,Finish star
13367,Make pattern
13368,Network out
13369,Anything expert
13370,Maintain reflect
13371,Fill social
13372,Language on
13373,Push family
13374,Story best
13375,Pretty their
13376,Think own
13377,A evidence
13378,Answer laugh
13379,Soldier action
13380,National cause
13381,Simply now
13382,However movement
13383,During activity
13384,She yourself
13385,Concern join
13386,Manage her
13387,Need born
13388,Wife risk
13389,Five get
13390,News structure
13391,Tough audience
13392,Soon letter
13393,Condition cover
13394,Travel forget
13395,Cell bad
13396,Above every
13397,Show lay
13398,Look I
13399,Act day
13400,Itself he
13401,Beautiful fear
13402,See take
13403,Not these
13404,Throughout seem
13405,Wish key
13406,Mr three
13407,Ahead interesting
13408,Face shake
13409,Onto film
13410,Recently peace
13411,Together Democrat
13412,Run pass
13413,Beyond half
13414,Common detail
13415,Executive police
13416,Stock majority
13417,Check practice
13418,Option bill
13419,Resource case
13420,Dream ago
13421,View itself
13422,Clear turn
13423,Worry measure
13424,Decide less
13425,Else quality
13426,Under story
13427,Tv not
13428,Right grow
13429,Line customer
13430,Near man
13431,Base shoulder
13432,Threat possible
13433,Something model
13434,Effort yeah
13435,Yard experience
13436,Everything someone
13437,Film expert
13438,Control join
13439,Talk box
13440,Threat admit
13441,Heavy center
13442,A activity
13443,Those picture
13444,Must yourself
13445,Democratic staff
13446,Onto nearly
13447,Baby above
13448,Much young
13449,Property before
13450,Push less
13451,After quality
13452,Really Congress
13453,Data particularly
13454,Return many
13455,Spend offer
13456,Single along
13457,Available when
13458,Raise carry
13459,Shake main
13460,Full reflect
13461,Itself meet
13462,Pretty station
13463,Service memory
13464,Contain fund
13465,Election describe
13466,Growth unit
13467,Street western
13468,Southern heavy
13469,Visit true
13470,Situation parent
13471,Serve bar
13472,Sometimes watch
13473,Able station
13474,Manage research
13475,Budget capital
13476,Explain she
13477,American soldier
13478,Leader there
13479,Present tell
13480,Whom from
13481,Woman vote
13482,Large power
13483,Water begin
13484,Really term
13485,Interest page
13486,Nature perhaps
13487,Analysis within
13488,Eight field
13489,Manager generation
13490,Score may
13491,Theory move
13492,Out machine
13493,Prove yeah
13494,Raise hear
13495,Affect analysis
13496,Performance if
13497,Drop traditional
13498,Break work
13499,Road above
13500,Recently technology
13501,Very price
13502,Mrs scientist
13503,Anyone others
13504,Continue something
13505,Around common
13506,Response although
13507,Current spring
13508,Money dinner
13509,Remain just
13510,Price lay
13511,Cell time
13512,Bad seat
13513,Money perhaps
13514,Music sound
13515,Seem most
13516,Plant contain
13517,Sing sport
13518,Prepare sport
13519,Discuss about
13520,Away happen
13521,Rich top
13522,No over
13523,Position determine
13524,Strategy bed
13525,Everything better
13526,Figure according
13527,Step child
13528,Push street
13529,Manage sort
13530,Coach popular
13531,At will
13532,Result down
13533,Factor good
13534,Those agency
13535,Seek officer
13536,Fire summer
13537,Energy according
13538,Out center
13539,Local computer
13540,If left
13541,Affect as
13542,Rise study
13543,Anyone whole
13544,Indeed machine
13545,Agree before
13546,Coach simply
13547,Assume agreement
13548,Live attention
13549,Parent budget
13550,From political
13551,Police area
13552,Education section
13553,Pressure money
13554,Citizen stock
13555,Process my
13556,Scene power
13557,Admit resource
13558,Laugh role
13559,Remember blood
13560,Member rise
13561,Order building
13562,Instead party
13563,Instead story
13564,Study food
13565,At present
13566,Its allow
13567,Likely recognize
13568,With economic
13569,Firm hour
13570,From stock
13571,Government born
13572,Star number
13573,Personal performance
13574,Ever television
13575,Similar happy
13576,Sure whether
13577,Its present
13578,Would at
13579,Consider its
13580,Each matter
13581,Four home
13582,Prevent institution
13583,Color one
13584,Necessary reach
13585,Woman where
13586,Simple future
13587,Learn close
13588,Site try
13589,Magazine author
13590,High maybe
13591,Within take
13592,Machine television
13593,Blue Mrs
13594,Produce hair
13595,Message public
13596,Must hotel
13597,Open executive
13598,Local position
13599,Win yet
13600,Drive see
13601,Woman military
13602,Product again
13603,Recently try
13604,Possible serious
13605,Into also
13606,Imagine analysis
13607,Economy walk
13608,Start travel
13609,Hospital test
13610,When model
13611,Sing cause
13612,Management performance
13613,Out pay
13614,Former upon
13615,System any
13616,It travel
13617,Others drive
13618,Together method
13619,Cost security
13620,Leave option
13621,New firm
13622,Capital agent
13623,Media good
13624,Management beautiful
13625,Less newspaper
13626,Thousand ready
13627,Wide interest
13628,Outside near
13629,Suffer decade
13630,Better use
13631,Community off
13632,Admit feeling
13633,Together light
13634,Perhaps full
13635,Anyone something
13636,Wife three
13637,Around her
13638,Worry she
13639,Exactly wall
13640,Action teach
13641,Compare smile
13642,Pass deep
13643,Wonder plan
13644,Natural individual
13645,Training million
13646,Administration eat
13647,Ball one
13648,Music form
13649,Commercial south
13650,Better project
13651,Consumer without
13652,Identify way
13653,Group thus
13654,Adult near
13655,Crime yet
13656,Cover rock
13657,Table although
13658,Read throw
13659,Nature hotel
13660,Speak four
13661,Speak direction
13662,Because political
13663,Difficult bill
13664,Century market
13665,Pressure example
13666,Hotel call
13667,Bag hotel
13668,Form structure
13669,Story run
13670,Study learn
13671,Matter minute
13672,Administration notice
13673,Add paper
13674,Name important
13675,Poor yes
13676,Above child
13677,Science fish
13678,Practice time
13679,Window game
13680,Maybe doctor
13681,Team night
13682,Alone growth
13683,Or only
13684,Office state
13685,Never hour
13686,Health tell
13687,Everyone that
13688,Blue picture
13689,These degree
13690,Have law
13691,Until both
13692,Reduce enjoy
13693,Sound ahead
13694,Cover rest
13695,Claim some
13696,Fact color
13697,Scene difference
13698,Tough chance
13699,Beautiful account
13700,Agent rich
13701,Use sound
13702,Senior in
13703,Say paper
13704,Main ok
13705,Staff force
13706,Fear trade
13707,Two simply
13708,Big compare
13709,Rock occur
13710,Finish state
13711,Value door
13712,Color kind
13713,Instead sign
13714,Drive skill
13715,Can pick
13716,Subject grow
13717,About particular
13718,Daughter someone
13719,Method different
13720,Standard home
13721,Scene agent
13722,Either choose
13723,Expect still
13724,Drug office
13725,Him item
13726,Concern change
13727,Represent training
13728,Rule of
13729,Nearly dream
13730,Crime collection
13731,Pull three
13732,Generation real
13733,Computer focus
13734,Economy quality
13735,While evening
13736,Quickly television
13737,Six allow
13738,Knowledge economic
13739,Audience into
13740,Wall if
13741,Appear one
13742,Style specific
13743,Treatment beat
13744,Own part
13745,System practice
13746,Yourself service
13747,Owner life
13748,Quality available
13749,Point safe
13750,Of too
13751,Of message
13752,Outside mind
13753,Necessary sea
13754,Enjoy economy
13755,Somebody indeed
13756,Point physical
13757,Risk that
13758,Author throughout
13759,Reduce positive
13760,Body born
13761,Worry huge
13762,News size
13763,Of church
13764,Campaign voice
13765,Check hear
13766,Leg cultural
13767,Important training
13768,Let player
13769,Big human
13770,Local measure
13771,Would picture
13772,Success call
13773,News meeting
13774,Car nation
13775,Data drop
13776,Write later
13777,Get task
13778,General election
13779,Through nearly
13780,Miss consider
13781,Travel language
13782,Manage court
13783,Factor statement
13784,Cell as
13785,Range around
13786,Worry degree
13787,No play
13788,Its low
13789,Rate student
13790,Before about
13791,Several long
13792,Their discover
13793,Mention apply
13794,Since note
13795,Forward buy
13796,Different change
13797,Sense third
13798,Hope dark
13799,Difficult live
13800,Travel time
13801,Board material
13802,Letter arrive
13803,Whose treat
13804,Take often
13805,Determine similar
13806,Heavy the
13807,Painting political
13808,Way understand
13809,Beyond will
13810,Radio thing
13811,Compare continue
13812,Break garden
13813,Pretty civil
13814,Discover weight
13815,Require scientist
13816,Follow carry
13817,Time window
13818,Prove yard
13819,Reflect month
13820,Heart single
13821,Exist sea
13822,Middle toward
13823,Rather accept
13824,Choose property
13825,Military film
13826,Should land
13827,Discussion while
13828,Whatever wall
13829,Sit term
13830,Attention note
13831,Property past
13832,Political laugh
13833,Article from
13834,To road
13835,Ok attention
13836,Fire direction
13837,Expect sound
13838,Coach long
13839,Inside under
13840,Hour visit
13841,Smile kid
13842,Close quickly
13843,Real case
13844,Management truth
13845,Call back
13846,Likely determine
13847,Life challenge
13848,Factor daughter
13849,Popular eye
13850,Challenge everybody
13851,Carry week
13852,They figure
13853,Check plant
13854,Structure add
13855,Radio leg
13856,Heavy really
13857,Theory east
13858,Turn simply
13859,Film responsibility
13860,Budget certain
13861,Commercial quality
13862,Ball data
13863,Must current
13864,Leg church
13865,Again million
13866,Several sense
13867,Put generation
13868,Direction today
13869,True question
13870,Reveal from
13871,Wide large
13872,Heart system
13873,About store
13874,Until my
13875,Mission western
13876,Another expect
13877,Quality own
13878,But long
13879,Really thought
13880,Writer lead
13881,When pass
13882,Spend movie
13883,Few which
13884,From most
13885,Our stuff
13886,Network add
13887,Capital major
13888,Skill consumer
13889,If eight
13890,Approach represent
13891,Result try
13892,Class cut
13893,Environment when
13894,Successful force
13895,Leave blood
13896,Little future
13897,Break heavy
13898,Because natural
13899,Son television
13900,Similar size
13901,Set argue
13902,Must well
13903,Picture project
13904,Third kitchen
13905,Threat image
13906,Message response
13907,Get step
13908,Design nor
13909,Lay second
13910,Ten avoid
13911,Lot matter
13912,Close admit
13913,Both pay
13914,Way others
13915,Test out
13916,Maybe maintain
13917,However five
13918,Fear wish
13919,Note quickly
13920,Night claim
13921,Wrong industry
13922,Standard reveal
13923,See section
13924,Voice list
13925,Boy especially
13926,Message fine
13927,Box hear
13928,Rather purpose
13929,Beyond sound
13930,Theory range
13931,Prepare forget
13932,Head through
13933,Group lead
13934,You provide
13935,Identify can
13936,Join growth
13937,Office general
13938,Consider conference
13939,Resource until
13940,Outside skill
13941,Wear south
13942,Board career
13943,Same huge
13944,Natural read
13945,Class Democrat
13946,Experience war
13947,Across media
13948,Wait writer
13949,True live
13950,Dinner size
13951,Often significant
13952,Whatever partner
13953,Science company
13954,Foreign center
13955,Author store
13956,Season entire
13957,Consumer especially
13958,Product thought
13959,Itself should
13960,Show consumer
13961,Soon reveal
13962,From research
13963,Remain police
13964,Suddenly then
13965,Add nice
13966,Eat summer
13967,Quality event
13968,Including they
13969,Identify dark
13970,Watch serious
13971,Thank very
13972,Might discussion
13973,Away now
13974,Generation position
13975,Blue argue
13976,Join year
13977,Call smile
13978,Law wide
13979,Yet course
13980,Relationship whom
13981,And door
13982,Hit responsibility
13983,At several
13984,Shake decision
13985,Do other
13986,Future usually
13987,Remain address
13988,Blue government
13989,News your
13990,Myself tree
13991,Forget effect
13992,Impact far
13993,Find mother
13994,Miss offer
13995,Me effect
13996,Wear next
13997,Early bit
13998,Camera why
13999,Newspaper by
14000,Pretty call
14001,Soon will
14002,Yourself for
14003,Push miss
14004,He station
14005,Want station
14006,Executive none
14007,Degree central
14008,Purpose image
14009,Media reach
14010,Quickly kid
14011,Believe various
14012,Road top
14013,Behind exist
14014,Car agency
14015,Ahead forget
14016,Officer career
14017,Lay get
14018,This executive
14019,Trial picture
14020,Different federal
14021,Try feel
14022,Middle exist
14023,Buy well
14024,Spend white
14025,Ready suddenly
14026,Impact cell
14027,Figure single
14028,Fire accept
14029,Alone series
14030,Speak short
14031,Practice big
14032,Know woman
14033,Style south
14034,Senior manage
14035,Magazine candidate
14036,Eye door
14037,Work resource
14038,Or want
14039,Class travel
14040,Your production
14041,Type through
14042,Production mother
14043,Continue paper
14044,Assume four
14045,Generation data
14046,These through
14047,Though find
14048,Significant success
14049,Trip there
14050,East chair
14051,Little black
14052,Those stock
14053,Tough white
14054,Whether argue
14055,Establish push
14056,Add letter
14057,Case hear
14058,Set store
14059,Never human
14060,Top surface
14061,Range identify
14062,Ever citizen
14063,Occur heavy
14064,Amount value
14065,Democrat table
14066,Development imagine
14067,Wrong show
14068,Main hear
14069,Center agree
14070,Building political
14071,Provide foot
14072,Short same
14073,Together already
14074,Good quickly
14075,Coach include
14076,Cup truth
14077,Nation buy
14078,Challenge note
14079,Perhaps lay
14080,Together agree
14081,Rock he
14082,Ok help
14083,Population scene
14084,Standard war
14085,Firm leader
14086,Mother sure
14087,Data necessary
14088,My adult
14089,Herself leader
14090,Material product
14091,During into
14092,Play eye
14093,Plant could
14094,Loss remain
14095,Carry involve
14096,Quite chance
14097,Step night
14098,Choice but
14099,School north
14100,Us eight
14101,Difficult fly
14102,Discuss magazine
14103,Animal past
14104,Decision order
14105,Face determine
14106,Baby partner
14107,Type sing
14108,Prove tell
14109,If rule
14110,Environment report
14111,Give not
14112,Hard response
14113,Only third
14114,Hot analysis
14115,Charge nothing
14116,Cut explain
14117,Radio past
14118,Lose service
14119,Decade fine
14120,Memory executive
14121,Fall participant
14122,Play group
14123,Thus identify
14124,Mission space
14125,Main its
14126,Here middle
14127,Boy above
14128,Finish approach
14129,Firm charge
14130,Someone traditional
14131,In rich
14132,Few necessary
14133,Note play
14134,Nation myself
14135,Through senior
14136,Even wear
14137,Moment should
14138,Apply film
14139,Interview make
14140,There perhaps
14141,Someone learn
14142,Fine model
14143,Century turn
14144,Choose first
14145,Part fact
14146,However else
14147,Drop science
14148,Fine about
14149,Window career
14150,Discuss store
14151,Program military
14152,Process paper
14153,If decision
14154,Physical expert
14155,Simple event
14156,Born another
14157,Prove maybe
14158,Sort leg
14159,Place sing
14160,Before exist
14161,Organization mouth
14162,Time order
14163,Pass international
14164,One concern
14165,Style modern
14166,Source since
14167,Administration nearly
14168,Bad black
14169,Same should
14170,Left anything
14171,Population chance
14172,Player talk
14173,Write girl
14174,Peace election
14175,Participant reason
14176,Human create
14177,Believe service
14178,Wonder green
14179,Under guy
14180,When explain
14181,Popular board
14182,Model although
14183,Ask action
14184,Charge simple
14185,Machine note
14186,Concern school
14187,Nation house
14188,Culture back
14189,Successful effort
14190,Few hotel
14191,Age religious
14192,These role
14193,Simply picture
14194,Hand instead
14195,Conference article
14196,Policy good
14197,Rise popular
14198,Always office
14199,Door smile
14200,Trial use
14201,Unit quality
14202,Experience catch
14203,Word activity
14204,Pay discuss
14205,Doctor indeed
14206,Between once
14207,Under agency
14208,Center see
14209,Senior sea
14210,Speak herself
14211,Section require
14212,More daughter
14213,Final behind
14214,Herself last
14215,With what
14216,Law bar
14217,Bag your
14218,Range guess
14219,Fly suffer
14220,Perform should
14221,Question the
14222,Win huge
14223,Customer card
14224,Both might
14225,Help color
14226,Spring benefit
14227,Fill international
14228,Million election
14229,Able traditional
14230,Teacher argue
14231,Even interest
14232,Company allow
14233,Nature physical
14234,Then of
14235,Agent remain
14236,Discuss especially
14237,Play edge
14238,Time shake
14239,Coach miss
14240,Right loss
14241,Tax charge
14242,Recently benefit
14243,Individual and
14244,Right general
14245,Own likely
14246,Lay central
14247,West customer
14248,Himself tell
14249,Produce memory
14250,Ground show
14251,Experience teacher
14252,Town glass
14253,All test
14254,Fire feel
14255,Seem since
14256,Kid someone
14257,Under might
14258,Various maybe
14259,Through wall
14260,Class wind
14261,Break child
14262,Short environmental
14263,Get father
14264,Care reflect
14265,In board
14266,Other cut
14267,Bit claim
14268,Difference product
14269,Research yet
14270,Commercial happen
14271,Treat poor
14272,Growth traditional
14273,Force soon
14274,Go quality
14275,Line difference
14276,Rule officer
14277,Year station
14278,Every father
14279,Peace receive
14280,Lead law
14281,Note like
14282,Fast beat
14283,Exist one
14284,Meet hope
14285,Customer owner
14286,Actually recently
14287,Tend whole
14288,Evening effect
14289,Bar identify
14290,Behind article
14291,Century court
14292,Treatment back
14293,Kind glass
14294,Institution cup
14295,Ask camera
14296,Glass morning
14297,Role church
14298,Property group
14299,Sometimes reach
14300,Between investment
14301,Debate another
14302,None if
14303,Response town
14304,Sound since
14305,Industry occur
14306,Yeah of
14307,Ground drop
14308,Year hit
14309,While some
14310,Rich able
14311,Woman any
14312,Painting land
14313,Walk wish
14314,Edge political
14315,Some official
14316,Worry under
14317,Could heart
14318,Why high
14319,Test serious
14320,Congress student
14321,Understand total
14322,Size represent
14323,Old share
14324,Create well
14325,Thing police
14326,Company opportunity
14327,Both up
14328,Chance child
14329,Later affect
14330,International parent
14331,Down daughter
14332,Decade dinner
14333,Yard already
14334,Director rest
14335,Human kind
14336,Stock step
14337,Will street
14338,Trip son
14339,Instead spend
14340,Bar research
14341,Look look
14342,Key fire
14343,Rather laugh
14344,Career state
14345,Seven appear
14346,Game evidence
14347,Human tax
14348,Assume scene
14349,Pay answer
14350,Despite total
14351,Write rock
14352,Wife item
14353,Director best
14354,Level likely
14355,Structure feeling
14356,Sort customer
14357,Including tell
14358,Prove debate
14359,Drug civil
14360,System Republican
14361,Life star
14362,Member good
14363,Class southern
14364,Executive imagine
14365,Hit four
14366,Provide age
14367,Need four
14368,Note while
14369,Travel truth
14370,Between especially
14371,Hot discussion
14372,Street born
14373,Save hospital
14374,Born today
14375,Perform claim
14376,Dream near
14377,Stand be
14378,Also ground
14379,You street
14380,Result instead
14381,Wait administration
14382,Value popular
14383,Your about
14384,Short particular
14385,Only prepare
14386,Explain question
14387,These line
14388,Onto go
14389,Blue experience
14390,Interesting reveal
14391,International threat
14392,Vote nor
14393,View magazine
14394,Physical end
14395,Also hear
14396,But anything
14397,Others dog
14398,Management factor
14399,He month
14400,Early usually
14401,Live certain
14402,National one
14403,Mind hold
14404,This may
14405,Series beat
14406,That however
14407,Least after
14408,Policy floor
14409,Million position
14410,Nation kid
14411,Compare officer
14412,Walk art
14413,Your thank
14414,Be simple
14415,Wall goal
14416,Population seat
14417,Fast attorney
14418,Light eight
14419,Home traditional
14420,Chance short
14421,Note future
14422,Get official
14423,Leg course
14424,Officer analysis
14425,Edge less
14426,Draw item
14427,Case beautiful
14428,Stuff bed
14429,Modern nature
14430,Coach provide
14431,Agency church
14432,Eight cold
14433,Organization expect
14434,Value investment
14435,Heavy opportunity
14436,Near investment
14437,Though become
14438,Sign over
14439,Bring summer
14440,Option fish
14441,Air effort
14442,For fight
14443,Seat course
14444,Fact gun
14445,Friend example
14446,Project month
14447,Read difference
14448,Themselves rule
14449,Process Congress
14450,Big forward
14451,The enjoy
14452,Year head
14453,Particular hot
14454,Member writer
14455,Gun within
14456,Almost woman
14457,Executive threat
14458,Top area
14459,More state
14460,Into painting
14461,Ball clear
14462,Form cup
14463,Wide set
14464,Memory heart
14465,Them side
14466,Soon general
14467,Fire culture
14468,Else particularly
14469,Full admit
14470,Treat treat
14471,Seat spring
14472,Eat picture
14473,Concern religious
14474,Car tonight
14475,Focus can
14476,Land too
14477,Hour name
14478,Senior also
14479,Claim dinner
14480,Inside too
14481,Student box
14482,Stop hour
14483,Write everybody
14484,Capital remember
14485,Yard character
14486,Entire one
14487,Store never
14488,Eat feel
14489,Writer fight
14490,Energy rock
14491,Involve build
14492,Concern draw
14493,Report often
14494,Well fire
14495,Protect head
14496,Government factor
14497,Official partner
14498,Employee notice
14499,Appear success
14500,Will focus
14501,Election per
14502,Job treatment
14503,Wall capital
14504,Such work
14505,How player
14506,For to
14507,Spring successful
14508,Can several
14509,Force design
14510,Media of
14511,Republican fund
14512,Happen current
14513,Same wrong
14514,Too woman
14515,By sure
14516,Act under
14517,Require too
14518,South community
14519,Foot radio
14520,Drop wide
14521,Future up
14522,Last look
14523,True each
14524,Serious ahead
14525,Meeting spring
14526,Box which
14527,Should along
14528,Assume fly
14529,Little nation
14530,Hear citizen
14531,Remember character
14532,Fire eight
14533,Expect all
14534,Truth or
14535,Better soon
14536,Save including
14537,Air country
14538,Participant single
14539,Necessary through
14540,Myself year
14541,Beyond color
14542,Character human
14543,One manage
14544,Prove play
14545,President sense
14546,Best writer
14547,East wind
14548,Thus public
14549,Set group
14550,Middle work
14551,Lose party
14552,Similar remain
14553,Difficult it
14554,Through build
14555,Happen research
14556,Art second
14557,Per many
14558,Nothing force
14559,Make since
14560,Husband green
14561,Tax type
14562,Hear develop
14563,Church include
14564,Follow citizen
14565,Trouble statement
14566,Read expert
14567,Society behavior
14568,Team war
14569,Question admit
14570,Skill as
14571,Begin through
14572,Project company
14573,Half least
14574,Than minute
14575,Study side
14576,Already particular
14577,Church center
14578,Scene both
14579,Inside conference
14580,These board
14581,Model read
14582,Benefit door
14583,See instead
14584,Recognize protect
14585,Task clear
14586,Wife election
14587,Federal industry
14588,Responsibility anyone
14589,Still miss
14590,Born approach
14591,Specific take
14592,Ability while
14593,Case yourself
14594,Some ready
14595,Start significant
14596,Street behavior
14597,Reflect sign
14598,Hotel name
14599,Ground general
14600,Generation test
14601,Sing herself
14602,Fine especially
14603,Suffer hundred
14604,Teach address
14605,Head worker
14606,Ever increase
14607,Population particular
14608,Own instead
14609,Couple film
14610,Rest laugh
14611,National quickly
14612,Station end
14613,Without picture
14614,Watch sing
14615,Least only
14616,Challenge experience
14617,Half none
14618,Explain successful
14619,Military table
14620,Society seven
14621,Conference daughter
14622,We land
14623,Nearly cold
14624,Fund discuss
14625,Everything operation
14626,Air along
14627,Challenge traditional
14628,Them son
14629,Movie treatment
14630,Start want
14631,Threat perform
14632,Type trip
14633,What study
14634,Carry wide
14635,Oil law
14636,Near check
14637,Another let
14638,Name career
14639,Talk hard
14640,Campaign wrong
14641,Professional cover
14642,Language town
14643,Everyone member
14644,Away save
14645,Loss price
14646,Support safe
14647,Choose population
14648,Tell herself
14649,Research teacher
14650,My reveal
14651,Us I
14652,Outside city
14653,Full brother
14654,Could suddenly
14655,Food usually
14656,Finish way
14657,Sister old
14658,Indicate night
14659,Political collection
14660,By knowledge
14661,Firm hair
14662,Hold agreement
14663,Will trip
14664,World enjoy
14665,Past year
14666,Season character
14667,Behavior appear
14668,Thing world
14669,Instead actually
14670,Determine ever
14671,Yes control
14672,Two blue
14673,Ready defense
14674,Lay less
14675,Various edge
14676,Economic pattern
14677,After traditional
14678,Who success
14679,Lot stuff
14680,Example reality
14681,Executive color
14682,Republican low
14683,Matter air
14684,Both director
14685,Artist lay
14686,Know fill
14687,Page course
14688,Partner whether
14689,Sing name
14690,Good perhaps
14691,As when
14692,Moment democratic
14693,Serve perform
14694,Executive somebody
14695,Hour affect
14696,We risk
14697,Woman hold
14698,Forget land
14699,Along food
14700,Mind quite
14701,Mention learn
14702,Center surface
14703,Key north
14704,Simply tonight
14705,Season way
14706,Why commercial
14707,Listen card
14708,Everyone hold
14709,Available education
14710,Watch today
14711,This pass
14712,Democrat able
14713,Price fly
14714,Lose recently
14715,International sure
14716,Morning evening
14717,Brother decade
14718,Defense skin
14719,Maintain investment
14720,Environmental bar
14721,Increase buy
14722,Blood general
14723,Investment beyond
14724,Pattern discover
14725,Effort strong
14726,On area
14727,Respond north
14728,Art discussion
14729,Enter learn
14730,Might everyone
14731,Drive direction
14732,Congress power
14733,Million she
14734,Become its
14735,Hold who
14736,Score design
14737,Item mention
14738,Trade mouth
14739,Free decide
14740,Lay action
14741,Near TV
14742,Hair Republican
14743,Fight blood
14744,Cost situation
14745,Environment spend
14746,Local soon
14747,Choose whole
14748,According group
14749,Get four
14750,Draw head
14751,Left size
14752,List hundred
14753,Remember we
14754,Perform management
14755,Finish fund
14756,Poor name
14757,Six agent
14758,Ability customer
14759,Interest yet
14760,Focus meeting
14761,The though
14762,The responsibility
14763,Sell amount
14764,Mouth shoulder
14765,Ready sit
14766,Note inside
14767,Decade big
14768,Including but
14769,Respond easy
14770,Part international
14771,Benefit cold
14772,Simply reason
14773,Her television
14774,Drive owner
14775,Sort need
14776,Participant pick
14777,Certainly break
14778,Book study
14779,Mind out
14780,Own ahead
14781,Fact partner
14782,Cost energy
14783,Individual smile
14784,Article he
14785,Brother collection
14786,Will decade
14787,Tend politics
14788,Traditional base
14789,Kid special
14790,Clear adult
14791,Within political
14792,Particular change
14793,Perhaps idea
14794,Station about
14795,Discover reach
14796,Notice instead
14797,When back
14798,Population them
14799,Certainly none
14800,Thing system
14801,Ball it
14802,Wait generation
14803,Agreement send
14804,Suddenly look
14805,Theory skill
14806,Can common
14807,Deep time
14808,Task morning
14809,Whose do
14810,Environment college
14811,Bill relate
14812,Ask nature
14813,Just suggest
14814,Carry feeling
14815,Determine before
14816,Site involve
14817,Keep nothing
14818,Give challenge
14819,Program section
14820,Participant image
14821,Begin language
14822,Expert tend
14823,Better begin
14824,Likely course
14825,Heavy add
14826,North treat
14827,Performance half
14828,Professional off
14829,Tv return
14830,Dream state
14831,Manager draw
14832,Then movement
14833,Them near
14834,Employee another
14835,Conference author
14836,Crime discover
14837,Finish culture
14838,Reveal move
14839,Standard need
14840,Exactly month
14841,Free position
14842,Benefit business
14843,Later car
14844,Which half
14845,Later wish
14846,Him common
14847,Impact candidate
14848,Travel church
14849,Right perform
14850,Statement here
14851,Our phone
14852,If participant
14853,Eat term
14854,Economic method
14855,Follow there
14856,Million find
14857,Owner success
14858,Fear woman
14859,Whatever point
14860,Article against
14861,Those reduce
14862,Total surface
14863,Yourself west
14864,Single discuss
14865,Note possible
14866,Chair medical
14867,Else upon
14868,Summer senior
14869,Training could
14870,Service girl
14871,Research away
14872,Whose cost
14873,Will accept
14874,Inside perform
14875,High under
14876,Why race
14877,Clearly member
14878,Politics a
14879,Carry officer
14880,Smile cup
14881,Note listen
14882,Stage tonight
14883,Box happen
14884,Son key
14885,Fill other
14886,Beyond save
14887,Too seem
14888,Mother arm
14889,More camera
14890,Drop so
14891,Shoulder mention
14892,National follow
14893,Share between
14894,Learn course
14895,Condition determine
14896,Either today
14897,For generation
14898,North song
14899,According area
14900,Quickly recognize
14901,Free accept
14902,Left prove
14903,Fish provide
14904,Box another
14905,Here story
14906,Same old
14907,International wait
14908,Exist from
14909,Even send
14910,Candidate I
14911,President country
14912,As heavy
14913,Which positive
14914,However speech
14915,Memory media
14916,Begin ball
14917,Both practice
14918,Sort science
14919,Something environment
14920,Sell market
14921,Family stuff
14922,Life national
14923,Computer responsibility
14924,Ability through
14925,Degree exist
14926,Wait participant
14927,Though responsibility
14928,Or audience
14929,Clear traditional
14930,Conference near
14931,Poor daughter
14932,Help national
14933,Real production
14934,Fill tough
14935,In base
14936,Actually on
14937,Rest cup
14938,Enjoy meeting
14939,Street leg
14940,Down five
14941,Dark reveal
14942,Take senior
14943,Subject race
14944,Tend blood
14945,Reason from
14946,List chance
14947,But bad
14948,Begin allow
14949,Person member
14950,Trouble number
14951,Bill which
14952,Mrs want
14953,Long fly
14954,Member increase
14955,Public remember
14956,Mean physical
14957,Against book
14958,Strong media
14959,Marriage rest
14960,Oil technology
14961,Real sister
14962,Attention occur
14963,East PM
14964,Lawyer by
14965,Score young
14966,Product thousand
14967,Community soldier
14968,Book system
14969,Enough nation
14970,Scientist operation
14971,Go general
14972,Up there
14973,Behind feel
14974,Discussion expect
14975,Million course
14976,Player game
14977,Later them
14978,Positive sing
14979,Network anything
14980,Rise figure
14981,Model rate
14982,Face with
14983,Argue home
14984,Difference after
14985,American economy
14986,State individual
14987,Drive effect
14988,Quite citizen
14989,Family talk
14990,Rich different
14991,Size woman
14992,Interest happy
14993,Conference letter
14994,May myself
14995,Tv tonight
14996,Population explain
14997,At huge
14998,Live agent
14999,Wrong especially
15000,Family represent
15001,New official
15002,Computer area
15003,Black throughout
15004,President lead
15005,Lose model
15006,Increase write
15007,Scientist interest
15008,Seat drug
15009,Try evening
15010,Machine outside
15011,Bar yeah
15012,Year sometimes
15013,Often ahead
15014,Mrs design
15015,They ability
15016,Would why
15017,Develop late
15018,Minute worry
15019,She child
15020,Beautiful culture
15021,Fund size
15022,Car win
15023,Collection method
15024,Realize politics
15025,Data point
15026,Operation forget
15027,Budget one
15028,Role set
15029,Soldier too
15030,Wide prepare
15031,Fight wish
15032,Bar indicate
15033,Should foot
15034,Difficult give
15035,Already stop
15036,Increase score
15037,Kind anything
15038,And figure
15039,Lead rule
15040,Step safe
15041,Section culture
15042,Spring fish
15043,Possible thank
15044,Wrong one
15045,State by
15046,Represent risk
15047,Later vote
15048,Now use
15049,Garden heavy
15050,Shoulder life
15051,Than offer
15052,Bad wish
15053,Behind fight
15054,Range who
15055,Property hit
15056,When Mrs
15057,Able international
15058,Everyone year
15059,Team more
15060,Employee firm
15061,Develop quickly
15062,Fear view
15063,Star political
15064,Watch owner
15065,Never try
15066,Answer job
15067,Section court
15068,Son relationship
15069,Boy money
15070,Nation another
15071,Claim hope
15072,Religious popular
15073,Go significant
15074,Hour series
15075,Budget movement
15076,Language quality
15077,Itself protect
15078,Election war
15079,Study debate
15080,Issue too
15081,Smile vote
15082,Floor money
15083,Father machine
15084,Analysis hand
15085,Book production
15086,Sing song
15087,Degree bit
15088,Human mean
15089,Blue message
15090,Data table
15091,Wrong woman
15092,War themselves
15093,Determine cover
15094,Everyone simply
15095,Long wrong
15096,Allow action
15097,Reflect heavy
15098,Man large
15099,Increase interview
15100,Experience only
15101,Executive land
15102,Fact world
15103,Government statement
15104,Key event
15105,Wish everyone
15106,Hand black
15107,Property science
15108,Claim idea
15109,Control maybe
15110,Environmental perhaps
15111,Institution participant
15112,From once
15113,With final
15114,Statement other
15115,Soon three
15116,Raise film
15117,Benefit stock
15118,Loss develop
15119,Let space
15120,Water method
15121,Left today
15122,Lead meet
15123,Green image
15124,Later leader
15125,Enjoy democratic
15126,Decade allow
15127,Office team
15128,Adult lot
15129,Remain senior
15130,Little stock
15131,Over item
15132,Build window
15133,Thing something
15134,Fall smile
15135,Month loss
15136,Ready bag
15137,Peace believe
15138,Space art
15139,Beat management
15140,Big force
15141,Whom would
15142,Leader former
15143,Science daughter
15144,Reason something
15145,Pay represent
15146,Wide ago
15147,Property since
15148,Simply national
15149,Shake explain
15150,Set act
15151,Democrat management
15152,Network away
15153,Teacher difference
15154,Behavior office
15155,Spring order
15156,Subject them
15157,Buy radio
15158,Notice bag
15159,Leader east
15160,Name show
15161,Night store
15162,Partner the
15163,Game common
15164,Tough other
15165,Whom travel
15166,Scientist government
15167,Perhaps adult
15168,Half contain
15169,Close society
15170,Remember positive
15171,Become partner
15172,Tree political
15173,Discover experience
15174,Know election
15175,Simple your
15176,Black form
15177,Population cause
15178,Way determine
15179,Serious age
15180,Be store
15181,Voice language
15182,Statement various
15183,Friend likely
15184,Three institution
15185,Through debate
15186,Here able
15187,Couple section
15188,Trade radio
15189,Give always
15190,Stage eight
15191,Environment score
15192,Any remain
15193,Color mouth
15194,Expert themselves
15195,Minute house
15196,Knowledge speak
15197,Hand south
15198,Down have
15199,Almost several
15200,Stop place
15201,Lay question
15202,Student majority
15203,Goal president
15204,Have team
15205,Resource population
15206,Lot address
15207,Class sense
15208,Collection notice
15209,Reality focus
15210,Defense machine
15211,Record report
15212,Hundred experience
15213,Rock as
15214,Into win
15215,Before role
15216,Newspaper his
15217,Local common
15218,Avoid network
15219,While ten
15220,Others trip
15221,Stay sure
15222,Group everything
15223,Per human
15224,Later bit
15225,Light grow
15226,Build seven
15227,Table business
15228,After receive
15229,Prove two
15230,Course provide
15231,Idea place
15232,Lot challenge
15233,Bit radio
15234,Others thank
15235,Step back
15236,Air phone
15237,Smile marriage
15238,Subject budget
15239,After ball
15240,Age who
15241,It bar
15242,Plan pass
15243,Yes page
15244,Reach find
15245,Step always
15246,Bag lay
15247,Suffer attack
15248,Score where
15249,Nothing culture
15250,Game prepare
15251,Adult thousand
15252,Least member
15253,This church
15254,Care others
15255,Care expert
15256,If kind
15257,Read year
15258,Purpose out
15259,Ability always
15260,Successful life
15261,Investment type
15262,Drop training
15263,Prepare top
15264,Tax talk
15265,Upon sea
15266,Own across
15267,Her would
15268,Response home
15269,Eat care
15270,Consider when
15271,Set change
15272,Represent resource
15273,Guess radio
15274,Do over
15275,Spend single
15276,Soon large
15277,Rate build
15278,Box call
15279,Than Democrat
15280,Course account
15281,Mission person
15282,Part national
15283,Party and
15284,Image special
15285,Morning explain
15286,Born begin
15287,See role
15288,Possible result
15289,Fish natural
15290,Until and
15291,Score product
15292,When write
15293,Win visit
15294,Fine consumer
15295,Citizen remember
15296,Couple remain
15297,Include night
15298,Offer firm
15299,Believe purpose
15300,Ago feeling
15301,Dream friend
15302,Culture thus
15303,Series decade
15304,Manage clearly
15305,Case prepare
15306,Sea soon
15307,Paper office
15308,Send serious
15309,Indeed time
15310,But military
15311,Land picture
15312,Radio other
15313,Energy water
15314,Likely phone
15315,Exist possible
15316,Boy bit
15317,Center physical
15318,View good
15319,Position responsibility
15320,Character hard
15321,Mother rise
15322,Dark successful
15323,Cover ability
15324,City material
15325,Area expert
15326,Character within
15327,Understand painting
15328,Radio tell
15329,A common
15330,Right place
15331,Question nor
15332,Note sport
15333,Around red
15334,Similar seek
15335,Coach dog
15336,Every also
15337,Expert fast
15338,Project PM
15339,Interest opportunity
15340,Congress pretty
15341,Personal page
15342,Yard amount
15343,Often issue
15344,Prevent detail
15345,Pm rise
15346,Road television
15347,Miss site
15348,Walk thing
15349,Might which
15350,Someone back
15351,Specific reach
15352,Support ago
15353,Ahead writer
15354,Enough tough
15355,Treatment lose
15356,Specific have
15357,Describe order
15358,Program voice
15359,Rule charge
15360,Many usually
15361,Far eight
15362,Practice important
15363,Trip enjoy
15364,Rest most
15365,Positive population
15366,Another down
15367,Stage people
15368,Firm yet
15369,Bag almost
15370,Owner food
15371,By where
15372,Open law
15373,Employee doctor
15374,Inside article
15375,Near staff
15376,Meeting bad
15377,Represent school
15378,Finally machine
15379,Top official
15380,Notice approach
15381,Prevent scientist
15382,Much food
15383,Matter wear
15384,Serve without
15385,Model leave
15386,Practice least
15387,Son form
15388,Follow scene
15389,Test sit
15390,Economic leg
15391,Write partner
15392,Soon hard
15393,Child generation
15394,Miss before
15395,Yourself blood
15396,Goal office
15397,Quality share
15398,Current technology
15399,American practice
15400,Else blue
15401,Pay minute
15402,Within born
15403,Information first
15404,Central reality
15405,Front instead
15406,Only market
15407,Book defense
15408,Full manager
15409,Big local
15410,Find bring
15411,Audience act
15412,Teach clearly
15413,Soldier current
15414,Of at
15415,Another fine
15416,Star middle
15417,Present second
15418,Certainly remain
15419,Catch student
15420,Guess street
15421,Training parent
15422,Try allow
15423,Since institution
15424,Allow individual
15425,Four site
15426,Hundred ok
15427,Get like
15428,Camera tonight
15429,Morning child
15430,Traditional one
15431,Job become
15432,Activity town
15433,Soon small
15434,Interview shoulder
15435,Wide firm
15436,Follow full
15437,Approach American
15438,Author type
15439,Suggest president
15440,Rich fight
15441,Partner truth
15442,Offer old
15443,Section seek
15444,Land good
15445,Tough theory
15446,Treatment performance
15447,Week let
15448,Method detail
15449,Thus hand
15450,Mission attention
15451,Official range
15452,Camera wish
15453,Whatever ten
15454,Maintain smile
15455,Myself social
15456,Carry how
15457,Fire throw
15458,True theory
15459,Note law
15460,Create resource
15461,Hard station
15462,Lose contain
15463,Family put
15464,Place series
15465,Sign east
15466,For moment
15467,Nothing method
15468,You direction
15469,Sister wonder
15470,Develop international
15471,Stuff full
15472,Option century
15473,Idea some
15474,Study practice
15475,Skin thought
15476,Option without
15477,Foreign night
15478,Remember draw
15479,Rich country
15480,Simple eight
15481,Someone sign
15482,Hair allow
15483,Anyone church
15484,Surface will
15485,Probably Democrat
15486,Expect walk
15487,Site thousand
15488,Three people
15489,Democrat address
15490,Present other
15491,Line support
15492,Western Democrat
15493,Opportunity action
15494,Theory speech
15495,When him
15496,Understand agree
15497,Staff appear
15498,Career PM
15499,Finally guy
15500,Something almost
15501,Want stock
15502,The bill
15503,Avoid because
15504,Its look
15505,System yes
15506,Theory direction
15507,Want poor
15508,Certainly feeling
15509,City scientist
15510,Side become
15511,Establish example
15512,Dream agent
15513,Seat someone
15514,Decade modern
15515,Which several
15516,Of to
15517,Budget two
15518,Table man
15519,Bank investment
15520,Do range
15521,Happy move
15522,Shake minute
15523,Treatment strategy
15524,State business
15525,Information finish
15526,Either suffer
15527,Require war
15528,West result
15529,Ability white
15530,List dark
15531,Scientist white
15532,Deep focus
15533,Teach teacher
15534,Television choose
15535,Coach thought
15536,Sit police
15537,Worker debate
15538,Old situation
15539,Thing purpose
15540,Then dark
15541,Water right
15542,Father seek
15543,Teacher but
15544,Identify staff
15545,Small perhaps
15546,City interesting
15547,Sell quality
15548,Indeed process
15549,Environment behind
15550,Part past
15551,Learn young
15552,Surface challenge
15553,Commercial ok
15554,Total politics
15555,Wait imagine
15556,Yourself state
15557,Necessary child
15558,Senior right
15559,Analysis us
15560,Economic ok
15561,Indeed news
15562,Church weight
15563,Organization hot
15564,Discover physical
15565,Age yes
15566,Whether part
15567,Suggest manager
15568,Occur pressure
15569,Might board
15570,His state
15571,Huge allow
15572,Here anything
15573,Available daughter
15574,Cause age
15575,Light magazine
15576,Through and
15577,Whatever statement
15578,Everyone home
15579,Lay state
15580,Feeling wear
15581,Company contain
15582,Performance not
15583,Television hold
15584,Remember join
15585,Partner leave
15586,Accept wall
15587,Look know
15588,Next ago
15589,Open now
15590,Cover modern
15591,Goal glass
15592,Near their
15593,Radio quickly
15594,Service quality
15595,Sea part
15596,Support baby
15597,Source choice
15598,Century tree
15599,Personal into
15600,Present good
15601,During relate
15602,Country better
15603,Position economic
15604,Pretty then
15605,Then voice
15606,Head require
15607,Note change
15608,Able cause
15609,Very benefit
15610,Program say
15611,Special miss
15612,Senior walk
15613,Board change
15614,Science push
15615,Right education
15616,Matter pattern
15617,Performance enter
15618,Any up
15619,Little my
15620,Newspaper medical
15621,Fact note
15622,Respond near
15623,Military cup
15624,Full around
15625,Attention maintain
15626,Ability place
15627,Concern heart
15628,Argue manage
15629,Before for
15630,Item serious
15631,Produce evidence
15632,Art response
15633,Project exactly
15634,Care on
15635,Poor draw
15636,Affect everybody
15637,Finish degree
15638,So lose
15639,Agent recently
15640,Forget meet
15641,To agree
15642,My message
15643,Federal high
15644,Seat herself
15645,Top individual
15646,Tree report
15647,Quality culture
15648,Stop five
15649,Include yes
15650,Case such
15651,Attention conference
15652,Catch know
15653,Mind individual
15654,Line pass
15655,Friend long
15656,Campaign around
15657,Until tend
15658,Development ground
15659,Stay believe
15660,Face administration
15661,Appear first
15662,Score toward
15663,After crime
15664,Wear red
15665,Agree try
15666,Hold by
15667,Degree when
15668,One huge
15669,Argue occur
15670,Garden season
15671,Opportunity live
15672,Carry feel
15673,Close think
15674,By miss
15675,Admit music
15676,Fast position
15677,Their ok
15678,Government exist
15679,Help model
15680,Career identify
15681,Action right
15682,Table any
15683,Physical address
15684,Heavy defense
15685,Study explain
15686,Lot sea
15687,Accept many
15688,Seem two
15689,Place their
15690,Cover coach
15691,Life yeah
15692,Happy hundred
15693,Maybe night
15694,Your artist
15695,Us population
15696,Such sort
15697,Themselves end
15698,Stock assume
15699,Full kid
15700,Thus want
15701,First little
15702,Car machine
15703,Son daughter
15704,Group prevent
15705,Go with
15706,Long candidate
15707,Until or
15708,Ground build
15709,No rest
15710,Hotel political
15711,Treat apply
15712,Add own
15713,No involve
15714,Different country
15715,Need interesting
15716,Threat herself
15717,Skin our
15718,So mind
15719,Top indicate
15720,Hand huge
15721,Expert feel
15722,Happy none
15723,Network alone
15724,Improve company
15725,Majority material
15726,Need common
15727,Tell part
15728,Chair last
15729,Painting best
15730,Me try
15731,Consider side
15732,About system
15733,Respond argue
15734,It defense
15735,Media high
15736,But summer
15737,Never development
15738,At foot
15739,Dog suffer
15740,Story choice
15741,Must my
15742,Still they
15743,Response case
15744,Away others
15745,Those young
15746,Window road
15747,Card western
15748,Simple mention
15749,High prove
15750,Enough act
15751,Spend task
15752,Act win
15753,But last
15754,Soldier bill
15755,Which Democrat
15756,Mouth nor
15757,Respond value
15758,Without activity
15759,Moment result
15760,Teacher while
15761,Subject suddenly
15762,Hold nor
15763,Itself much
15764,General above
15765,Country go
15766,Really vote
15767,Necessary probably
15768,Thus wife
15769,Put citizen
15770,Especially federal
15771,Low new
15772,Side know
15773,Thing them
15774,Age relationship
15775,Determine everyone
15776,Now it
15777,Oil local
15778,Medical both
15779,Generation century
15780,Evidence talk
15781,Goal staff
15782,Front argue
15783,Such carry
15784,We institution
15785,Knowledge push
15786,Federal right
15787,Institution trade
15788,Key generation
15789,With society
15790,Better answer
15791,Worry current
15792,Test around
15793,Middle throw
15794,Whatever author
15795,Read ever
15796,Likely floor
15797,Particular why
15798,Impact each
15799,Cold form
15800,Focus believe
15801,As cause
15802,Available mind
15803,Door marriage
15804,Lead leave
15805,Natural provide
15806,Father growth
15807,Family those
15808,Dog size
15809,Involve prepare
15810,Why building
15811,Parent either
15812,Know not
15813,Improve teach
15814,Good use
15815,Control wide
15816,Might pass
15817,My product
15818,Least product
15819,Way technology
15820,Show final
15821,Owner sing
15822,Meet police
15823,Visit specific
15824,Surface maintain
15825,Help southern
15826,Let finish
15827,Enter test
15828,Relationship run
15829,Can bag
15830,Production world
15831,Yourself pattern
15832,Represent and
15833,Next guess
15834,Less couple
15835,Huge make
15836,Receive enough
15837,Everyone dream
15838,Gas happy
15839,Like spring
15840,Watch big
15841,Coach study
15842,Investment century
15843,Anyone particularly
15844,Player check
15845,Eight about
15846,Guess hard
15847,Today hair
15848,Bad performance
15849,Others budget
15850,Perform conference
15851,After including
15852,Plant what
15853,Over maintain
15854,Entire issue
15855,Notice others
15856,Pm style
15857,Control machine
15858,Red year
15859,School see
15860,Cost the
15861,Military address
15862,Baby employee
15863,Peace western
15864,Writer various
15865,Short woman
15866,Yes what
15867,With dark
15868,Take support
15869,Yard discuss
15870,Though traditional
15871,Allow government
15872,Reality majority
15873,A with
15874,Our build
15875,Win bad
15876,Method drive
15877,Television career
15878,Agent health
15879,Unit them
15880,Pretty tonight
15881,By wall
15882,Some option
15883,Building reality
15884,Despite third
15885,Become whose
15886,Nature green
15887,General couple
15888,Effect situation
15889,Feel degree
15890,Western very
15891,Doctor quality
15892,Second ever
15893,Throughout create
15894,Particular fear
15895,Economy success
15896,Impact century
15897,Understand wear
15898,Allow parent
15899,Outside material
15900,Reason source
15901,Whatever so
15902,Operation able
15903,Owner large
15904,Understand court
15905,Win audience
15906,Way hold
15907,Military sense
15908,Surface employee
15909,Not cold
15910,Agreement clearly
15911,Despite early
15912,Bank both
15913,Wide decision
15914,Service paper
15915,Foot world
15916,Decade lawyer
15917,Unit far
15918,Discover build
15919,People community
15920,Good lot
15921,Whose tough
15922,Option ability
15923,Add price
15924,Far party
15925,Threat street
15926,Cut expect
15927,Next fund
15928,Visit apply
15929,Movie charge
15930,Table conference
15931,Law course
15932,Full design
15933,Yes grow
15934,Early lead
15935,Yet magazine
15936,Evening also
15937,Alone save
15938,Near one
15939,Population full
15940,Without woman
15941,Wait source
15942,Ask call
15943,Involve establish
15944,Picture wall
15945,Present ball
15946,Majority decade
15947,Hope current
15948,Ten listen
15949,Last firm
15950,Create commercial
15951,Guess deep
15952,Property really
15953,Action however
15954,Happy travel
15955,Know customer
15956,So possible
15957,Popular indeed
15958,Political prove
15959,Sing cost
15960,Defense part
15961,There oil
15962,Room stuff
15963,Let child
15964,Take establish
15965,Sing role
15966,College blue
15967,Oil wrong
15968,Team term
15969,Especially account
15970,Happen according
15971,Make catch
15972,Pay the
15973,Think Republican
15974,Movement specific
15975,Chance teach
15976,Nor or
15977,Draw certain
15978,Close choice
15979,Agreement mind
15980,Even this
15981,If figure
15982,Possible discuss
15983,Modern grow
15984,Reflect major
15985,I understand
15986,Perhaps mission
15987,Network lose
15988,Boy few
15989,Drug actually
15990,Prevent true
15991,One create
15992,Forward interview
15993,Tonight concern
15994,Lot involve
15995,Author discussion
15996,Feeling activity
15997,Action without
15998,Treat exist
15999,Back job
16000,Director first
16001,Some talk
16002,Could necessary
16003,Because not
16004,Sign child
16005,Writer apply
16006,Mean eight
16007,Wear student
16008,Research late
16009,Safe approach
16010,Tv under
16011,Last general
16012,Study include
16013,Always recent
16014,Concern piece
16015,Project sister
16016,Support majority
16017,Him coach
16018,Discover line
16019,Letter fill
16020,Inside here
16021,Environmental public
16022,Also fire
16023,Child leader
16024,Share person
16025,Sit both
16026,Inside case
16027,Strategy simply
16028,Everyone later
16029,Suddenly project
16030,Service rate
16031,Of necessary
16032,Situation way
16033,Believe these
16034,Purpose certain
16035,Body show
16036,Data never
16037,Question two
16038,Cover drop
16039,Hundred possible
16040,Cell generation
16041,Data budget
16042,Moment paper
16043,Machine page
16044,Day foreign
16045,Plant town
16046,Remember last
16047,Enough rather
16048,Among scientist
16049,Trip book
16050,Candidate character
16051,Lawyer space
16052,Mother voice
16053,Look outside
16054,Type foot
16055,Head half
16056,Their party
16057,Pm than
16058,Shake study
16059,Discussion approach
16060,Continue visit
16061,Current game
16062,Better what
16063,Board serious
16064,Onto official
16065,Most read
16066,Executive material
16067,Hotel send
16068,Stop south
16069,Magazine big
16070,Along window
16071,Teacher director
16072,Interview better
16073,Indicate sister
16074,Significant sometimes
16075,Build stand
16076,Hard expect
16077,Center low
16078,Speech candidate
16079,Worry determine
16080,American performance
16081,Care her
16082,Fight threat
16083,Success vote
16084,Second either
16085,Bad scene
16086,Usually occur
16087,Put surface
16088,Live student
16089,Trouble sense
16090,Quality chair
16091,Fire magazine
16092,Agreement trade
16093,Three rich
16094,Than special
16095,Box less
16096,Read health
16097,Enjoy can
16098,Mean capital
16099,Modern heavy
16100,Game later
16101,Itself option
16102,Successful answer
16103,Blood good
16104,True important
16105,Particular thought
16106,Early democratic
16107,Mention soon
16108,Now whom
16109,Year charge
16110,Full something
16111,Admit lead
16112,Society finish
16113,Although Mrs
16114,Itself worker
16115,Stuff share
16116,Turn attorney
16117,Indeed teach
16118,Decision student
16119,Across why
16120,Beat main
16121,Message miss
16122,Image protect
16123,Large including
16124,Skill why
16125,Particular environmental
16126,Activity teacher
16127,Soldier stop
16128,Partner race
16129,Suggest prove
16130,Compare company
16131,Ready life
16132,Wrong race
16133,Good key
16134,Weight available
16135,Employee environment
16136,Space thing
16137,Look hope
16138,Without stage
16139,Beat close
16140,Successful necessary
16141,Indeed hear
16142,Entire thousand
16143,Owner film
16144,Garden inside
16145,Trade plan
16146,Both expect
16147,Note heavy
16148,Can glass
16149,Experience realize
16150,Drop among
16151,Action deal
16152,Find affect
16153,Mrs news
16154,Service use
16155,Position network
16156,Power again
16157,Girl option
16158,Ever room
16159,Work early
16160,Bag look
16161,Perhaps book
16162,Strategy commercial
16163,Together mother
16164,Throughout low
16165,Boy state
16166,Clearly with
16167,Land since
16168,Tree PM
16169,Push fine
16170,Away move
16171,Impact image
16172,Help measure
16173,Music push
16174,Leg industry
16175,For simply
16176,She cell
16177,Court create
16178,Budget Democrat
16179,Enough also
16180,Perform in
16181,Health while
16182,Local itself
16183,Single also
16184,Economy building
16185,Recently on
16186,Bank business
16187,Wonder piece
16188,Might agent
16189,Rise ask
16190,Level former
16191,Manage mouth
16192,Present man
16193,Glass me
16194,Successful hit
16195,Through own
16196,Under capital
16197,From apply
16198,Last main
16199,Others feeling
16200,Eye why
16201,Follow teach
16202,Music other
16203,Professional many
16204,Between determine
16205,Body human
16206,Energy base
16207,Worry true
16208,Executive half
16209,Kid sort
16210,Some buy
16211,There who
16212,Truth production
16213,Family young
16214,Away situation
16215,Popular whole
16216,A mouth
16217,Music care
16218,Drive artist
16219,Scientist seem
16220,Against lead
16221,Meet whether
16222,Newspaper magazine
16223,Must small
16224,Official popular
16225,Page dream
16226,Occur network
16227,Among allow
16228,Against herself
16229,Discuss tend
16230,Identify force
16231,Anything deep
16232,Positive own
16233,Loss despite
16234,Reason not
16235,Hot movie
16236,Hope serious
16237,Important happen
16238,Actually third
16239,Will head
16240,Report field
16241,Education town
16242,Only identify
16243,Carry firm
16244,Oil picture
16245,Mother property
16246,Officer east
16247,One language
16248,Sometimes green
16249,Agreement tree
16250,Common conference
16251,Eat agree
16252,Beautiful step
16253,Threat hotel
16254,Food where
16255,Nice its
16256,Detail eye
16257,Pattern resource
16258,Perhaps we
16259,Rest current
16260,Beautiful in
16261,Face material
16262,Bill general
16263,Rule speech
16264,My draw
16265,Probably interview
16266,Account between
16267,Organization open
16268,Alone put
16269,Spring any
16270,Girl environment
16271,Open past
16272,Far be
16273,Light ball
16274,Game from
16275,Later design
16276,Art ever
16277,Policy stand
16278,Beyond brother
16279,Long pretty
16280,Trial open
16281,Day author
16282,Participant senior
16283,Most since
16284,Value truth
16285,Southern onto
16286,Week during
16287,Admit remain
16288,Then friend
16289,Attorney do
16290,Talk become
16291,Building herself
16292,Amount push
16293,Cold career
16294,Center summer
16295,Identify statement
16296,Join reveal
16297,Small huge
16298,Building hand
16299,Whether chance
16300,Talk sure
16301,Near loss
16302,South long
16303,Remember interview
16304,Apply wife
16305,Word cause
16306,Fight college
16307,Would skin
16308,Player set
16309,Herself stay
16310,Worker poor
16311,Mention sign
16312,Hear eight
16313,Risk range
16314,Mind but
16315,Interview represent
16316,Describe car
16317,Thing necessary
16318,Development director
16319,Painting sometimes
16320,Professor when
16321,Explain free
16322,Hear audience
16323,Morning important
16324,Reduce end
16325,Third able
16326,Although court
16327,Suggest machine
16328,Outside enter
16329,Medical moment
16330,Meeting describe
16331,Product where
16332,Hear candidate
16333,Role imagine
16334,Street experience
16335,Pull democratic
16336,Deal PM
16337,Knowledge discover
16338,Travel face
16339,Yet everybody
16340,Side identify
16341,Figure down
16342,Kitchen thank
16343,Check woman
16344,Serious above
16345,Protect force
16346,Technology there
16347,Phone language
16348,East nature
16349,Condition what
16350,Sort specific
16351,Become every
16352,Not beautiful
16353,Parent record
16354,It statement
16355,Fund value
16356,Cover relate
16357,Character anything
16358,Development move
16359,Response year
16360,Practice risk
16361,Within shake
16362,Experience say
16363,Box serve
16364,We such
16365,Have start
16366,Wind name
16367,Risk find
16368,Join instead
16369,Cultural least
16370,Project appear
16371,Learn debate
16372,Military modern
16373,Policy hot
16374,Tonight education
16375,Purpose hard
16376,Carry dream
16377,Free Republican
16378,Perform carry
16379,Coach like
16380,Leave live
16381,Attorney form
16382,Thank ever
16383,Son nothing
16384,Most born
16385,Only only
16386,War produce
16387,Appear reason
16388,Money name
16389,Travel reflect
16390,Member prepare
16391,Per available
16392,News later
16393,Tree read
16394,Born wide
16395,Financial former
16396,Heart when
16397,Certainly skin
16398,Look deep
16399,Animal bank
16400,Ready front
16401,Senior expert
16402,Race from
16403,Election story
16404,Those age
16405,Couple standard
16406,Very believe
16407,Skill trouble
16408,Account program
16409,Doctor might
16410,Beautiful certain
16411,Nor add
16412,Whether imagine
16413,Free already
16414,Would while
16415,Listen score
16416,Suddenly certainly
16417,Home necessary
16418,Threat chair
16419,Never whose
16420,Sing as
16421,Us bed
16422,Lose help
16423,Trouble color
16424,Ago box
16425,Something box
16426,Off analysis
16427,Help he
16428,Phone to
16429,Discussion outside
16430,Bar various
16431,Seat describe
16432,Marriage of
16433,Year build
16434,Me action
16435,Economy activity
16436,Want hundred
16437,Thing happy
16438,Include eight
16439,Community end
16440,Enjoy now
16441,Suggest seem
16442,Subject claim
16443,Pm situation
16444,Truth data
16445,Reality black
16446,Director type
16447,During close
16448,Bad meeting
16449,Say gun
16450,His total
16451,Quality article
16452,Political husband
16453,Upon this
16454,New character
16455,Lose seek
16456,Pay visit
16457,Also in
16458,Election administration
16459,Bar peace
16460,Pattern thing
16461,Its power
16462,Future toward
16463,General billion
16464,Glass growth
16465,Big attorney
16466,Product away
16467,Pretty would
16468,Day parent
16469,Never art
16470,Knowledge heart
16471,Number build
16472,Road argue
16473,This scientist
16474,Tell police
16475,Grow more
16476,Artist green
16477,Husband option
16478,Question suddenly
16479,Federal sit
16480,Blue then
16481,Step letter
16482,Letter society
16483,Seven goal
16484,Idea thought
16485,Sign white
16486,Seat over
16487,Ball they
16488,Long member
16489,Group this
16490,Business stop
16491,Check choose
16492,Grow control
16493,Second determine
16494,Would yet
16495,Challenge interesting
16496,Glass blood
16497,Admit before
16498,Reduce officer
16499,Stage top
16500,Day newspaper
16501,There card
16502,Money family
16503,Threat floor
16504,Century listen
16505,Turn law
16506,Allow traditional
16507,Represent experience
16508,Science order
16509,Which understand
16510,Send during
16511,International treat
16512,Wish to
16513,Close experience
16514,President grow
16515,Expect commercial
16516,Staff fear
16517,Maintain available
16518,Law high
16519,Only where
16520,Wonder hear
16521,Mrs be
16522,Customer nor
16523,Choose full
16524,Heavy design
16525,Student office
16526,Between black
16527,Computer young
16528,Stand would
16529,Focus various
16530,Beat tough
16531,Source life
16532,Option do
16533,Decision about
16534,Difference third
16535,Very sort
16536,If important
16537,Rest value
16538,Bed often
16539,Recently determine
16540,Instead policy
16541,Easy around
16542,Friend explain
16543,Buy book
16544,Follow current
16545,Cultural still
16546,Across item
16547,Difference cup
16548,Maintain loss
16549,Time speak
16550,Foreign never
16551,Blue author
16552,Say population
16553,Environment kitchen
16554,Attack woman
16555,Base American
16556,Despite class
16557,Information child
16558,Hear including
16559,Hair account
16560,Investment very
16561,That stage
16562,Technology want
16563,Next role
16564,Hour economic
16565,Both medical
16566,Safe recently
16567,Certain manager
16568,Indicate letter
16569,Region article
16570,Thing hard
16571,Eye believe
16572,I school
16573,About money
16574,Authority once
16575,Everybody foot
16576,Painting down
16577,Together same
16578,Rate former
16579,Heart fear
16580,Recently stay
16581,Popular stay
16582,Political choice
16583,Stage fire
16584,Order young
16585,Mrs girl
16586,Like save
16587,Well through
16588,Personal our
16589,Rock require
16590,Get since
16591,Nor now
16592,Answer choice
16593,Employee least
16594,Pm real
16595,Note music
16596,Themselves half
16597,Tree usually
16598,Concern position
16599,Policy message
16600,Yourself usually
16601,Reveal part
16602,Speak my
16603,Degree himself
16604,Tough firm
16605,Thing alone
16606,Buy tough
16607,Trade soon
16608,Wall player
16609,Place hand
16610,Discussion yet
16611,Open condition
16612,Though everyone
16613,Main director
16614,Machine walk
16615,Enter yes
16616,High million
16617,Rather painting
16618,Air side
16619,Hit possible
16620,Get show
16621,Image share
16622,Reflect should
16623,Budget site
16624,Show easy
16625,Song court
16626,Lay last
16627,Participant everything
16628,Green small
16629,Page nor
16630,Speak easy
16631,Move individual
16632,Money explain
16633,Democratic make
16634,Education clear
16635,Issue cost
16636,Mean the
16637,Occur long
16638,Point far
16639,Cut guy
16640,Across technology
16641,With toward
16642,Decide trip
16643,Ahead computer
16644,Suffer Congress
16645,Maintain result
16646,Likely practice
16647,Name worry
16648,Sometimes as
16649,Gun but
16650,Value happy
16651,Road game
16652,Provide mean
16653,Majority reveal
16654,Allow film
16655,Notice personal
16656,Similar catch
16657,Onto special
16658,Discover yeah
16659,Now current
16660,Believe effect
16661,Most figure
16662,Debate certainly
16663,Half wall
16664,Heart enough
16665,Star human
16666,Hospital note
16667,Cultural nation
16668,Whole which
16669,Project position
16670,Sea beautiful
16671,Theory explain
16672,Visit maybe
16673,Bad culture
16674,Activity list
16675,So car
16676,Although agent
16677,Administration remain
16678,Career up
16679,Fight quality
16680,Around during
16681,Unit sport
16682,Yard push
16683,Task per
16684,Worker offer
16685,Individual sort
16686,Evening official
16687,Together image
16688,Central blue
16689,Race pretty
16690,Anyone word
16691,Concern identify
16692,Reflect peace
16693,Become rise
16694,Popular bit
16695,Left there
16696,Agency agree
16697,Debate including
16698,Thought ball
16699,Visit owner
16700,Usually home
16701,Director form
16702,Instead play
16703,Customer action
16704,Process third
16705,Age surface
16706,Question family
16707,Despite from
16708,Strategy fish
16709,Watch card
16710,Issue term
16711,Make family
16712,Traditional address
16713,Behind run
16714,His move
16715,Church technology
16716,Movement later
16717,Seek guess
16718,Base career
16719,Work level
16720,Wear argue
16721,Visit reason
16722,Successful every
16723,Or market
16724,Assume view
16725,President future
16726,Point company
16727,Where media
16728,Drive explain
16729,Once deep
16730,Debate oil
16731,Upon deep
16732,Somebody interview
16733,Such civil
16734,Art forward
16735,Board fine
16736,Report discover
16737,Body western
16738,While day
16739,Drug boy
16740,Probably science
16741,Same rule
16742,Admit as
16743,Anyone page
16744,Building local
16745,Describe campaign
16746,Which scene
16747,Perform start
16748,His open
16749,Network list
16750,Appear ten
16751,Beat sister
16752,Study end
16753,Trip ever
16754,People job
16755,Town then
16756,Add study
16757,Hit phone
16758,Quite lead
16759,And small
16760,Show sign
16761,Service join
16762,Early product
16763,Three wonder
16764,Majority bank
16765,Phone cultural
16766,Election career
16767,Mind citizen
16768,Growth represent
16769,Apply head
16770,Tonight manage
16771,Their firm
16772,Fight only
16773,Near ability
16774,Member environment
16775,Control international
16776,Three score
16777,Fall blood
16778,Natural else
16779,High strategy
16780,Like above
16781,Three deep
16782,Nearly father
16783,Garden most
16784,Thousand oil
16785,Say mission
16786,Despite career
16787,Kitchen increase
16788,Wish carry
16789,Soon service
16790,Several he
16791,Cup method
16792,Entire find
16793,Act law
16794,Minute black
16795,Discuss moment
16796,These let
16797,Small water
16798,Economic exist
16799,Whom special
16800,Fly along
16801,Need large
16802,Attack model
16803,Safe administration
16804,Culture he
16805,Phone box
16806,Maybe back
16807,Tax hold
16808,Do five
16809,Enter future
16810,Task boy
16811,Trade crime
16812,Some building
16813,Cell cold
16814,Always over
16815,Wall rather
16816,Dark poor
16817,Point wear
16818,Price money
16819,Environment up
16820,Make at
16821,Land evidence
16822,Bad example
16823,Possible state
16824,Yard safe
16825,Return almost
16826,Difficult seven
16827,Small case
16828,Guess man
16829,Marriage stock
16830,Tonight thank
16831,Yeah media
16832,Eat service
16833,Husband authority
16834,House manager
16835,Good begin
16836,Enter generation
16837,Product gas
16838,Themselves artist
16839,Few officer
16840,Gas worry
16841,Along eight
16842,Instead as
16843,Oil ahead
16844,Past performance
16845,Four lay
16846,Main lot
16847,Respond writer
16848,Single enjoy
16849,Reflect air
16850,Resource see
16851,Far senior
16852,Choice because
16853,Total simple
16854,Strategy morning
16855,Throw tell
16856,Everything any
16857,Per generation
16858,Office crime
16859,Floor night
16860,Republican player
16861,With ever
16862,Rather type
16863,Future he
16864,Yard concern
16865,Show like
16866,Much little
16867,She could
16868,System then
16869,Thus friend
16870,Actually way
16871,Line phone
16872,Have run
16873,Gun kind
16874,Without question
16875,Notice serve
16876,Wall organization
16877,Likely pay
16878,Whose drug
16879,Western full
16880,Least fish
16881,Little I
16882,Law girl
16883,Activity just
16884,Dinner television
16885,Kind she
16886,Door simple
16887,Water bar
16888,Too early
16889,International affect
16890,Describe simple
16891,When me
16892,Real across
16893,Whole bill
16894,Imagine indeed
16895,Agency so
16896,Kind at
16897,Prevent financial
16898,Property so
16899,But third
16900,Become fight
16901,Final against
16902,Treat by
16903,Pretty range
16904,Pressure get
16905,Staff fly
16906,Perform almost
16907,Television kid
16908,Company bring
16909,State build
16910,Cold material
16911,None rule
16912,Produce bill
16913,Everyone condition
16914,Reality piece
16915,Physical rather
16916,Cut whatever
16917,Item every
16918,Gun pull
16919,Couple establish
16920,Speech economic
16921,Would reveal
16922,Very remember
16923,Act organization
16924,Individual interview
16925,Another head
16926,Green organization
16927,Commercial rise
16928,Business available
16929,Data none
16930,Scene certainly
16931,Current away
16932,Its pretty
16933,Open mission
16934,Put race
16935,Door reduce
16936,Hundred member
16937,Born region
16938,Point military
16939,Theory report
16940,Goal baby
16941,Church play
16942,Position face
16943,Able plan
16944,Body along
16945,Save budget
16946,Or near
16947,Kid simple
16948,Service minute
16949,Author rise
16950,Address decade
16951,Side set
16952,Star our
16953,His recent
16954,Toward name
16955,Always show
16956,Organization apply
16957,Enough conference
16958,Rock than
16959,Television him
16960,Several unit
16961,Task day
16962,Between bit
16963,Agency into
16964,Perhaps field
16965,Republican radio
16966,Tonight we
16967,Soldier travel
16968,Again authority
16969,Indeed involve
16970,Sure who
16971,Hope themselves
16972,Age great
16973,Prove it
16974,Civil case
16975,Ground enough
16976,Line their
16977,Young assume
16978,Notice investment
16979,Design painting
16980,Once out
16981,Learn chance
16982,True recent
16983,Tv create
16984,Why upon
16985,Recent vote
16986,Go respond
16987,What others
16988,All anything
16989,Culture could
16990,Her argue
16991,Kind cup
16992,Amount feeling
16993,Thing another
16994,Run against
16995,Week yeah
16996,Mission game
16997,Child good
16998,Four force
16999,Course control
17000,Once pick
17001,Another huge
17002,Concern marriage
17003,South at
17004,Especially order
17005,Person account
17006,Example light
17007,Ok discussion
17008,Final without
17009,Herself owner
17010,Tough too
17011,Important threat
17012,Sound risk
17013,Democratic board
17014,Campaign example
17015,Beautiful her
17016,Policy so
17017,Sit start
17018,Arm quickly
17019,Often other
17020,Probably different
17021,Star country
17022,Hit friend
17023,Report forward
17024,Maintain happy
17025,Gun sell
17026,When clear
17027,Hold international
17028,White worker
17029,City health
17030,Behind particularly
17031,Movie friend
17032,Professional town
17033,Picture represent
17034,Build leave
17035,Approach cut
17036,Occur call
17037,Almost democratic
17038,Business reflect
17039,Person Democrat
17040,Break across
17041,Green high
17042,Matter whatever
17043,Other baby
17044,Particularly budget
17045,Town time
17046,Meet write
17047,Study break
17048,Little idea
17049,Cultural under
17050,Mind true
17051,Find end
17052,Include military
17053,Rich account
17054,Shoulder let
17055,Teach onto
17056,Spend house
17057,Body up
17058,Safe myself
17059,Country send
17060,Mission collection
17061,Manage life
17062,Never nature
17063,Effect member
17064,Determine wrong
17065,Reduce already
17066,Note education
17067,Radio record
17068,Buy company
17069,Believe theory
17070,Five garden
17071,Or money
17072,Price campaign
17073,Reason dog
17074,Model world
17075,Green forget
17076,Good manage
17077,Commercial doctor
17078,Those measure
17079,Commercial race
17080,Success student
17081,Grow model
17082,Foot situation
17083,Set relationship
17084,Government for
17085,Plant story
17086,Old security
17087,Fish born
17088,Likely maintain
17089,Loss open
17090,Show think
17091,Billion director
17092,Eye Congress
17093,Item make
17094,Station customer
17095,Area seek
17096,Technology between
17097,Camera because
17098,Myself possible
17099,Real church
17100,Wish whom
17101,Might look
17102,Player maintain
17103,Drop skin
17104,Explain system
17105,Model necessary
17106,Organization such
17107,Attack course
17108,Laugh task
17109,Foot run
17110,Another food
17111,Fact road
17112,Mr week
17113,Quite let
17114,Board feeling
17115,Choice accept
17116,Adult there
17117,She north
17118,Defense drug
17119,Value player
17120,Center condition
17121,Control action
17122,Particularly lawyer
17123,Level carry
17124,Bar difference
17125,Pull personal
17126,Push ahead
17127,Certain much
17128,Use rock
17129,Better itself
17130,Now coach
17131,Plan cover
17132,Exactly include
17133,Throughout pick
17134,Word box
17135,Suddenly concern
17136,Feeling movement
17137,Surface room
17138,Left present
17139,Order bill
17140,Whom try
17141,Of idea
17142,Strong here
17143,Reach probably
17144,Year audience
17145,Down forget
17146,Care voice
17147,Difference sometimes
17148,According personal
17149,Agent sit
17150,Industry view
17151,Laugh scientist
17152,Successful either
17153,Cover safe
17154,Mother deep
17155,Beyond officer
17156,Lose cause
17157,Consider get
17158,Else star
17159,Form send
17160,Medical seem
17161,Wait child
17162,According join
17163,Sort my
17164,Guy tend
17165,Activity which
17166,Too loss
17167,Left set
17168,Black two
17169,Upon enough
17170,Office only
17171,Soon push
17172,Role husband
17173,Property crime
17174,Anyone each
17175,Economy discuss
17176,Student employee
17177,Police fly
17178,Professor change
17179,And one
17180,Sister happy
17181,So property
17182,Break what
17183,Player visit
17184,Spend throughout
17185,Mrs gun
17186,Side stage
17187,His film
17188,Where country
17189,Exist value
17190,Do baby
17191,Two truth
17192,Again language
17193,Affect perform
17194,Lot figure
17195,Quite eight
17196,Water of
17197,High vote
17198,Study store
17199,Partner wrong
17200,Dinner offer
17201,Challenge music
17202,Want box
17203,Break total
17204,Away doctor
17205,Risk benefit
17206,Training bed
17207,People control
17208,Along help
17209,Animal sport
17210,Whatever understand
17211,Save plant
17212,Interesting at
17213,Military stage
17214,Local quickly
17215,Whatever middle
17216,Section dog
17217,Decision mission
17218,Bank total
17219,Baby traditional
17220,Decision occur
17221,Everything though
17222,Age although
17223,Individual old
17224,Shake thought
17225,Model space
17226,Main expert
17227,Mind charge
17228,Technology yeah
17229,Stand major
17230,One we
17231,Health wife
17232,Truth available
17233,Serve these
17234,Machine over
17235,Still bank
17236,Teach raise
17237,East adult
17238,Public other
17239,Find main
17240,Probably course
17241,Art check
17242,Thought fall
17243,Focus trip
17244,Operation laugh
17245,Size central
17246,Difficult turn
17247,This bed
17248,Worker sea
17249,Military quality
17250,Forget late
17251,Able wind
17252,Fine voice
17253,I red
17254,Recognize participant
17255,Security throw
17256,Couple story
17257,Join central
17258,Experience impact
17259,Win scene
17260,Where hold
17261,Cover follow
17262,Authority then
17263,Second level
17264,Seem main
17265,Join soon
17266,Support today
17267,Spring method
17268,Medical law
17269,Likely color
17270,Evidence structure
17271,About talk
17272,Card future
17273,Career born
17274,Provide city
17275,Far travel
17276,Radio beyond
17277,Pull everything
17278,Opportunity measure
17279,Skill show
17280,Issue type
17281,Hot page
17282,Visit court
17283,Fight trouble
17284,Foreign throw
17285,Along heart
17286,Morning move
17287,Wrong beyond
17288,Level partner
17289,Public game
17290,Each cost
17291,Like serve
17292,Board cup
17293,Very magazine
17294,Month laugh
17295,Plant operation
17296,Travel better
17297,Wish make
17298,Behind couple
17299,Class white
17300,Onto fast
17301,Medical prove
17302,Recognize follow
17303,Network song
17304,Wait one
17305,Reach floor
17306,Let spend
17307,Consumer player
17308,Deal two
17309,Allow then
17310,Bar system
17311,Young discover
17312,Receive very
17313,Style black
17314,Customer sometimes
17315,Most respond
17316,Place major
17317,Garden pay
17318,Education pressure
17319,Budget how
17320,Free campaign
17321,Money above
17322,Without modern
17323,Respond much
17324,Focus surface
17325,Opportunity fall
17326,Try she
17327,Ok good
17328,Foreign dark
17329,Reach fire
17330,Gun radio
17331,Information heavy
17332,Bill couple
17333,Response her
17334,Ago or
17335,Every when
17336,No just
17337,Hand little
17338,Week adult
17339,Friend mean
17340,Establish official
17341,Exist table
17342,Before ahead
17343,Window skin
17344,Degree recognize
17345,Young black
17346,Seem culture
17347,Medical best
17348,Friend couple
17349,Yard since
17350,Create certain
17351,Idea the
17352,Crime view
17353,Education bring
17354,World reach
17355,Be model
17356,Think recent
17357,Parent issue
17358,Push cause
17359,Message blue
17360,Organization get
17361,Table listen
17362,Final prevent
17363,Much hour
17364,Program low
17365,It generation
17366,Final get
17367,Task air
17368,Practice quite
17369,Pass star
17370,Its situation
17371,Bring usually
17372,Room laugh
17373,Claim marriage
17374,Item speech
17375,Guess west
17376,Everybody artist
17377,Job camera
17378,Coach type
17379,Since degree
17380,Attack administration
17381,Raise training
17382,Address book
17383,Far loss
17384,Time let
17385,Language culture
17386,Discussion interest
17387,Religious want
17388,Special president
17389,Huge even
17390,Religious case
17391,Edge grow
17392,Product radio
17393,Sense deep
17394,Free tonight
17395,News third
17396,Quite capital
17397,Record wind
17398,Result sound
17399,Lay through
17400,Lead former
17401,Anything cultural
17402,Including cause
17403,Radio last
17404,Edge small
17405,Group impact
17406,Between line
17407,Need respond
17408,Around event
17409,Seat manager
17410,It suddenly
17411,Action table
17412,Off clear
17413,War claim
17414,Pick say
17415,Improve clearly
17416,Space threat
17417,Democratic region
17418,Leader write
17419,Note yard
17420,Everyone scene
17421,Recent he
17422,Develop research
17423,Between few
17424,Almost view
17425,Go else
17426,Evening another
17427,Born here
17428,Huge trouble
17429,Near get
17430,Wonder travel
17431,Offer seven
17432,Foot high
17433,Bill few
17434,Structure total
17435,West mouth
17436,Someone themselves
17437,Machine join
17438,Hold mind
17439,Real again
17440,Letter past
17441,Defense hotel
17442,Traditional many
17443,Beyond nearly
17444,Week newspaper
17445,Describe sport
17446,Cultural story
17447,Approach series
17448,Medical green
17449,Per throughout
17450,Up reason
17451,Trade car
17452,Person feel
17453,Draw food
17454,Relationship daughter
17455,Because cold
17456,Fast pass
17457,Rise organization
17458,Medical travel
17459,System myself
17460,Child laugh
17461,Contain get
17462,One table
17463,Crime must
17464,Best responsibility
17465,Before toward
17466,Wait sign
17467,Necessary doctor
17468,Although nation
17469,More protect
17470,Above away
17471,Can water
17472,Yes suffer
17473,Generation eight
17474,Check opportunity
17475,Admit data
17476,Protect Mr
17477,Benefit last
17478,Stock small
17479,Follow story
17480,Citizen ground
17481,Room information
17482,Crime piece
17483,Will religious
17484,Mouth cost
17485,Sign else
17486,Red accept
17487,Rule age
17488,Improve night
17489,Happy trade
17490,Realize Republican
17491,Also like
17492,College hand
17493,Five alone
17494,Very international
17495,Clearly thought
17496,Side important
17497,Tv after
17498,Kitchen great
17499,The product
17500,East company
17501,Ago sure
17502,Know so
17503,Soon plan
17504,Region capital
17505,Recently bank
17506,Reflect feeling
17507,Space offer
17508,Third per
17509,Under yet
17510,Enjoy reach
17511,Recently military
17512,Present your
17513,Make religious
17514,Bed worry
17515,Fill day
17516,Participant bring
17517,Year better
17518,Full choice
17519,Over family
17520,Walk but
17521,Week civil
17522,Food five
17523,Responsibility tell
17524,Tonight most
17525,Fund fly
17526,Woman social
17527,Song full
17528,Hard wide
17529,Woman lot
17530,Western system
17531,Else administration
17532,Question cell
17533,Protect upon
17534,Have star
17535,Run fear
17536,Star both
17537,Figure magazine
17538,Force rest
17539,Professional leg
17540,Sort education
17541,Court each
17542,Everybody or
17543,Final serve
17544,Free bill
17545,Resource card
17546,Order itself
17547,True drop
17548,Tax I
17549,Bank nothing
17550,Play career
17551,Fill firm
17552,Build must
17553,Part town
17554,By light
17555,Study society
17556,Can model
17557,First sing
17558,Ten nearly
17559,Bar rich
17560,Machine operation
17561,Cell past
17562,Data market
17563,They check
17564,Decision reason
17565,Institution draw
17566,Catch staff
17567,Available consider
17568,History might
17569,Wind discussion
17570,Ago form
17571,Beat investment
17572,Message least
17573,Throughout degree
17574,Body money
17575,This art
17576,Yeah movie
17577,General color
17578,Open ever
17579,Together change
17580,Speak away
17581,Carry clearly
17582,Face program
17583,Back example
17584,Baby type
17585,Focus our
17586,Reason perform
17587,Modern few
17588,Threat prepare
17589,Real picture
17590,Those expect
17591,Consider watch
17592,Them southern
17593,National action
17594,Friend least
17595,Line race
17596,Sell rock
17597,Teacher decade
17598,Commercial drug
17599,Form expect
17600,Accept everyone
17601,Source his
17602,Stop recognize
17603,Finally society
17604,Operation company
17605,For word
17606,Resource save
17607,What example
17608,Term same
17609,Matter authority
17610,Interest special
17611,Your may
17612,Able ever
17613,Box model
17614,Wide mention
17615,Base able
17616,Certainly gas
17617,Peace eight
17618,Institution worker
17619,Effect friend
17620,Must whole
17621,Play this
17622,Deep enter
17623,Color seem
17624,Our serve
17625,Assume responsibility
17626,Crime nor
17627,Difficult point
17628,Quickly season
17629,Information guess
17630,First development
17631,Possible of
17632,Anyone mouth
17633,Behavior free
17634,Raise significant
17635,Tell edge
17636,Question feel
17637,Store shake
17638,Social might
17639,Believe stock
17640,While pass
17641,Each hot
17642,Become open
17643,Focus network
17644,Soon amount
17645,Table prove
17646,Dream beat
17647,Sea couple
17648,Cover recently
17649,Shoulder appear
17650,Teach beyond
17651,Nice American
17652,Begin charge
17653,Action soon
17654,Mean subject
17655,Two each
17656,Indeed with
17657,Election day
17658,Thought husband
17659,Better bank
17660,Goal successful
17661,Threat section
17662,Kitchen matter
17663,Concern sort
17664,Bad increase
17665,But tough
17666,Service building
17667,Keep student
17668,Sense that
17669,Space role
17670,Without newspaper
17671,Tv evening
17672,Happen lawyer
17673,Also prepare
17674,Blue shoulder
17675,Present free
17676,Later look
17677,Soon on
17678,For reflect
17679,Call cut
17680,Idea sport
17681,During everybody
17682,Write decade
17683,Rather firm
17684,Suddenly person
17685,Couple care
17686,Degree experience
17687,Success teach
17688,Produce certainly
17689,Whether cover
17690,Outside economic
17691,Artist deal
17692,Key throw
17693,Speech task
17694,Figure prepare
17695,Simple thing
17696,Challenge floor
17697,Event probably
17698,Memory speech
17699,Investment four
17700,Under hand
17701,Eight bag
17702,Want bar
17703,Might feeling
17704,Green course
17705,Child notice
17706,Physical change
17707,Direction approach
17708,Much should
17709,Project shoulder
17710,Tv must
17711,Citizen politics
17712,Environment ever
17713,Opportunity war
17714,Event responsibility
17715,Claim catch
17716,Card travel
17717,None from
17718,Lead light
17719,Order us
17720,Serve itself
17721,Decision president
17722,Marriage close
17723,Much practice
17724,Until action
17725,Organization dog
17726,Social what
17727,My hour
17728,Ahead wife
17729,Senior culture
17730,Beat performance
17731,Country none
17732,Activity sometimes
17733,Foreign security
17734,Inside common
17735,Live chance
17736,Challenge simply
17737,Low risk
17738,Yeah again
17739,Car church
17740,Through culture
17741,Allow lay
17742,Treatment themselves
17743,Our detail
17744,Off if
17745,Whose particularly
17746,Defense heart
17747,Cut public
17748,Special they
17749,More marriage
17750,Risk activity
17751,Save baby
17752,Push need
17753,Bill along
17754,Shake increase
17755,Direction film
17756,Business student
17757,Sing feel
17758,Important have
17759,Behavior article
17760,Memory lay
17761,Myself campaign
17762,Group word
17763,Cold out
17764,Take college
17765,Finish interview
17766,Whether machine
17767,Majority social
17768,Camera simple
17769,Add building
17770,Simple rule
17771,Western wife
17772,Eight describe
17773,One safe
17774,Red next
17775,Statement party
17776,Day value
17777,Position me
17778,Newspaper leg
17779,Great idea
17780,Gas determine
17781,Why plant
17782,Radio market
17783,Try article
17784,Operation alone
17785,From hospital
17786,High medical
17787,Style learn
17788,Deal name
17789,Fight past
17790,Professor thousand
17791,Reality rock
17792,Service even
17793,Mrs option
17794,We our
17795,Ability push
17796,Forward ago
17797,Field appear
17798,However fund
17799,Support and
17800,Each town
17801,Identify mouth
17802,Check pay
17803,Rate assume
17804,Long whole
17805,Example red
17806,Party value
17807,Model ago
17808,Speak person
17809,Really late
17810,Worker respond
17811,Fine room
17812,Raise suggest
17813,Carry rest
17814,Enjoy before
17815,Trial street
17816,Figure thought
17817,A left
17818,Foreign recognize
17819,List add
17820,Western sing
17821,Eight art
17822,Mean sing
17823,Point pick
17824,Which accept
17825,Place gun
17826,Task hair
17827,Should fight
17828,Soldier quite
17829,View product
17830,Appear sometimes
17831,Sense reason
17832,Although because
17833,Plant hundred
17834,Write option
17835,Among responsibility
17836,Near eight
17837,Position sure
17838,Together walk
17839,Off more
17840,Final its
17841,Design easy
17842,Try pretty
17843,Member station
17844,Decide meeting
17845,On usually
17846,Thing skill
17847,Produce apply
17848,Travel dog
17849,About factor
17850,Better face
17851,Most show
17852,Threat mission
17853,Prepare official
17854,Rich girl
17855,Worry design
17856,Foreign tonight
17857,Word nothing
17858,Guess politics
17859,City new
17860,Become knowledge
17861,Serious number
17862,Think adult
17863,Interview give
17864,Practice ask
17865,Miss others
17866,Stand enough
17867,Pay energy
17868,Full song
17869,Major trouble
17870,Every computer
17871,Range join
17872,Short lawyer
17873,Ahead let
17874,Movement modern
17875,Debate usually
17876,Draw wall
17877,Must low
17878,Cost power
17879,Indeed try
17880,Need guess
17881,Bring bad
17882,Term describe
17883,Early choice
17884,Discussion group
17885,Final film
17886,Budget wrong
17887,Determine mean
17888,Site issue
17889,Sea not
17890,Room we
17891,Adult page
17892,Mission sure
17893,Toward Republican
17894,Professional significant
17895,Prove thank
17896,Education serious
17897,Represent foreign
17898,Level drug
17899,State trouble
17900,Billion beautiful
17901,Out challenge
17902,Establish camera
17903,First follow
17904,Seem nearly
17905,Nature them
17906,Yourself clear
17907,Image yard
17908,Option director
17909,Message young
17910,Maintain woman
17911,Popular still
17912,Heart recognize
17913,Follow describe
17914,Image action
17915,Offer most
17916,All important
17917,Understand increase
17918,Easy goal
17919,Past hope
17920,Sit people
17921,Find she
17922,Help laugh
17923,Expert describe
17924,Leave phone
17925,Part executive
17926,Scientist list
17927,Prove writer
17928,Become get
17929,Because prepare
17930,Election price
17931,Card system
17932,Door without
17933,Order toward
17934,Include know
17935,Leave bit
17936,Surface focus
17937,Home provide
17938,Type whom
17939,Truth indicate
17940,Usually upon
17941,Study detail
17942,Ahead understand
17943,Let issue
17944,Almost sister
17945,Politics rate
17946,Leg red
17947,Million idea
17948,Focus home
17949,How class
17950,Blue and
17951,Good far
17952,Might manager
17953,Agreement reason
17954,Activity year
17955,Feel design
17956,Cover value
17957,Fund blood
17958,Figure understand
17959,Experience computer
17960,Education exactly
17961,Owner into
17962,Front conference
17963,Responsibility air
17964,Practice remain
17965,Might control
17966,Box guess
17967,Arm learn
17968,Tough activity
17969,Ahead animal
17970,Want name
17971,Difference sell
17972,Hour he
17973,Energy nature
17974,Hear exactly
17975,Maintain guess
17976,Probably force
17977,Produce child
17978,Owner try
17979,Shoulder federal
17980,Adult cup
17981,Find nearly
17982,Single require
17983,East room
17984,Money anything
17985,Task might
17986,New letter
17987,Performance mother
17988,Bill paper
17989,Natural feeling
17990,Too mean
17991,Strong person
17992,Issue recently
17993,Another image
17994,Least fill
17995,Close very
17996,Analysis region
17997,Morning there
17998,Around and
17999,Need be
18000,Simple possible
18001,Government gas
18002,Leave camera
18003,Collection image
18004,See growth
18005,Nor financial
18006,Science as
18007,They sense
18008,My international
18009,Decision white
18010,Able serve
18011,Control story
18012,Beautiful building
18013,Church front
18014,Lead ever
18015,Soldier affect
18016,Early explain
18017,Gas us
18018,Which compare
18019,Want economic
18020,Various prepare
18021,Lead shoulder
18022,So describe
18023,Join stage
18024,Nor media
18025,Around concern
18026,Store important
18027,Model inside
18028,Why between
18029,Old tax
18030,Clear yeah
18031,Place finally
18032,Agent well
18033,Than amount
18034,Music night
18035,Ago open
18036,Call score
18037,Natural phone
18038,Growth task
18039,Large well
18040,Growth worker
18041,Rate term
18042,Take state
18043,Young police
18044,Network despite
18045,Car may
18046,Kid soon
18047,This instead
18048,List response
18049,Several share
18050,Kitchen PM
18051,Serious try
18052,Their environmental
18053,Building in
18054,Daughter care
18055,Government itself
18056,Play movie
18057,Born growth
18058,Discover part
18059,Program us
18060,Doctor cover
18061,Draw respond
18062,Memory majority
18063,Several cup
18064,Certainly miss
18065,News apply
18066,Western order
18067,Small current
18068,The activity
18069,Matter consider
18070,Such energy
18071,Bag bring
18072,Look if
18073,Never past
18074,Pay challenge
18075,Work economy
18076,Analysis occur
18077,Cell successful
18078,Prepare car
18079,Apply peace
18080,Reduce cut
18081,Nothing southern
18082,Green position
18083,Much show
18084,Most remain
18085,Away road
18086,Tv artist
18087,Race every
18088,May letter
18089,Trouble black
18090,Animal card
18091,Thus guy
18092,Light as
18093,That difficult
18094,Operation gun
18095,Quickly media
18096,Civil care
18097,The collection
18098,Life visit
18099,Career bit
18100,Collection spend
18101,Recent foot
18102,Too face
18103,Report example
18104,Happen fill
18105,Step against
18106,Stop agency
18107,Final while
18108,Civil much
18109,Behavior my
18110,Article fund
18111,Wear involve
18112,Avoid point
18113,Series to
18114,Company age
18115,How oil
18116,Wall become
18117,Tend positive
18118,Call not
18119,Him someone
18120,Remain age
18121,Fund smile
18122,Either day
18123,Nature blood
18124,Low art
18125,Budget lawyer
18126,Simply central
18127,Citizen picture
18128,Catch explain
18129,Past those
18130,Daughter class
18131,Beat public
18132,Property beyond
18133,Reflect yeah
18134,Decision chance
18135,Expert practice
18136,Table computer
18137,Back decade
18138,Protect science
18139,Case force
18140,Century sister
18141,Show where
18142,Sound discover
18143,Of local
18144,Machine political
18145,Letter social
18146,Firm sound
18147,Pattern education
18148,Dark why
18149,Score room
18150,North without
18151,Spend character
18152,Always yourself
18153,When research
18154,Price down
18155,Apply nice
18156,Campaign agreement
18157,Reality top
18158,Speak go
18159,Always finally
18160,Month sing
18161,Lead part
18162,Matter game
18163,Skill security
18164,Pressure force
18165,Individual list
18166,Dog avoid
18167,Whom activity
18168,Drug again
18169,Rich culture
18170,Traditional nothing
18171,Better west
18172,Necessary exist
18173,Very letter
18174,Offer believe
18175,Create fill
18176,Toward same
18177,Political or
18178,Outside all
18179,Provide his
18180,Increase hundred
18181,Sort cold
18182,Paper require
18183,Look nature
18184,Maybe each
18185,Kind song
18186,Participant agree
18187,Exist treatment
18188,Who parent
18189,What sit
18190,Wait old
18191,Generation reflect
18192,People per
18193,However thus
18194,Real pick
18195,Data huge
18196,Trade kid
18197,Night case
18198,Suddenly year
18199,Religious certain
18200,Recent themselves
18201,Quality science
18202,As shoulder
18203,Beyond need
18204,North poor
18205,Pull skin
18206,Beat use
18207,Food tonight
18208,Out hour
18209,Phone then
18210,Outside image
18211,Eight she
18212,Five sister
18213,Mouth want
18214,Goal economic
18215,Else beautiful
18216,Baby southern
18217,Could threat
18218,Agency western
18219,Today clearly
18220,Animal trade
18221,Face run
18222,Player bit
18223,Personal perform
18224,Once class
18225,Visit describe
18226,Cover official
18227,Her anything
18228,Media tend
18229,Lose office
18230,Development list
18231,Theory break
18232,Ask moment
18233,Artist third
18234,Rise modern
18235,Fact rich
18236,Their hair
18237,Country score
18238,Hear son
18239,Fear face
18240,Protect year
18241,Personal policy
18242,Range environment
18243,Summer newspaper
18244,Interview approach
18245,Stand know
18246,With agreement
18247,On attorney
18248,Take likely
18249,Along suggest
18250,Compare let
18251,Grow tonight
18252,Wonder necessary
18253,Per image
18254,Station brother
18255,Rather effect
18256,Drive past
18257,Usually will
18258,Garden mention
18259,Surface teacher
18260,Recently old
18261,Standard federal
18262,Performance sign
18263,Know consider
18264,Forward modern
18265,Huge everybody
18266,Record level
18267,Painting threat
18268,Collection rock
18269,Figure such
18270,Out star
18271,Explain bank
18272,Pick protect
18273,Trial next
18274,Challenge area
18275,Each wait
18276,Expect blood
18277,Accept example
18278,Stock least
18279,Security fill
18280,Company service
18281,Station military
18282,Meet week
18283,Smile summer
18284,Well character
18285,Expert agreement
18286,Ground positive
18287,Rule yet
18288,Add big
18289,Piece detail
18290,Serious benefit
18291,Guy everybody
18292,Majority color
18293,Food less
18294,Computer recent
18295,Between back
18296,Start there
18297,Actually several
18298,Ever either
18299,Same foot
18300,Final walk
18301,Practice conference
18302,Particularly concern
18303,Itself none
18304,Cost discover
18305,Bring prepare
18306,Page article
18307,Evening state
18308,Study quite
18309,Performance risk
18310,Country cover
18311,Enough they
18312,Become assume
18313,Race gun
18314,Later measure
18315,Entire kitchen
18316,Six individual
18317,National up
18318,Anyone brother
18319,Century most
18320,Response have
18321,Enough nice
18322,Camera piece
18323,Scene performance
18324,Focus control
18325,Cover security
18326,Near building
18327,Imagine animal
18328,Try list
18329,Lawyer resource
18330,Purpose speak
18331,Grow property
18332,Figure me
18333,Rest never
18334,During discussion
18335,Top behind
18336,Matter their
18337,Current sister
18338,Million once
18339,Walk building
18340,Feel race
18341,Personal series
18342,Why fish
18343,Third lose
18344,Eat financial
18345,Us nature
18346,Others through
18347,Rate arm
18348,However light
18349,Total himself
18350,Bill foreign
18351,Around our
18352,Car cold
18353,Including economy
18354,This own
18355,Win than
18356,Stage tree
18357,Defense bad
18358,Begin candidate
18359,Bring conference
18360,Increase people
18361,He law
18362,Nice situation
18363,Audience method
18364,Girl street
18365,With course
18366,Outside alone
18367,System thousand
18368,Pay three
18369,Agree from
18370,Art brother
18371,Laugh bag
18372,Through piece
18373,Firm common
18374,Meet away
18375,Newspaper how
18376,Official particularly
18377,Thousand story
18378,Music maintain
18379,Itself politics
18380,The week
18381,Outside country
18382,Hear enter
18383,Six reason
18384,Pull reality
18385,Mention give
18386,Adult key
18387,Could prepare
18388,Likely also
18389,Debate hotel
18390,Bag forward
18391,Around remember
18392,Result improve
18393,Would difficult
18394,Full speech
18395,Personal art
18396,Myself four
18397,Else tend
18398,Mean really
18399,Member method
18400,Use ball
18401,Pick drug
18402,Position other
18403,Wide ball
18404,Serious approach
18405,Scene either
18406,Authority trip
18407,Baby size
18408,Mr woman
18409,Whom whom
18410,Choose reality
18411,Leader these
18412,Four pay
18413,Charge before
18414,Number window
18415,Over same
18416,Like education
18417,Scientist give
18418,Pull debate
18419,Again exactly
18420,Brother moment
18421,Follow lot
18422,Sing before
18423,True carry
18424,Field bad
18425,Enter response
18426,Month second
18427,Image article
18428,Pull air
18429,Enter cut
18430,Project least
18431,Security action
18432,Up strategy
18433,As all
18434,Art north
18435,Cut conference
18436,Heavy compare
18437,Grow between
18438,Strong company
18439,Body shoulder
18440,Sure at
18441,Provide fear
18442,Land yeah
18443,Yeah drug
18444,Sign spring
18445,Light decision
18446,Role even
18447,Large your
18448,East us
18449,Positive authority
18450,Wall rule
18451,Energy project
18452,Rest decision
18453,Story mission
18454,Subject opportunity
18455,Edge no
18456,Add town
18457,Test take
18458,Thing full
18459,Quite home
18460,Determine plan
18461,Imagine follow
18462,Partner age
18463,Quality avoid
18464,She agent
18465,Agency tell
18466,Land television
18467,Bed next
18468,Service mind
18469,Phone leader
18470,Evening wish
18471,Same everybody
18472,Leader partner
18473,Public pay
18474,Rich or
18475,American seem
18476,Face mean
18477,Face style
18478,Effort suddenly
18479,Attack decade
18480,Since fight
18481,Lead race
18482,One individual
18483,Ago where
18484,Sign break
18485,Nearly economy
18486,Fall treatment
18487,Design law
18488,Trial level
18489,Glass middle
18490,Guess us
18491,Argue stock
18492,It deal
18493,How century
18494,Side clear
18495,Top describe
18496,Allow bill
18497,Somebody occur
18498,Allow card
18499,Hard sort
18500,Itself step
18501,Town major
18502,Man lay
18503,Skill leave
18504,Power call
18505,Ten sister
18506,Production someone
18507,Green experience
18508,Couple stock
18509,Decade national
18510,Especially area
18511,Very show
18512,Hold act
18513,Drive computer
18514,Half upon
18515,Road Mr
18516,Left spring
18517,Participant throw
18518,Yard case
18519,Building western
18520,Wide bring
18521,Fact develop
18522,Owner Mr
18523,Employee score
18524,Modern necessary
18525,Important few
18526,Still senior
18527,Possible everything
18528,Easy ask
18529,Organization imagine
18530,Control kind
18531,Various thing
18532,Sort no
18533,Arm market
18534,Dark career
18535,Find hundred
18536,Know able
18537,Various nothing
18538,Upon if
18539,Tree ability
18540,Sister TV
18541,Certainly require
18542,Region push
18543,Budget interview
18544,Minute century
18545,Pattern only
18546,Event staff
18547,Design here
18548,Particular agree
18549,Both fight
18550,East good
18551,Whole indicate
18552,Himself loss
18553,Issue almost
18554,Identify experience
18555,Step respond
18556,Speech simply
18557,Education individual
18558,True federal
18559,Less growth
18560,Explain medical
18561,Especially wall
18562,Movie analysis
18563,Music establish
18564,Around idea
18565,Weight kid
18566,Bring never
18567,Need ground
18568,Put just
18569,Now letter
18570,Whatever score
18571,Simply prepare
18572,Again about
18573,Nearly step
18574,Thing establish
18575,Clear simple
18576,Always full
18577,Only popular
18578,Decide all
18579,Policy chair
18580,Process worry
18581,She visit
18582,Quality high
18583,Sport reach
18584,Away but
18585,This fight
18586,Consumer people
18587,Body both
18588,Billion total
18589,Significant bag
18590,Get war
18591,Including beyond
18592,Camera become
18593,Available month
18594,Try others
18595,Value task
18596,Sense although
18597,Position parent
18598,Want true
18599,Establish rock
18600,Write month
18601,Away shoulder
18602,Early indicate
18603,Team how
18604,Read left
18605,Society compare
18606,Practice product
18607,Former term
18608,Carry what
18609,Provide true
18610,Fire discuss
18611,President since
18612,Building nothing
18613,Hit suggest
18614,Interesting religious
18615,System necessary
18616,Degree commercial
18617,Store actually
18618,Teach ahead
18619,Cell two
18620,Style every
18621,Significant church
18622,Leg sister
18623,Ok power
18624,Large couple
18625,Enough phone
18626,Owner game
18627,Type reflect
18628,Resource just
18629,Us smile
18630,Entire drive
18631,Mission common
18632,Main bag
18633,Onto medical
18634,Newspaper traditional
18635,Trial partner
18636,Vote win
18637,Congress interview
18638,Before term
18639,Many common
18640,Appear such
18641,Since early
18642,Increase star
18643,Tax score
18644,Stuff design
18645,Story also
18646,Government nice
18647,Natural see
18648,End baby
18649,Large billion
18650,Others me
18651,Policy record
18652,Explain approach
18653,Group southern
18654,Box ten
18655,Single police
18656,Agreement seat
18657,Be here
18658,Physical general
18659,While between
18660,Town case
18661,Every important
18662,Rise free
18663,Either that
18664,Single any
18665,Safe manage
18666,Increase none
18667,Artist agreement
18668,Nothing knowledge
18669,Door one
18670,Call threat
18671,Someone myself
18672,Seek remain
18673,Area hundred
18674,Real phone
18675,Reality yourself
18676,Time culture
18677,Sea success
18678,Certainly expert
18679,Short be
18680,Son participant
18681,Year commercial
18682,Serious despite
18683,Use thousand
18684,Ever population
18685,Opportunity check
18686,Hot indicate
18687,Candidate local
18688,Matter bed
18689,Short stock
18690,None mother
18691,Young green
18692,Certain others
18693,Spend history
18694,Respond something
18695,Walk pressure
18696,Interesting central
18697,Effort officer
18698,Wide article
18699,On scientist
18700,No store
18701,During provide
18702,He great
18703,Bill grow
18704,Organization skin
18705,Thus result
18706,Last bit
18707,Wish work
18708,Guess doctor
18709,Tough foot
18710,Wait change
18711,South occur
18712,Include consumer
18713,Pull us
18714,Up alone
18715,Account talk
18716,Nation series
18717,Describe decide
18718,Town teacher
18719,Red leg
18720,Choose sing
18721,Lead child
18722,Middle from
18723,Movement board
18724,Sense contain
18725,Should position
18726,Customer wide
18727,Resource well
18728,Total but
18729,Cold soon
18730,Gun range
18731,Technology bank
18732,Organization ever
18733,Couple everyone
18734,Wear realize
18735,Lot surface
18736,Responsibility once
18737,Save range
18738,Technology wall
18739,Administration protect
18740,Discussion next
18741,Research approach
18742,Reach each
18743,Camera line
18744,Less raise
18745,Day very
18746,Claim direction
18747,Mission occur
18748,Least successful
18749,Recognize actually
18750,Matter smile
18751,Weight decade
18752,Break like
18753,Certain because
18754,Mention level
18755,Lawyer enjoy
18756,Send five
18757,Student before
18758,Theory capital
18759,Free us
18760,Eat team
18761,Yes ask
18762,Course hospital
18763,It success
18764,Early fire
18765,Beat back
18766,Serve great
18767,Wife others
18768,Possible politics
18769,Manager building
18770,Machine four
18771,Board build
18772,Computer surface
18773,Chair including
18774,Up easy
18775,Role fish
18776,Mr moment
18777,Class knowledge
18778,Enough significant
18779,Top star
18780,Because series
18781,Couple whole
18782,Impact event
18783,Both form
18784,Century thought
18785,Leave guess
18786,Approach human
18787,Young dinner
18788,Garden could
18789,Perhaps knowledge
18790,Value respond
18791,From share
18792,Hit see
18793,Evidence administration
18794,Writer then
18795,Plant similar
18796,Focus stage
18797,Crime budget
18798,Simply send
18799,Room experience
18800,Machine conference
18801,Choose spring
18802,Bank support
18803,Hundred deep
18804,Here ready
18805,Authority party
18806,Place matter
18807,Authority computer
18808,Choose stock
18809,Direction consider
18810,Chance side
18811,Herself agreement
18812,Always play
18813,Financial perform
18814,Force sit
18815,Player PM
18816,City treatment
18817,Five class
18818,Section indicate
18819,Career rule
18820,Pressure discuss
18821,Top down
18822,Father energy
18823,Type today
18824,Air democratic
18825,May read
18826,History education
18827,Just perhaps
18828,Feel interview
18829,Less family
18830,Among others
18831,Trouble today
18832,Democratic outside
18833,Trouble claim
18834,Smile recognize
18835,Save interesting
18836,West TV
18837,Already dinner
18838,Choice majority
18839,Lead discover
18840,Teach result
18841,Know alone
18842,Understand matter
18843,Increase example
18844,From activity
18845,Maybe near
18846,Himself too
18847,Reveal face
18848,Other tax
18849,Rate college
18850,Professional water
18851,Store measure
18852,Cost compare
18853,Also price
18854,Program indeed
18855,Medical security
18856,Off newspaper
18857,Capital top
18858,Environment relationship
18859,Establish view
18860,Will business
18861,Ground agreement
18862,Write between
18863,Several much
18864,Bed common
18865,Raise research
18866,Truth at
18867,Doctor so
18868,Admit wall
18869,Land leg
18870,Realize image
18871,If central
18872,End per
18873,At ability
18874,Article least
18875,Respond consumer
18876,Bad such
18877,Size treat
18878,Agent keep
18879,Morning unit
18880,Growth much
18881,Support small
18882,Computer here
18883,Enjoy size
18884,Free little
18885,Budget risk
18886,Here choice
18887,Pm line
18888,Teacher concern
18889,Book financial
18890,Term news
18891,Prepare hot
18892,Cause close
18893,May moment
18894,Arrive professor
18895,Note table
18896,Old here
18897,Ready board
18898,Wall child
18899,Story fall
18900,Performance cause
18901,Light general
18902,Market night
18903,Coach without
18904,Traditional well
18905,Expect single
18906,Line summer
18907,Fast such
18908,Arrive her
18909,Clear face
18910,It international
18911,Grow usually
18912,Mr population
18913,Parent law
18914,Foot into
18915,Several spend
18916,Alone off
18917,They still
18918,Take water
18919,Seem full
18920,Million inside
18921,Know know
18922,Long prepare
18923,Ready all
18924,Level fact
18925,Two nice
18926,Last understand
18927,Job after
18928,Sing poor
18929,City million
18930,Situation option
18931,Seven stock
18932,Mother machine
18933,One or
18934,Finally few
18935,Fund record
18936,Foreign rule
18937,Small amount
18938,Value upon
18939,Any table
18940,Manage machine
18941,Republican range
18942,Smile likely
18943,Issue sea
18944,Economic professor
18945,Beat now
18946,Detail character
18947,Drive home
18948,Whom price
18949,Air might
18950,Far respond
18951,Rule him
18952,Subject wrong
18953,Near your
18954,Question tough
18955,City Congress
18956,White goal
18957,At head
18958,Power realize
18959,Back soon
18960,Every us
18961,Front foreign
18962,Relationship job
18963,Reason catch
18964,Carry expert
18965,Million perhaps
18966,Air enter
18967,Key catch
18968,Guy out
18969,Test collection
18970,Process significant
18971,None become
18972,Agree cut
18973,Much direction
18974,Kind speak
18975,Young right
18976,Finish wish
18977,Remain serve
18978,Much forget
18979,Not marriage
18980,Safe decide
18981,Outside individual
18982,Term investment
18983,First task
18984,Election authority
18985,Surface inside
18986,Close message
18987,Sound add
18988,With answer
18989,Simple out
18990,Bring everything
18991,Some offer
18992,Skill long
18993,Activity care
18994,Nothing evening
18995,Central product
18996,Size already
18997,You represent
18998,Pay turn
18999,Network how
19000,Seat central
19001,Outside compare
19002,Story care
19003,Ten right
19004,Agreement six
19005,Our dinner
19006,Again southern
19007,Worker attorney
19008,Plan charge
19009,Thousand phone
19010,Later art
19011,Late government
19012,Model approach
19013,That room
19014,Past room
19015,Create evening
19016,Rest ever
19017,Picture window
19018,Difficult paper
19019,Hair appear
19020,Form finish
19021,Out remain
19022,Hard fact
19023,Term others
19024,Would social
19025,Suggest produce
19026,Fund stand
19027,Young writer
19028,Leave size
19029,Past or
19030,Difference employee
19031,Fight room
19032,Particularly against
19033,Least future
19034,Anyone people
19035,Him data
19036,Act region
19037,Difficult more
19038,Step middle
19039,Stock economic
19040,These first
19041,Long reflect
19042,Career writer
19043,Theory not
19044,Adult message
19045,Goal fly
19046,Image practice
19047,Majority main
19048,Thus part
19049,Woman position
19050,Past short
19051,Discuss grow
19052,Must clearly
19053,Goal cost
19054,Wear debate
19055,Partner travel
19056,Just officer
19057,All hot
19058,Concern Republican
19059,These president
19060,Near morning
19061,Medical relationship
19062,Throw same
19063,Key understand
19064,Herself everyone
19065,Role raise
19066,Write mention
19067,Plan fire
19068,Protect gun
19069,Data medical
19070,Growth six
19071,Population smile
19072,White prove
19073,Politics eight
19074,Speak goal
19075,Simple fine
19076,Main cause
19077,Hot finally
19078,Add easy
19079,Five bar
19080,Change beat
19081,New customer
19082,Ahead parent
19083,Wear relate
19084,Top ever
19085,Than certain
19086,Meet medical
19087,Dark daughter
19088,Listen environment
19089,Customer pass
19090,Administration writer
19091,Experience medical
19092,Test central
19093,Tree out
19094,Major field
19095,Save grow
19096,Notice condition
19097,Traditional central
19098,Guy example
19099,Yourself effect
19100,Hit certainly
19101,Democratic drug
19102,Movie fine
19103,Suggest true
19104,However spring
19105,Across decision
19106,Word task
19107,Star particular
19108,Pull figure
19109,Page seat
19110,Smile this
19111,Student young
19112,Experience performance
19113,Friend citizen
19114,Reason agency
19115,Appear old
19116,Good here
19117,Method wind
19118,Billion sing
19119,End sense
19120,Leave goal
19121,Recently type
19122,Western choice
19123,Would fall
19124,Cultural list
19125,Resource evidence
19126,Order fight
19127,Early cut
19128,Something though
19129,Bring toward
19130,Future into
19131,Agreement believe
19132,South inside
19133,Individual few
19134,Because land
19135,Consumer quality
19136,Course consider
19137,Attention growth
19138,Language key
19139,Treatment room
19140,Hit deep
19141,Camera gas
19142,Ready measure
19143,Soldier strategy
19144,Least source
19145,She future
19146,Series avoid
19147,Suffer myself
19148,Song poor
19149,Kid else
19150,Style character
19151,Wonder leave
19152,Want thought
19153,Growth room
19154,Time value
19155,Rich form
19156,Approach because
19157,Surface impact
19158,Bill consumer
19159,Eight entire
19160,Drop require
19161,Much body
19162,If PM
19163,Experience picture
19164,Create save
19165,Than think
19166,Reason story
19167,Bill more
19168,Health country
19169,Page bank
19170,Field group
19171,Thought management
19172,Glass court
19173,Serve trouble
19174,From American
19175,Run population
19176,Country financial
19177,Eight finally
19178,Probably reason
19179,We her
19180,Station carry
19181,Human military
19182,Human they
19183,Claim young
19184,Natural police
19185,Land unit
19186,These have
19187,Behind consumer
19188,Possible energy
19189,Near across
19190,Human head
19191,Whole perform
19192,Within person
19193,Fund standard
19194,Recognize form
19195,Finally father
19196,Strong because
19197,Floor whom
19198,Treat much
19199,Prevent person
19200,Century career
19201,Everything born
19202,Share million
19203,Hospital article
19204,Through floor
19205,Something maintain
19206,Front trouble
19207,End over
19208,Local activity
19209,Or fill
19210,Add able
19211,Theory own
19212,Indeed increase
19213,Campaign loss
19214,Again page
19215,According for
19216,When address
19217,Personal soldier
19218,Would police
19219,Work today
19220,Bar guess
19221,Man many
19222,Computer show
19223,Before another
19224,Modern month
19225,With chair
19226,Line sea
19227,Environmental matter
19228,Eat water
19229,Maintain young
19230,It would
19231,Interesting need
19232,One wait
19233,Great reflect
19234,Discuss teach
19235,Team month
19236,Wide final
19237,Condition fight
19238,These money
19239,Travel cause
19240,Use prove
19241,Exist work
19242,Relationship economic
19243,Speech turn
19244,Impact either
19245,Paper past
19246,Section break
19247,Gun here
19248,Physical computer
19249,Agree never
19250,Hard financial
19251,Respond customer
19252,Standard president
19253,Behind main
19254,Defense wall
19255,Of fire
19256,Way development
19257,Evidence result
19258,Long middle
19259,Affect push
19260,Reveal gas
19261,View test
19262,Already because
19263,Place necessary
19264,Simple draw
19265,Hand cold
19266,Institution collection
19267,Be more
19268,Tend feeling
19269,Trade those
19270,Free section
19271,Past stand
19272,Tend similar
19273,Debate how
19274,Individual newspaper
19275,Middle father
19276,Technology this
19277,Opportunity guy
19278,She source
19279,Peace next
19280,Mouth key
19281,Establish heavy
19282,Program food
19283,Deal art
19284,Long central
19285,Economy year
19286,Ground car
19287,Wrong region
19288,Inside probably
19289,Country several
19290,Five whatever
19291,Benefit second
19292,Long direction
19293,Several artist
19294,On trial
19295,Shake art
19296,Area open
19297,Popular majority
19298,Information stop
19299,Where its
19300,Economic discuss
19301,Also indeed
19302,Board remember
19303,Those by
19304,Here hundred
19305,Situation least
19306,Your low
19307,Paper training
19308,Sense force
19309,Staff recently
19310,Whatever personal
19311,Fund remember
19312,Interview collection
19313,Collection visit
19314,Box community
19315,Common knowledge
19316,Today eight
19317,Yard it
19318,Pattern memory
19319,Whose animal
19320,Notice identify
19321,Behind stuff
19322,Example officer
19323,Offer he
19324,Thank door
19325,Class weight
19326,Two fine
19327,New least
19328,Trouble analysis
19329,And never
19330,Probably discover
19331,Nothing dinner
19332,Him describe
19333,Beautiful follow
19334,Pm society
19335,Window choose
19336,Political face
19337,Science all
19338,Cost military
19339,Herself oil
19340,Order race
19341,Vote door
19342,Source place
19343,Head challenge
19344,Social interview
19345,Rock morning
19346,Life bank
19347,Successful knowledge
19348,Free nation
19349,Two campaign
19350,Two enter
19351,Story approach
19352,They building
19353,Outside voice
19354,Summer want
19355,Upon city
19356,Piece material
19357,Value statement
19358,President upon
19359,Expert employee
19360,Environmental chance
19361,Chair spring
19362,Consumer future
19363,Hour vote
19364,Own size
19365,Carry memory
19366,Employee focus
19367,Note defense
19368,Despite trouble
19369,Executive game
19370,Person material
19371,Nor book
19372,Back instead
19373,Be financial
19374,Approach issue
19375,Soon claim
19376,Feel beyond
19377,Once life
19378,Address cause
19379,Other goal
19380,Can include
19381,Bill president
19382,Reach hour
19383,Buy camera
19384,Ahead option
19385,Effort rise
19386,Alone list
19387,Value thing
19388,Style drop
19389,Give she
19390,Accept defense
19391,Tree also
19392,Floor nearly
19393,Prevent entire
19394,Kind free
19395,Talk decision
19396,Road word
19397,Hard join
19398,Lead charge
19399,Happen loss
19400,Pay rather
19401,Either certain
19402,Religious service
19403,Already money
19404,Third election
19405,Career stock
19406,Experience local
19407,Cut recently
19408,Mr agree
19409,Help news
19410,Pressure detail
19411,Fall often
19412,Hit common
19413,Also hot
19414,Threat hour
19415,Your somebody
19416,Focus week
19417,Process window
19418,Job and
19419,Evidence pattern
19420,Item economic
19421,Wait least
19422,Parent move
19423,Lot many
19424,Town audience
19425,Teacher join
19426,Often will
19427,Or piece
19428,Development have
19429,Call better
19430,Plan outside
19431,Term huge
19432,Century front
19433,Stay put
19434,With approach
19435,Sure reduce
19436,Artist family
19437,Similar sing
19438,Note prevent
19439,Never tax
19440,Fast condition
19441,He reveal
19442,Ok bad
19443,Apply eight
19444,See control
19445,Work water
19446,New modern
19447,Measure dream
19448,Music dog
19449,Present sense
19450,So child
19451,Ability bed
19452,Third box
19453,Run particular
19454,Seem forward
19455,Stop off
19456,Season fill
19457,Painting analysis
19458,Say here
19459,Standard cell
19460,Party moment
19461,Their sing
19462,Any sing
19463,Around range
19464,Million success
19465,Movie family
19466,Remember move
19467,Particularly international
19468,Quite high
19469,Last against
19470,Foreign public
19471,Someone be
19472,Pm learn
19473,Reality good
19474,Loss right
19475,Scene let
19476,Recognize second
19477,Growth reveal
19478,Capital visit
19479,Attack contain
19480,Travel box
19481,At debate
19482,Clearly commercial
19483,Law while
19484,Fill probably
19485,Might career
19486,Enter positive
19487,Summer simple
19488,Part put
19489,Fund why
19490,Appear research
19491,Section television
19492,Program room
19493,Miss artist
19494,Above money
19495,Fill kid
19496,Guess stuff
19497,Treatment store
19498,American bit
19499,Animal detail
19500,Case ahead
19501,Remember trouble
19502,Create parent
19503,Today few
19504,Statement statement
19505,Board mouth
19506,Indeed always
19507,Anything always
19508,Buy run
19509,Join model
19510,Sea in
19511,Travel successful
19512,Explain within
19513,Total certainly
19514,Wall market
19515,Girl you
19516,Coach pick
19517,Station kid
19518,Still different
19519,Always leader
19520,Woman then
19521,Serious coach
19522,Red mind
19523,Imagine prove
19524,Shake above
19525,Least stop
19526,Game approach
19527,Medical politics
19528,Research fish
19529,Still figure
19530,Coach way
19531,Successful today
19532,Management when
19533,Goal phone
19534,My view
19535,Or rock
19536,Situation herself
19537,Phone act
19538,Before these
19539,Final inside
19540,Option majority
19541,Into investment
19542,Movie worry
19543,Already relationship
19544,Candidate say
19545,What still
19546,Stage establish
19547,People lead
19548,Front ready
19549,Glass international
19550,Arm among
19551,Pay great
19552,Assume author
19553,You last
19554,Radio sell
19555,Foot discover
19556,Or until
19557,Leave that
19558,Contain technology
19559,Move field
19560,Develop environmental
19561,Or care
19562,Money rock
19563,Store travel
19564,Central fire
19565,Read experience
19566,Catch something
19567,Quality agency
19568,Property interview
19569,Region contain
19570,Lead collection
19571,Fear such
19572,Note keep
19573,Apply see
19574,Tv finally
19575,College here
19576,Recent sea
19577,Listen hotel
19578,Kitchen major
19579,Campaign number
19580,Tough your
19581,Various easy
19582,Star term
19583,Political nice
19584,Wall late
19585,Join represent
19586,Military back
19587,Next rest
19588,Writer ever
19589,Score decision
19590,While paper
19591,And dark
19592,Strong buy
19593,Politics none
19594,Air every
19595,Purpose voice
19596,Public whose
19597,Unit lot
19598,Wait people
19599,Away music
19600,Pull name
19601,Front on
19602,Fish step
19603,Should should
19604,First set
19605,Blood person
19606,School good
19607,Fly cause
19608,Environmental investment
19609,Mouth history
19610,Stuff everyone
19611,Professor toward
19612,Move fill
19613,Can national
19614,Player whom
19615,Focus mother
19616,Relate body
19617,Company media
19618,Individual maybe
19619,Our investment
19620,Close specific
19621,Thought health
19622,Fear executive
19623,Quite thus
19624,Its do
19625,Yourself risk
19626,Visit employee
19627,Perform cut
19628,Make concern
19629,Add number
19630,Course especially
19631,Strong poor
19632,Itself yard
19633,Action she
19634,Feeling behavior
19635,Expect cut
19636,Price practice
19637,Clearly action
19638,Moment will
19639,Game news
19640,Only loss
19641,Main his
19642,Impact form
19643,Ready also
19644,Role summer
19645,Its help
19646,Along ability
19647,Military memory
19648,Avoid feel
19649,Especially citizen
19650,Husband business
19651,Whose social
19652,Actually ok
19653,Future response
19654,Treat who
19655,Hospital impact
19656,Can strategy
19657,Example rule
19658,Fill thousand
19659,The feel
19660,Fall professor
19661,Wife buy
19662,Person other
19663,Candidate arm
19664,Would new
19665,Bank difficult
19666,Move study
19667,Else behind
19668,Next use
19669,Person responsibility
19670,Watch firm
19671,Country strong
19672,Trip whose
19673,Pretty follow
19674,Others country
19675,Hair decade
19676,Floor foreign
19677,With enough
19678,System science
19679,Budget simply
19680,Tax democratic
19681,Piece though
19682,Act wonder
19683,Start my
19684,Forget kitchen
19685,Similar Democrat
19686,Name feel
19687,Marriage scientist
19688,Floor center
19689,Attack outside
19690,Chance wait
19691,Shake beautiful
19692,Around factor
19693,Fire hotel
19694,Huge fill
19695,Technology all
19696,Hold just
19697,And be
19698,Surface free
19699,Research however
19700,Once thus
19701,Every part
19702,Several think
19703,No investment
19704,Even right
19705,Than vote
19706,Line station
19707,Artist arrive
19708,Author consider
19709,But do
19710,News audience
19711,Accept level
19712,Catch best
19713,Black message
19714,Chair positive
19715,Environment staff
19716,Prepare exist
19717,Sometimes fast
19718,Which important
19719,Pressure field
19720,Until ahead
19721,Interest too
19722,Whether resource
19723,Employee exist
19724,Home land
19725,Draw although
19726,No special
19727,Serious foot
19728,Dream many
19729,Military player
19730,Responsibility produce
19731,Easy happy
19732,Contain recently
19733,Marriage whom
19734,Human another
19735,Senior east
19736,Economy per
19737,Recently professional
19738,Wear reflect
19739,Claim anything
19740,Create direction
19741,Do statement
19742,Begin off
19743,Learn whole
19744,Positive charge
19745,Watch couple
19746,House we
19747,Happen it
19748,Drug large
19749,Environmental material
19750,Impact everyone
19751,Race off
19752,Early glass
19753,Hot organization
19754,Thousand site
19755,Shoulder reduce
19756,Relationship each
19757,Another way
19758,Respond run
19759,Alone measure
19760,Area authority
19761,Build family
19762,Garden pass
19763,Trade none
19764,Indeed alone
19765,Serve cover
19766,But language
19767,Decide win
19768,Class chair
19769,Never enter
19770,Safe ask
19771,Line benefit
19772,Side thank
19773,Tax apply
19774,Agency skill
19775,Value position
19776,Leave carry
19777,Both wide
19778,Between security
19779,Manage read
19780,Fall drive
19781,Into no
19782,Office magazine
19783,Within inside
19784,Believe college
19785,Receive term
19786,Only future
19787,Music girl
19788,My list
19789,Stock lot
19790,Process song
19791,Almost grow
19792,Traditional leg
19793,Figure off
19794,West coach
19795,Mind produce
19796,Republican organization
19797,Camera truth
19798,More whose
19799,Address party
19800,If care
19801,With against
19802,Stay Democrat
19803,Responsibility task
19804,Military college
19805,Couple common
19806,Movement treat
19807,Score operation
19808,Specific official
19809,Drug result
19810,Physical east
19811,Before thousand
19812,Move garden
19813,Garden national
19814,Station listen
19815,Oil in
19816,Price nearly
19817,Job front
19818,Citizen sound
19819,Edge he
19820,Experience no
19821,Suddenly decade
19822,Before two
19823,Child gun
19824,Nearly myself
19825,Pressure over
19826,Once at
19827,Name glass
19828,Research open
19829,Somebody early
19830,Senior country
19831,Lot east
19832,Focus star
19833,Billion everybody
19834,Size fish
19835,Staff parent
19836,Drug city
19837,Discuss service
19838,Seven cover
19839,Our look
19840,From evidence
19841,Instead article
19842,Notice many
19843,Financial defense
19844,Investment computer
19845,Mrs personal
19846,Area western
19847,Create authority
19848,Score week
19849,Under pick
19850,Trouble assume
19851,Service class
19852,Enjoy event
19853,Avoid thousand
19854,Job under
19855,Month themselves
19856,Official home
19857,Short group
19858,Up risk
19859,Treat kid
19860,Win treatment
19861,Then miss
19862,Stuff identify
19863,Now rather
19864,Worry case
19865,Expect century
19866,Fill treatment
19867,Thank air
19868,Fact fire
19869,Since million
19870,Season available
19871,Realize benefit
19872,Cell despite
19873,Scene care
19874,Memory store
19875,Suddenly trial
19876,Design citizen
19877,Special know
19878,Start important
19879,Peace administration
19880,Together today
19881,Population information
19882,Past minute
19883,Woman stage
19884,Including individual
19885,Who meet
19886,Against green
19887,Interest eight
19888,High democratic
19889,Ability lot
19890,Plan result
19891,Fine minute
19892,Number view
19893,Big training
19894,Degree particular
19895,Education wonder
19896,Tough others
19897,Health their
19898,Rate manage
19899,South talk
19900,Forget position
19901,Money carry
19902,Television commercial
19903,Necessary size
19904,Place collection
19905,Adult personal
19906,Table truth
19907,In simple
19908,Miss hand
19909,Interesting pass
19910,Them amount
19911,Return hotel
19912,Product list
19913,Eight improve
19914,After go
19915,Send Mr
19916,Early because
19917,Program fine
19918,Follow throughout
19919,Popular home
19920,Chair hour
19921,Human design
19922,Fact nation
19923,Major age
19924,Name southern
19925,Class line
19926,Recognize reveal
19927,Doctor now
19928,Center describe
19929,Everyone though
19930,History occur
19931,Author focus
19932,Mention off
19933,Financial than
19934,Attack state
19935,Hospital unit
19936,Director try
19937,Tree majority
19938,Character much
19939,Player practice
19940,Soon cut
19941,Government couple
19942,Wonder Republican
19943,High again
19944,Magazine research
19945,Arm evidence
19946,Risk then
19947,Miss method
19948,Wide authority
19949,Him month
19950,Level but
19951,Whose amount
19952,Pass election
19953,Fact red
19954,Deep daughter
19955,Base interesting
19956,Herself sense
19957,Remain guy
19958,Board hair
19959,Entire consumer
19960,Miss because
19961,Population hundred
19962,Process left
19963,Ahead performance
19964,End situation
19965,Camera paper
19966,Nation perform
19967,Around customer
19968,Number around
19969,Through really
19970,Some population
19971,Central laugh
19972,Material travel
19973,Cause thousand
19974,Member story
19975,Public member
19976,Benefit whatever
19977,Prepare west
19978,At quality
19979,Meeting practice
19980,There song
19981,Surface responsibility
19982,President Republican
19983,Mean manage
19984,Wonder trade
19985,Here thousand
19986,Happen seek
19987,Give worker
19988,Happen rule
19989,Tree husband
19990,Clear degree
19991,Mother may
19992,Possible picture
19993,Develop fast
19994,Response thing
19995,Not feeling
19996,Among minute
19997,It look
19998,Once under
19999,What month
20000,Establish order
20001,Quite itself
20002,Peace system
20003,Job staff
20004,Civil change
20005,Defense today
20006,List table
20007,Along north
20008,Low similar
20009,Natural couple
20010,Measure fight
20011,Director glass
20012,Suffer fact
20013,Tend inside
20014,Less certainly
20015,Treatment energy
20016,Little become
20017,Drop any
20018,At north
20019,Serious term
20020,Treatment with
20021,Although approach
20022,Describe wind
20023,Week instead
20024,Tonight movement
20025,Face economy
20026,Option next
20027,Player conference
20028,Animal father
20029,Whose Congress
20030,Send treat
20031,Wide protect
20032,To public
20033,Both suddenly
20034,Strategy whole
20035,Star relate
20036,Voice simple
20037,Through alone
20038,Tonight risk
20039,Factor exactly
20040,Sea for
20041,Eat our
20042,Front door
20043,Lawyer physical
20044,Sea subject
20045,Really it
20046,Quality can
20047,Institution town
20048,Full oil
20049,Explain part
20050,Someone fast
20051,Much hot
20052,Benefit early
20053,Per staff
20054,Form I
20055,Treatment hit
20056,Set according
20057,Prevent cut
20058,Opportunity sort
20059,Traditional individual
20060,But hotel
20061,Learn laugh
20062,Around fill
20063,Half we
20064,Mr quite
20065,Maybe second
20066,Floor class
20067,Artist size
20068,System member
20069,During card
20070,Song left
20071,Page then
20072,Product blue
20073,Degree raise
20074,So work
20075,Morning realize
20076,Hold serve
20077,North son
20078,Picture individual
20079,His reveal
20080,Run painting
20081,Support particular
20082,Area rise
20083,Health federal
20084,Assume town
20085,Concern threat
20086,Whose visit
20087,Contain sea
20088,Doctor hit
20089,Major must
20090,Too worker
20091,Federal room
20092,Indeed garden
20093,The weight
20094,Will involve
20095,Never under
20096,Finish daughter
20097,Cold machine
20098,Opportunity vote
20099,Executive affect
20100,Lay yes
20101,Go hope
20102,Level later
20103,Science according
20104,View southern
20105,Wish American
20106,Economic value
20107,Message economy
20108,Professional until
20109,Subject bill
20110,Any board
20111,Could condition
20112,Force region
20113,Attention center
20114,Go north
20115,Measure adult
20116,Song evening
20117,Value state
20118,Road space
20119,Stop same
20120,Generation Republican
20121,Series great
20122,Also today
20123,Trial show
20124,Include store
20125,Trade a
20126,Skin director
20127,Challenge heart
20128,Off adult
20129,Lay raise
20130,Call teacher
20131,Leader effort
20132,Attorney best
20133,Group measure
20134,Story me
20135,Production staff
20136,Box here
20137,Religious price
20138,Anything tell
20139,This why
20140,Best beyond
20141,Maybe somebody
20142,Rock very
20143,Begin accept
20144,Lay space
20145,Table how
20146,Blue guy
20147,Different own
20148,Camera factor
20149,Old culture
20150,Which real
20151,Executive nation
20152,Treatment conference
20153,Clearly management
20154,Involve find
20155,Choose site
20156,Stock into
20157,Prevent throughout
20158,Large strategy
20159,Lawyer behind
20160,Back not
20161,Pay teach
20162,Along forget
20163,Benefit religious
20164,Ever ready
20165,Such drop
20166,Boy generation
20167,Left support
20168,Kind thank
20169,Surface smile
20170,Explain rock
20171,Blue happen
20172,Too either
20173,Tend after
20174,Give someone
20175,Though stand
20176,Million protect
20177,Support court
20178,Writer effort
20179,Since detail
20180,Off region
20181,Team yes
20182,Begin pass
20183,Plan every
20184,Child address
20185,It happy
20186,Item indicate
20187,Everyone true
20188,Wall city
20189,Gun decision
20190,Wish sister
20191,Line once
20192,Understand national
20193,Case sense
20194,Factor peace
20195,They why
20196,Stage form
20197,Me analysis
20198,Ever war
20199,Yourself term
20200,Operation service
20201,Unit scientist
20202,Movement order
20203,Huge attorney
20204,Talk anything
20205,Tend executive
20206,Sport before
20207,Moment throw
20208,Tell pressure
20209,Almost could
20210,His image
20211,Network raise
20212,Find realize
20213,Apply student
20214,Force common
20215,Anyone law
20216,Should training
20217,Among scene
20218,Dinner success
20219,Despite yes
20220,Physical film
20221,Some reduce
20222,Impact everything
20223,Consider office
20224,Improve room
20225,Win simply
20226,Ready rise
20227,Organization site
20228,Military notice
20229,By environmental
20230,White girl
20231,He style
20232,Federal reveal
20233,Available and
20234,Other ok
20235,Girl after
20236,Important shake
20237,Room I
20238,Executive few
20239,Somebody state
20240,Appear subject
20241,Action fight
20242,Particular human
20243,Staff likely
20244,Drug color
20245,Young amount
20246,Them still
20247,Pm the
20248,Computer should
20249,Tax third
20250,Return career
20251,Vote whose
20252,Guy together
20253,Leg develop
20254,Maybe many
20255,Free bad
20256,Enough capital
20257,Collection early
20258,Treatment ready
20259,Ground leave
20260,See year
20261,Once allow
20262,Number remember
20263,Stuff worry
20264,My sing
20265,Can artist
20266,Result data
20267,These event
20268,Strong character
20269,Pretty Mr
20270,Need position
20271,Set these
20272,Director sport
20273,Economy rock
20274,Consumer choice
20275,Century drug
20276,On line
20277,Attack door
20278,Service talk
20279,Stay film
20280,Ago many
20281,Test baby
20282,None set
20283,Recent hard
20284,Mrs next
20285,Weight effort
20286,Simply choice
20287,Before artist
20288,Enter appear
20289,Visit cost
20290,Girl guy
20291,Think travel
20292,Financial type
20293,Result team
20294,Energy suffer
20295,Whatever including
20296,Unit response
20297,In sing
20298,Begin machine
20299,Computer only
20300,Station such
20301,Dog member
20302,Sell hit
20303,Effect concern
20304,Even rather
20305,Ago side
20306,Down box
20307,Other task
20308,Reality call
20309,Finally summer
20310,When miss
20311,Choose anything
20312,See individual
20313,Tree hard
20314,Investment deal
20315,Bad certainly
20316,Each want
20317,Sure medical
20318,Answer call
20319,On movie
20320,Administration court
20321,Phone modern
20322,Make of
20323,Tend charge
20324,Wall pretty
20325,Statement parent
20326,Bag process
20327,Company why
20328,Glass film
20329,Evening activity
20330,Police receive
20331,Sport person
20332,Develop hotel
20333,Compare within
20334,Nation real
20335,Baby receive
20336,Cost local
20337,Discover field
20338,A technology
20339,Whether story
20340,Purpose clear
20341,Ok pick
20342,Successful charge
20343,Power reality
20344,Hospital free
20345,Music tough
20346,Understand drive
20347,Democratic forward
20348,Yard offer
20349,Country management
20350,Whose along
20351,Consider evening
20352,Idea audience
20353,Which pass
20354,Economic daughter
20355,Card space
20356,Letter relate
20357,Approach cause
20358,Modern trade
20359,Step million
20360,Why say
20361,Order try
20362,Head various
20363,Court drive
20364,Project pattern
20365,Serve rule
20366,Owner sign
20367,Case major
20368,Cultural group
20369,Agent exactly
20370,Factor thousand
20371,Standard sound
20372,Establish while
20373,Notice seek
20374,Note important
20375,Career agency
20376,Time maintain
20377,Recently building
20378,Security popular
20379,Behind commercial
20380,List century
20381,Present know
20382,System trial
20383,Establish into
20384,International particular
20385,Strategy consumer
20386,Contain growth
20387,Place less
20388,Special listen
20389,Research rest
20390,Want plant
20391,Bill Republican
20392,Campaign game
20393,Ball day
20394,Risk television
20395,Current remember
20396,Anyone billion
20397,Soldier yourself
20398,Agreement night
20399,Human southern
20400,Shoulder usually
20401,Sort day
20402,He gas
20403,Help east
20404,Vote follow
20405,Sign environment
20406,Successful finally
20407,Property feel
20408,Within democratic
20409,Ago key
20410,Decide major
20411,Opportunity behavior
20412,To surface
20413,Source very
20414,Last show
20415,Fine head
20416,Air state
20417,Wear dinner
20418,Visit newspaper
20419,Door eat
20420,Wrong view
20421,Network south
20422,Particularly continue
20423,Cut project
20424,Deal total
20425,Local red
20426,Wish letter
20427,Discuss environmental
20428,Five west
20429,Newspaper performance
20430,Expert hour
20431,Mind people
20432,Range baby
20433,Always scene
20434,Economy behavior
20435,Interesting war
20436,Positive behind
20437,Finish might
20438,Where yeah
20439,Message poor
20440,Artist card
20441,Peace set
20442,Meeting deal
20443,Employee give
20444,Official pull
20445,Wait person
20446,Baby everything
20447,About actually
20448,Necessary prepare
20449,Tree prepare
20450,Agree almost
20451,Training key
20452,Real middle
20453,Summer seat
20454,Ahead assume
20455,Guess key
20456,Brother form
20457,Forget matter
20458,Enter lawyer
20459,Teach these
20460,Offer book
20461,Off factor
20462,Size decide
20463,Brother just
20464,Shoulder bill
20465,Believe the
20466,Develop condition
20467,Write pass
20468,Far of
20469,Strategy outside
20470,Better imagine
20471,Since three
20472,Join people
20473,Professional guy
20474,Quickly discover
20475,Option trade
20476,Your perhaps
20477,Exactly thought
20478,Trial for
20479,Evening agree
20480,Financial provide
20481,Phone yet
20482,Exist half
20483,Entire feel
20484,Wait heart
20485,Computer her
20486,Great machine
20487,Property time
20488,Director run
20489,Season nor
20490,Performance process
20491,Citizen born
20492,Now lay
20493,Common will
20494,Under class
20495,Avoid away
20496,Network us
20497,Establish before
20498,Pick general
20499,Democrat Democrat
20500,Center data
20501,Language girl
20502,Example police
20503,Better easy
20504,Organization involve
20505,Better question
20506,Decide continue
20507,Daughter official
20508,Pass positive
20509,Support billion
20510,Choice option
20511,Likely central
20512,Campaign success
20513,According her
20514,Term doctor
20515,Shoulder human
20516,Catch whatever
20517,Century realize
20518,Pm stuff
20519,Arm Democrat
20520,Spring ever
20521,Prevent despite
20522,Organization always
20523,Have thousand
20524,Sometimes practice
20525,Green system
20526,Federal behavior
20527,Example car
20528,Else thousand
20529,Little past
20530,Popular say
20531,Plan how
20532,Summer federal
20533,Project word
20534,Same meeting
20535,This her
20536,Politics police
20537,Who the
20538,Local finish
20539,Agent pattern
20540,Ask ever
20541,With early
20542,Interest both
20543,Develop find
20544,Main all
20545,Majority build
20546,South responsibility
20547,Within computer
20548,Light box
20549,Above land
20550,Before particularly
20551,Treat though
20552,Force research
20553,Up machine
20554,Sell piece
20555,Trade see
20556,Baby defense
20557,Miss off
20558,Late suggest
20559,Expert serious
20560,Whole bit
20561,Prepare occur
20562,The concern
20563,Commercial trade
20564,Take of
20565,Carry skin
20566,Best particularly
20567,Many type
20568,Already call
20569,Boy person
20570,Chair cell
20571,No agent
20572,Along administration
20573,Four always
20574,Discuss whatever
20575,Between really
20576,Federal subject
20577,Recognize resource
20578,Pass among
20579,Method exist
20580,Low source
20581,Reflect provide
20582,Large and
20583,Dinner small
20584,Ready national
20585,First condition
20586,Great subject
20587,Hour close
20588,Large church
20589,Enjoy painting
20590,Catch site
20591,Not age
20592,Several consider
20593,Consider effort
20594,Right mouth
20595,Down event
20596,Product movie
20597,Question ago
20598,Political somebody
20599,Accept issue
20600,Now Mr
20601,Bring drive
20602,Draw reduce
20603,Contain certainly
20604,Remember expert
20605,Church drug
20606,Anything party
20607,Evening action
20608,Hold onto
20609,Term pick
20610,Fish partner
20611,Owner party
20612,Science baby
20613,Return interesting
20614,Smile understand
20615,Reveal old
20616,Worry face
20617,Popular choose
20618,Feeling peace
20619,Day just
20620,Away program
20621,Money of
20622,Necessary understand
20623,Know somebody
20624,Interview picture
20625,Claim step
20626,Industry without
20627,Catch discussion
20628,Try surface
20629,Style Mrs
20630,Exactly agree
20631,Give impact
20632,Who certain
20633,Wrong each
20634,Activity position
20635,Will customer
20636,Produce appear
20637,Able exist
20638,Ten policy
20639,Look magazine
20640,American certain
20641,Cultural idea
20642,Hit bag
20643,Generation most
20644,Industry capital
20645,Knowledge threat
20646,Including hope
20647,Mrs service
20648,Research especially
20649,Follow opportunity
20650,To chance
20651,Growth son
20652,Manager radio
20653,Pattern audience
20654,Popular office
20655,Child manage
20656,Girl region
20657,Month data
20658,Become Democrat
20659,Defense weight
20660,Produce realize
20661,Weight create
20662,Base both
20663,Tax try
20664,Home side
20665,Movement whether
20666,Focus because
20667,Marriage Republican
20668,My woman
20669,Take skill
20670,Lead hotel
20671,Truth now
20672,Alone lot
20673,Father range
20674,Impact customer
20675,Me look
20676,Prove least
20677,Force teacher
20678,Oil summer
20679,Floor important
20680,Style long
20681,President half
20682,Admit bar
20683,Seem leader
20684,Police half
20685,Allow owner
20686,View perform
20687,Manager evidence
20688,Discuss ask
20689,Bank resource
20690,That yes
20691,School address
20692,Yeah theory
20693,Born feel
20694,Ask discover
20695,Suffer Republican
20696,North quickly
20697,Hour conference
20698,Carry behind
20699,Night world
20700,Quickly visit
20701,Participant one
20702,Decade any
20703,Shoulder conference
20704,Doctor build
20705,Who mean
20706,Particular husband
20707,Think become
20708,Product study
20709,Often choose
20710,Threat election
20711,Answer cause
20712,Head goal
20713,Full maybe
20714,Brother discover
20715,Ability carry
20716,Why fill
20717,Training anyone
20718,Hour study
20719,Off return
20720,Though wear
20721,Him interest
20722,Between station
20723,Benefit ago
20724,Sport position
20725,Light according
20726,Security difference
20727,Another law
20728,Claim best
20729,Partner ago
20730,Sit attorney
20731,To situation
20732,Room also
20733,Thank management
20734,Spring laugh
20735,Choice city
20736,Season not
20737,School couple
20738,Right star
20739,Soldier treatment
20740,Every project
20741,Indeed allow
20742,Almost quality
20743,Run risk
20744,Realize property
20745,Successful serious
20746,Administration part
20747,Then easy
20748,Instead difference
20749,Blood like
20750,Everyone standard
20751,Couple quickly
20752,Blue state
20753,Some name
20754,Close activity
20755,Whether table
20756,Pass open
20757,Mr material
20758,Tonight audience
20759,City together
20760,Ask simply
20761,Century up
20762,Peace past
20763,Court news
20764,Town pull
20765,Rock world
20766,Interest outside
20767,End employee
20768,Operation pattern
20769,Now father
20770,Center economic
20771,Thing sense
20772,Piece watch
20773,Increase thus
20774,Specific stand
20775,Face eat
20776,Try worker
20777,Economic pretty
20778,Design before
20779,Direction message
20780,Mother its
20781,Economic budget
20782,According without
20783,Official leave
20784,Old that
20785,Property represent
20786,Think protect
20787,If nor
20788,Share agent
20789,Check radio
20790,Lawyer threat
20791,Speak discuss
20792,School part
20793,Region government
20794,Must its
20795,Score ask
20796,Mr admit
20797,Sometimes worry
20798,Suggest quickly
20799,A indicate
20800,Fight federal
20801,Ever risk
20802,Trip job
20803,Affect similar
20804,Third everybody
20805,Deep have
20806,Paper election
20807,Candidate growth
20808,Sea budget
20809,Goal chance
20810,Nearly rock
20811,See character
20812,Figure onto
20813,Green develop
20814,Student her
20815,Finally do
20816,Community loss
20817,Whose base
20818,Student family
20819,Himself explain
20820,Among training
20821,Suffer moment
20822,Direction training
20823,Door father
20824,Hand everything
20825,Town face
20826,Them card
20827,Exist painting
20828,Position hour
20829,Interesting without
20830,Fall instead
20831,Can view
20832,Customer commercial
20833,Worry decision
20834,Over season
20835,Admit sound
20836,Society also
20837,Father section
20838,Heart stop
20839,Force study
20840,Continue reveal
20841,Conference start
20842,Shoulder door
20843,That water
20844,Change rule
20845,Teacher much
20846,Create process
20847,Water us
20848,Week land
20849,Writer size
20850,Yard movement
20851,I medical
20852,Job admit
20853,Candidate receive
20854,Offer alone
20855,Across task
20856,Race charge
20857,Good eat
20858,Paper probably
20859,Program office
20860,Should charge
20861,Paper oil
20862,Sister treatment
20863,Wish these
20864,Material leg
20865,Action hold
20866,Main blood
20867,Camera choose
20868,Form possible
20869,Deep least
20870,Gun name
20871,Point light
20872,Agreement them
20873,Step current
20874,Head by
20875,Window expert
20876,Himself writer
20877,Already gas
20878,At attorney
20879,Somebody miss
20880,Hundred adult
20881,Last record
20882,Just another
20883,Less develop
20884,Piece rate
20885,Organization perhaps
20886,Always mean
20887,Red human
20888,Once one
20889,Rate fill
20890,Seem party
20891,Parent lot
20892,End card
20893,Receive do
20894,Forget pick
20895,Everything head
20896,Keep business
20897,Name still
20898,Sign voice
20899,Today public
20900,Challenge worry
20901,Between offer
20902,Design why
20903,Answer attorney
20904,Relate career
20905,Series authority
20906,Father until
20907,May note
20908,Hot fight
20909,Yes something
20910,More bring
20911,Region lose
20912,It feel
20913,Question on
20914,People study
20915,Bad wait
20916,Explain final
20917,Successful cut
20918,Them around
20919,Shoulder power
20920,Too establish
20921,Policy tree
20922,Various American
20923,Meeting shake
20924,Would region
20925,These side
20926,Ball race
20927,Similar hope
20928,Night be
20929,Mother executive
20930,Step you
20931,Daughter leg
20932,Least middle
20933,Crime table
20934,Despite kind
20935,Impact fact
20936,International upon
20937,Beautiful wear
20938,Follow risk
20939,Hair make
20940,Order edge
20941,Just her
20942,Short name
20943,Final Mr
20944,This house
20945,Share daughter
20946,True join
20947,Third pressure
20948,Fear control
20949,Ball true
20950,Arrive discover
20951,Somebody bad
20952,Major shoulder
20953,Challenge politics
20954,When house
20955,Official color
20956,Into outside
20957,Pretty have
20958,Support training
20959,Organization add
20960,Concern job
20961,Decide throughout
20962,Me man
20963,Small window
20964,War environment
20965,Wear think
20966,Article bag
20967,Newspaper threat
20968,Hair system
20969,Professor rise
20970,Three heavy
20971,Range against
20972,Recognize save
20973,From successful
20974,Success common
20975,Her player
20976,Themselves in
20977,Keep people
20978,Stuff agreement
20979,Test child
20980,Trip while
20981,Thing concern
20982,Safe ready
20983,Blood later
20984,Interesting threat
20985,To decide
20986,Environment model
20987,Safe foot
20988,Research fact
20989,Parent example
20990,Name special
20991,Job whether
20992,Research anyone
20993,Low else
20994,After painting
20995,Source safe
20996,Even prevent
20997,Find relationship
20998,Believe ability
20999,Culture produce
21000,Star ten
21001,Address natural
21002,International community
21003,Business although
21004,Agree dark
21005,Eat drive
21006,Media worker
21007,Speak mention
21008,Short part
21009,Walk into
21010,Early control
21011,Modern daughter
21012,Vote turn
21013,Fall describe
21014,Address other
21015,Give will
21016,Military painting
21017,Everything final
21018,Case something
21019,Describe second
21020,Beyond top
21021,Draw interesting
21022,Last area
21023,Fill enjoy
21024,Level kind
21025,Its attorney
21026,Director strategy
21027,Themselves evening
21028,World score
21029,Practice pick
21030,Cold drive
21031,Best age
21032,Might share
21033,Benefit very
21034,Hotel why
21035,Institution major
21036,Step move
21037,Few state
21038,Fine continue
21039,Home race
21040,Threat five
21041,Nearly us
21042,Maintain fast
21043,Although together
21044,Better discuss
21045,Despite second
21046,Large hope
21047,Child customer
21048,Avoid suffer
21049,Collection establish
21050,Day lawyer
21051,Conference commercial
21052,Mention fire
21053,Across adult
21054,Popular site
21055,Owner fall
21056,Sort culture
21057,Account view
21058,Last perhaps
21059,Meeting account
21060,Growth hope
21061,Speech second
21062,Capital place
21063,Purpose help
21064,Ok wide
21065,Any current
21066,Which car
21067,Mention hot
21068,Significant start
21069,Morning inside
21070,For tree
21071,Whose trip
21072,Since deal
21073,Cold ground
21074,Picture less
21075,Pattern window
21076,Development war
21077,Ten continue
21078,Sound open
21079,Maybe already
21080,Card design
21081,Computer pay
21082,Generation official
21083,While decision
21084,Person half
21085,Result official
21086,Head point
21087,Help perform
21088,She similar
21089,Movement you
21090,Value right
21091,Man example
21092,Different boy
21093,We card
21094,This deal
21095,Author ground
21096,Measure here
21097,City stage
21098,Mission night
21099,Protect right
21100,Describe which
21101,Camera represent
21102,Firm until
21103,Fall service
21104,Third trip
21105,Place industry
21106,History able
21107,Probably training
21108,Others paper
21109,Most anyone
21110,Near significant
21111,Miss parent
21112,Leader sea
21113,Force hour
21114,May worry
21115,Two last
21116,Really billion
21117,Subject class
21118,Beyond look
21119,Tend Republican
21120,Training production
21121,Case these
21122,Lay consider
21123,Matter upon
21124,Learn you
21125,Campaign require
21126,Laugh break
21127,Sing trade
21128,Place not
21129,Table more
21130,Later nor
21131,Major and
21132,Real hope
21133,Population instead
21134,Build building
21135,Start financial
21136,Process factor
21137,Whether simple
21138,Brother movie
21139,Develop number
21140,Near condition
21141,Myself its
21142,Institution floor
21143,Work single
21144,Loss music
21145,To teacher
21146,Between contain
21147,Pick raise
21148,Work theory
21149,Light now
21150,Measure range
21151,Beat environmental
21152,Not catch
21153,Stage through
21154,Impact record
21155,Threat word
21156,Role behind
21157,Record threat
21158,Suffer face
21159,Pick seven
21160,Likely president
21161,Shoulder space
21162,Generation drop
21163,Travel often
21164,Where training
21165,Week how
21166,Thank couple
21167,Help force
21168,Blood their
21169,Back face
21170,Baby huge
21171,Fight none
21172,Something real
21173,Learn opportunity
21174,Defense eat
21175,View base
21176,Start produce
21177,Sing team
21178,Whether return
21179,Third true
21180,Agency information
21181,Agreement maybe
21182,Change step
21183,Game young
21184,Create democratic
21185,Certain ground
21186,Though cause
21187,Sense Republican
21188,Today where
21189,Moment save
21190,Would pretty
21191,Theory modern
21192,Near would
21193,Nor throw
21194,Sure quite
21195,About yes
21196,Day level
21197,Movie meet
21198,Family myself
21199,Section letter
21200,Close worker
21201,Or per
21202,Environmental western
21203,Throw statement
21204,Kitchen whose
21205,Industry day
21206,Through usually
21207,Personal population
21208,Opportunity forget
21209,Table police
21210,House character
21211,Simple place
21212,Theory keep
21213,Reduce around
21214,Good above
21215,Say should
21216,Particularly seem
21217,Make discuss
21218,Want water
21219,Base reflect
21220,Movement tell
21221,Something many
21222,Office first
21223,Establish yes
21224,Debate leader
21225,Claim kid
21226,Language wait
21227,Magazine share
21228,Rest reality
21229,College role
21230,Machine action
21231,Improve whether
21232,Often actually
21233,Anything arm
21234,Billion particular
21235,Myself unit
21236,Officer each
21237,Though design
21238,Though clear
21239,Important those
21240,East base
21241,Sense research
21242,Hundred wonder
21243,Stand better
21244,Occur respond
21245,Too record
21246,Plant Republican
21247,In task
21248,Writer pretty
21249,Get citizen
21250,Each behavior
21251,Buy college
21252,Effect talk
21253,Modern these
21254,Address beautiful
21255,Reduce group
21256,Per wife
21257,Could worry
21258,Friend their
21259,Truth begin
21260,Agent green
21261,Us case
21262,Throw push
21263,Recently notice
21264,Note paper
21265,Learn big
21266,Economy not
21267,Language generation
21268,Question although
21269,Point time
21270,Fast building
21271,Small serve
21272,Month would
21273,Chair fight
21274,Garden who
21275,Push national
21276,Imagine town
21277,Cause cost
21278,Plant hard
21279,Lawyer difficult
21280,Off ability
21281,Best boy
21282,Amount center
21283,Green skin
21284,Indeed property
21285,Change star
21286,Particular toward
21287,Part cause
21288,Kitchen choice
21289,Threat capital
21290,His fast
21291,Member east
21292,Agent face
21293,Compare cold
21294,Somebody assume
21295,City result
21296,Almost upon
21297,Could painting
21298,Book challenge
21299,Analysis training
21300,Off woman
21301,Town feeling
21302,Sea high
21303,Who market
21304,Not energy
21305,Stock entire
21306,Piece trade
21307,Ask role
21308,Future out
21309,Despite meet
21310,Reflect force
21311,Interest measure
21312,Half mouth
21313,Green house
21314,Be yard
21315,Minute about
21316,View under
21317,Car stuff
21318,As party
21319,Specific most
21320,Sit should
21321,Than just
21322,Among check
21323,Side while
21324,Left list
21325,Part just
21326,Oil wind
21327,Ball see
21328,Town huge
21329,Level wrong
21330,While meeting
21331,Myself less
21332,Impact peace
21333,Front several
21334,Up clearly
21335,Throw within
21336,Ok majority
21337,Ground together
21338,Fight carry
21339,Reason image
21340,Itself time
21341,Floor recently
21342,Can state
21343,Push social
21344,Analysis check
21345,Analysis I
21346,Television plan
21347,None service
21348,Rich win
21349,Discover seek
21350,Lose may
21351,Happen positive
21352,Ever wife
21353,Whether in
21354,Fast arrive
21355,Difficult lot
21356,Who those
21357,Rock similar
21358,Rise reality
21359,During wide
21360,Do pressure
21361,Both listen
21362,Rather personal
21363,Life store
21364,Site do
21365,Conference sit
21366,Interest interest
21367,Explain site
21368,Personal something
21369,Level hope
21370,Order cover
21371,Situation move
21372,Option west
21373,International seat
21374,Bad social
21375,Expect stand
21376,Who energy
21377,Certain responsibility
21378,Research power
21379,Song product
21380,Personal there
21381,Present strategy
21382,Reveal camera
21383,Shoulder mean
21384,Serious light
21385,Thus glass
21386,Modern name
21387,Hospital involve
21388,Mother model
21389,Model whom
21390,Lose six
21391,Sing food
21392,Worker pass
21393,Air result
21394,Defense prove
21395,Rise analysis
21396,Enter chance
21397,Nothing including
21398,Number us
21399,Hear every
21400,Find continue
21401,Send collection
21402,Site nothing
21403,Suggest price
21404,Understand store
21405,Success effort
21406,Network some
21407,Wish relate
21408,After wonder
21409,What against
21410,Station ago
21411,Music sign
21412,Study it
21413,Response sign
21414,Finish travel
21415,Play almost
21416,Care point
21417,Garden establish
21418,Strong serious
21419,True seek
21420,Away case
21421,Against animal
21422,Common break
21423,Large head
21424,Hair never
21425,Century seven
21426,Total talk
21427,Fund final
21428,How not
21429,Under drug
21430,Program crime
21431,Your approach
21432,Young rule
21433,Federal above
21434,Decade participant
21435,Minute key
21436,Only expect
21437,Final actually
21438,Add whether
21439,Home direction
21440,Sometimes service
21441,Certain whole
21442,Morning add
21443,Mrs during
21444,Chair discussion
21445,Save media
21446,Generation their
21447,While staff
21448,Line shoulder
21449,Many analysis
21450,Happy those
21451,Like wind
21452,However trip
21453,Affect staff
21454,Real experience
21455,Movie build
21456,Else set
21457,Middle spring
21458,Need occur
21459,Win last
21460,Traditional open
21461,Hour night
21462,Other television
21463,Apply season
21464,Put fear
21465,Pull consumer
21466,Improve health
21467,Surface kid
21468,Look feeling
21469,Forget nothing
21470,Executive environment
21471,Step film
21472,Chance financial
21473,Onto prevent
21474,Debate newspaper
21475,Important cover
21476,Image employee
21477,Collection memory
21478,Near performance
21479,Capital charge
21480,Out social
21481,Mention nature
21482,Always open
21483,Room fine
21484,Member successful
21485,Term camera
21486,Yet party
21487,Participant laugh
21488,Couple oil
21489,Role recent
21490,Western effort
21491,Bill garden
21492,Perform develop
21493,Him kitchen
21494,Likely center
21495,Blood woman
21496,Trouble strong
21497,Notice as
21498,World never
21499,Catch decide
21500,Either throw
21501,Ask section
21502,Almost far
21503,Center several
21504,Activity nature
21505,Agreement vote
21506,Commercial director
21507,Carry service
21508,Dark north
21509,Mission leader
21510,Claim also
21511,Somebody issue
21512,Majority power
21513,Result recognize
21514,Force particularly
21515,Camera we
21516,Religious decide
21517,Tonight admit
21518,Popular must
21519,Stay hour
21520,Dinner although
21521,Behavior economic
21522,Scientist ever
21523,Teacher could
21524,Increase officer
21525,Three still
21526,Do character
21527,Seat ago
21528,History threat
21529,My attorney
21530,These too
21531,Money everything
21532,Least group
21533,Contain energy
21534,Do age
21535,And might
21536,Education another
21537,According service
21538,Politics room
21539,One than
21540,Check mean
21541,Trouble everything
21542,Letter political
21543,Themselves room
21544,Provide marriage
21545,Rather college
21546,Involve example
21547,Accept bed
21548,Else research
21549,Art travel
21550,Strategy spend
21551,Old say
21552,Vote Mrs
21553,Foreign candidate
21554,Final do
21555,Similar board
21556,Ago feel
21557,Role end
21558,His number
21559,Threat whom
21560,Give seven
21561,Note generation
21562,Resource produce
21563,Show treat
21564,Exactly direction
21565,Eye bar
21566,Central eye
21567,Something safe
21568,More whole
21569,Recent night
21570,Foot where
21571,Say friend
21572,Never whole
21573,Old eye
21574,Affect despite
21575,Stay deep
21576,Trial manager
21577,Church leave
21578,Production career
21579,Contain state
21580,Inside to
21581,Thought college
21582,Hair question
21583,Campaign make
21584,Question entire
21585,Central open
21586,Stage what
21587,Protect road
21588,Raise reality
21589,Seem response
21590,Indeed laugh
21591,Recognize draw
21592,Position loss
21593,Address consumer
21594,Hotel support
21595,Hit feeling
21596,Arrive event
21597,Affect lose
21598,Heavy receive
21599,Ok money
21600,By recently
21601,Window western
21602,Everything pressure
21603,Anyone possible
21604,Final hotel
21605,Guess rich
21606,Say also
21607,Cut international
21608,Represent section
21609,Hear as
21610,Over wide
21611,Car eye
21612,Understand anyone
21613,Experience my
21614,Office free
21615,Yard she
21616,Anything work
21617,While to
21618,Tv nature
21619,Here maintain
21620,Sell western
21621,Myself per
21622,Foot allow
21623,Organization finish
21624,Space hospital
21625,Character all
21626,Employee shake
21627,Sing unit
21628,Current more
21629,Somebody couple
21630,Cold market
21631,Think I
21632,Away college
21633,Meeting best
21634,Join star
21635,Fish realize
21636,Heart social
21637,Just personal
21638,Last yourself
21639,Beautiful real
21640,Model want
21641,Buy already
21642,What card
21643,If personal
21644,Reason serve
21645,Political bad
21646,Natural course
21647,Media nearly
21648,Left against
21649,Wife loss
21650,Interesting born
21651,Field trade
21652,Her generation
21653,Lead hour
21654,Book past
21655,Behavior difficult
21656,Dog low
21657,Meeting occur
21658,Meeting group
21659,Indeed marriage
21660,Common energy
21661,Strategy lot
21662,Charge change
21663,Send cell
21664,Blood open
21665,Pretty past
21666,Month yourself
21667,Make believe
21668,Industry during
21669,Commercial reduce
21670,Dinner all
21671,That indicate
21672,Do perform
21673,Life imagine
21674,Audience after
21675,Majority our
21676,Record piece
21677,Herself leave
21678,Position get
21679,Remember current
21680,Have fine
21681,Go trial
21682,Red do
21683,Central stuff
21684,Also reveal
21685,Later they
21686,In year
21687,Within debate
21688,Entire section
21689,Laugh explain
21690,Camera together
21691,Machine against
21692,Scientist short
21693,Visit difference
21694,Front together
21695,Impact dream
21696,Example year
21697,Represent energy
21698,Parent last
21699,Sit lead
21700,Issue firm
21701,Third magazine
21702,Ask from
21703,Within role
21704,People offer
21705,General perform
21706,Street parent
21707,Foreign happen
21708,President name
21709,Expect girl
21710,Leave threat
21711,Teach product
21712,Issue down
21713,Beat operation
21714,Lawyer radio
21715,Rock evening
21716,Of financial
21717,News find
21718,But cultural
21719,Road building
21720,Change control
21721,Their vote
21722,Finish campaign
21723,Mouth might
21724,Art environmental
21725,Ten court
21726,Happy get
21727,Source make
21728,During hear
21729,List reality
21730,Share report
21731,Pressure per
21732,Capital baby
21733,Watch pretty
21734,Form once
21735,Give wonder
21736,Reduce candidate
21737,Receive public
21738,Authority four
21739,Here relationship
21740,Personal happen
21741,Pick record
21742,Consider order
21743,Bring wear
21744,Training piece
21745,Man population
21746,College staff
21747,Light number
21748,Action will
21749,Music trip
21750,Throw relate
21751,Note do
21752,Green out
21753,Data choice
21754,Occur huge
21755,Sport all
21756,Husband prepare
21757,Past wrong
21758,Enough build
21759,Free push
21760,Store action
21761,Peace score
21762,Idea take
21763,Beat pull
21764,Sell just
21765,Model sound
21766,Especially affect
21767,Store newspaper
21768,About very
21769,Radio hair
21770,Reveal rate
21771,Door themselves
21772,Throughout health
21773,Reduce away
21774,Laugh data
21775,Happy ten
21776,Second medical
21777,Place law
21778,Capital anything
21779,That heavy
21780,Agent nation
21781,Way color
21782,Apply yeah
21783,Religious job
21784,Thing trade
21785,They little
21786,Edge three
21787,Fund happy
21788,Agent worker
21789,Building who
21790,Woman its
21791,Measure watch
21792,Season contain
21793,Your everyone
21794,Tv whose
21795,Public book
21796,Question wrong
21797,Option read
21798,Point work
21799,Trip high
21800,Environmental might
21801,Mrs another
21802,Address call
21803,Space movie
21804,Here from
21805,Baby show
21806,Finish pretty
21807,Early chair
21808,Hand store
21809,News a
21810,Sometimes remain
21811,Yeah home
21812,Wait exist
21813,Market long
21814,Doctor very
21815,Start name
21816,Education describe
21817,Three per
21818,Any he
21819,Bed with
21820,Table guess
21821,Condition customer
21822,Relationship heart
21823,Point who
21824,Life last
21825,Social paper
21826,Gas part
21827,Traditional mind
21828,Audience citizen
21829,Us language
21830,Administration own
21831,Degree stand
21832,Already question
21833,Road build
21834,From the
21835,Own direction
21836,Tax collection
21837,Thus reveal
21838,Truth through
21839,Gun become
21840,Sell watch
21841,Nation maybe
21842,East produce
21843,Learn white
21844,Skill pull
21845,Live car
21846,Network then
21847,Term ball
21848,Picture team
21849,Seat theory
21850,Piece issue
21851,Resource especially
21852,Pressure quickly
21853,Send thank
21854,Machine place
21855,Prove another
21856,Million himself
21857,Century born
21858,Kid range
21859,Eat owner
21860,Treatment your
21861,Process available
21862,Yourself sister
21863,Usually about
21864,Strategy truth
21865,Own continue
21866,Budget answer
21867,Or foot
21868,Entire your
21869,Before almost
21870,Rule public
21871,Yeah put
21872,Before present
21873,Spring else
21874,Class study
21875,Side past
21876,Move bank
21877,Perform brother
21878,Letter success
21879,Central above
21880,Push major
21881,Stock kid
21882,Himself site
21883,According believe
21884,Apply professional
21885,Candidate provide
21886,Recognize tonight
21887,This hour
21888,She wide
21889,Class fall
21890,Draw fight
21891,Travel part
21892,Personal student
21893,Control tough
21894,Maybe gun
21895,Community network
21896,Wall either
21897,Improve single
21898,Partner perhaps
21899,What spend
21900,Feeling fill
21901,Provide structure
21902,Home but
21903,Spring customer
21904,Available page
21905,Bit increase
21906,And live
21907,Major add
21908,Set view
21909,Fight work
21910,Recent middle
21911,Side play
21912,Clear although
21913,Left choose
21914,Responsibility recognize
21915,President our
21916,Play finish
21917,Responsibility music
21918,Eight fish
21919,Voice believe
21920,Agent major
21921,Young author
21922,Car type
21923,But newspaper
21924,Create number
21925,Member state
21926,And effect
21927,Heart others
21928,Piece pay
21929,Growth great
21930,Speak himself
21931,Every child
21932,Page body
21933,Hard imagine
21934,Walk weight
21935,Sell material
21936,Wife hold
21937,Bad authority
21938,Within reach
21939,Star toward
21940,Hospital report
21941,In physical
21942,Wrong Congress
21943,Her person
21944,Get door
21945,Home soldier
21946,Visit billion
21947,Citizen seven
21948,President even
21949,Leg public
21950,Difficult or
21951,Fill his
21952,State upon
21953,Between grow
21954,Them history
21955,Direction western
21956,Do again
21957,Brother get
21958,Whether key
21959,Almost break
21960,Mr science
21961,Society make
21962,Pull student
21963,Serious person
21964,Serve produce
21965,Political sort
21966,Whether positive
21967,Author finish
21968,Special it
21969,Kind pretty
21970,Follow successful
21971,Activity see
21972,Collection use
21973,Door summer
21974,Pm today
21975,College page
21976,Scientist war
21977,Listen those
21978,Adult her
21979,Relationship benefit
21980,Worker task
21981,Example record
21982,Remember kitchen
21983,Couple walk
21984,Subject into
21985,Prepare example
21986,Argue some
21987,Deal use
21988,Draw after
21989,Ago four
21990,Guess collection
21991,Entire answer
21992,Open thus
21993,Soldier want
21994,Nothing partner
21995,Pull executive
21996,Rich sure
21997,Activity race
21998,Member six
21999,Under science
22000,Than full
22001,Similar memory
22002,Message memory
22003,Treat blue
22004,Situation yes
22005,Trouble power
22006,Many for
22007,We past
22008,Point staff
22009,Account maybe
22010,Enter follow
22011,Very toward
22012,Section act
22013,Total since
22014,Long system
22015,Simply consider
22016,Structure difficult
22017,Who thousand
22018,Tree Congress
22019,Stuff his
22020,Plan pull
22021,Back million
22022,Within identify
22023,Be support
22024,Author but
22025,Such rise
22026,When certain
22027,Less future
22028,Let office
22029,Job all
22030,Collection among
22031,Sense must
22032,Body history
22033,Management big
22034,Race about
22035,Sign save
22036,Notice call
22037,Team during
22038,Wall since
22039,Fish car
22040,Use responsibility
22041,Only nature
22042,Section news
22043,Top pass
22044,My hospital
22045,Woman energy
22046,Training so
22047,Almost mean
22048,View weight
22049,Once write
22050,Town choice
22051,Wish yeah
22052,Section want
22053,Direction there
22054,Group black
22055,Discussion generation
22056,According sense
22057,Particularly quite
22058,These note
22059,Site history
22060,Minute before
22061,Try degree
22062,Energy option
22063,Federal admit
22064,Like impact
22065,Task information
22066,Me number
22067,Notice control
22068,Item prevent
22069,Democrat late
22070,Cut coach
22071,Health think
22072,Gas cut
22073,Himself national
22074,Job affect
22075,Reduce can
22076,Guess writer
22077,Wide character
22078,Better section
22079,Nothing already
22080,Cell important
22081,Mr say
22082,Official best
22083,Still third
22084,Approach writer
22085,President form
22086,Low finally
22087,Event late
22088,Hair born
22089,Sign without
22090,Would feeling
22091,Necessary stuff
22092,Address arrive
22093,Start pretty
22094,Game perform
22095,Product artist
22096,Two here
22097,Officer phone
22098,Much cover
22099,Growth mind
22100,Seem last
22101,Good health
22102,Security now
22103,Up treatment
22104,Reason where
22105,Attention region
22106,Last scene
22107,Nearly never
22108,Sure study
22109,Interview wide
22110,Research professional
22111,Write similar
22112,Form field
22113,Talk once
22114,Your make
22115,Air form
22116,Change more
22117,Almost wide
22118,High mother
22119,Yes another
22120,Collection free
22121,Necessary red
22122,Down how
22123,Thousand commercial
22124,Term local
22125,Floor baby
22126,Red only
22127,Population well
22128,Management here
22129,Different present
22130,Office where
22131,Wish hand
22132,Country space
22133,Certain fine
22134,Less century
22135,These environmental
22136,Mouth collection
22137,Half window
22138,Arm consumer
22139,Worker give
22140,Interview well
22141,Court able
22142,Measure save
22143,Song six
22144,Appear wall
22145,Garden modern
22146,Language concern
22147,Cultural paper
22148,Join many
22149,Among religious
22150,Magazine those
22151,Window describe
22152,Hold address
22153,Beat professor
22154,Theory political
22155,Painting pattern
22156,Summer change
22157,Writer father
22158,Small theory
22159,Member food
22160,Most some
22161,End value
22162,These only
22163,Artist customer
22164,Leg store
22165,Talk five
22166,Own evening
22167,Raise middle
22168,Check book
22169,Bad dog
22170,Style her
22171,Serious bar
22172,Especially low
22173,Might soldier
22174,Receive fly
22175,Your create
22176,Care yet
22177,Top worker
22178,Use read
22179,Take down
22180,Husband two
22181,Report majority
22182,Themselves interview
22183,Five two
22184,Spend anyone
22185,War trouble
22186,Across science
22187,With trial
22188,Order human
22189,Somebody head
22190,Mind argue
22191,Heart rise
22192,Republican minute
22193,Them religious
22194,Student go
22195,Mean goal
22196,Story if
22197,Hold and
22198,Role until
22199,Capital TV
22200,Agreement material
22201,Lay size
22202,Do seek
22203,Choice visit
22204,Value cut
22205,Laugh environment
22206,Surface possible
22207,Cell police
22208,Hundred improve
22209,Money grow
22210,What dark
22211,Staff will
22212,Gun sometimes
22213,Young mention
22214,Edge firm
22215,Offer short
22216,Issue fire
22217,Speak central
22218,Standard space
22219,Road your
22220,Hold fight
22221,Wait particularly
22222,Impact hotel
22223,Respond service
22224,Before western
22225,Red those
22226,White increase
22227,Decide glass
22228,Century accept
22229,Structure let
22230,Institution use
22231,Believe interest
22232,Bill speak
22233,Purpose nor
22234,Available college
22235,Run knowledge
22236,Enter film
22237,Notice current
22238,Push purpose
22239,Policy sound
22240,Factor attorney
22241,Morning not
22242,Watch dog
22243,Street impact
22244,Country degree
22245,Mission safe
22246,Buy standard
22247,Source remain
22248,Involve idea
22249,Bank between
22250,Light market
22251,Word view
22252,Eight speak
22253,Plan part
22254,Must value
22255,Respond new
22256,Do stage
22257,Arm too
22258,Control meet
22259,Artist radio
22260,Consider up
22261,Until defense
22262,Compare politics
22263,Today beyond
22264,Detail ready
22265,Country pass
22266,Recent American
22267,Either several
22268,Call Democrat
22269,American sea
22270,Agree everyone
22271,Space plan
22272,Score scientist
22273,North authority
22274,His source
22275,Many hope
22276,Force wind
22277,Else catch
22278,Analysis father
22279,Seem result
22280,Senior light
22281,Lot want
22282,Indicate price
22283,Write coach
22284,Action painting
22285,Worry stop
22286,Ahead structure
22287,Call media
22288,Front policy
22289,Because late
22290,Political structure
22291,Memory next
22292,Challenge body
22293,Work former
22294,Half military
22295,Scene pass
22296,Test meet
22297,War degree
22298,Minute yes
22299,Especially side
22300,Agency three
22301,Newspaper admit
22302,Challenge do
22303,Clear weight
22304,Option mother
22305,Picture visit
22306,Last past
22307,Fact pay
22308,Community decide
22309,Issue far
22310,Brother society
22311,Wait affect
22312,Throughout stock
22313,Just air
22314,Partner cost
22315,Wide financial
22316,Economic need
22317,Card page
22318,Ability Congress
22319,Already more
22320,Republican cup
22321,Pattern easy
22322,Whole room
22323,He still
22324,Treatment newspaper
22325,Close not
22326,Scene make
22327,Growth important
22328,Shoulder smile
22329,Science fill
22330,Type behind
22331,Wait local
22332,Apply something
22333,Arm woman
22334,Also herself
22335,Church beautiful
22336,Mr color
22337,All remain
22338,Indeed form
22339,Guy billion
22340,Product century
22341,Past opportunity
22342,Certain paper
22343,Very former
22344,Country happy
22345,Discover short
22346,Seat manage
22347,Write free
22348,Project political
22349,Enough economy
22350,Southern least
22351,Store society
22352,My put
22353,Benefit picture
22354,Popular describe
22355,Than only
22356,Medical course
22357,Only kind
22358,Rate claim
22359,Can argue
22360,Station and
22361,Choose business
22362,End five
22363,Total have
22364,Trouble particular
22365,Budget religious
22366,Girl able
22367,Manage rest
22368,Show shoulder
22369,Specific capital
22370,Article house
22371,Course your
22372,To government
22373,Base business
22374,Whatever piece
22375,Lay themselves
22376,Produce serious
22377,Responsibility pattern
22378,Idea break
22379,Hospital agent
22380,Take technology
22381,Pass bag
22382,Next the
22383,Bit throw
22384,Campaign ask
22385,Understand follow
22386,Law TV
22387,Design seven
22388,Rest difficult
22389,Truth speak
22390,Become same
22391,Stuff skin
22392,Skill message
22393,Television best
22394,Born agree
22395,Month these
22396,Commercial defense
22397,Soldier range
22398,Idea voice
22399,Message especially
22400,Series campaign
22401,Less option
22402,Food open
22403,Course arrive
22404,Recent range
22405,Western eight
22406,Take style
22407,Various main
22408,Stop door
22409,Teach nation
22410,Listen little
22411,List at
22412,Pay little
22413,Method perform
22414,Strategy stay
22415,Likely partner
22416,Hit simple
22417,Cell surface
22418,Society part
22419,Key save
22420,Democrat director
22421,Approach require
22422,Enter provide
22423,Author wall
22424,Ready should
22425,Grow hour
22426,Computer great
22427,Season us
22428,Series go
22429,Citizen argue
22430,First third
22431,Chair good
22432,However last
22433,Lot out
22434,Family radio
22435,From develop
22436,Enough describe
22437,Father beautiful
22438,Ball must
22439,Note set
22440,City when
22441,News school
22442,Home growth
22443,Treat break
22444,Agency ever
22445,True wind
22446,Media rate
22447,Really information
22448,Two forward
22449,Both protect
22450,Nothing service
22451,Teacher anything
22452,Treat rich
22453,Some natural
22454,Front represent
22455,Boy military
22456,Discuss sport
22457,Listen bad
22458,Election born
22459,Actually mission
22460,Maintain finish
22461,Large threat
22462,Answer throw
22463,Expect not
22464,Her she
22465,Source sing
22466,Under decide
22467,That cup
22468,Total when
22469,World trade
22470,Parent age
22471,Read understand
22472,While similar
22473,Ever country
22474,International performance
22475,Recent financial
22476,Effort tend
22477,Thus term
22478,Yard newspaper
22479,Country well
22480,Open because
22481,Yes red
22482,Plant rest
22483,Evening large
22484,We growth
22485,View nice
22486,Effort cause
22487,Despite inside
22488,Recently these
22489,Congress gas
22490,Always set
22491,Number model
22492,Specific society
22493,Economic least
22494,Stuff third
22495,Pull base
22496,Identify majority
22497,Which impact
22498,Under itself
22499,Then make
22500,Talk head
22501,Occur tend
22502,Hot poor
22503,Approach speech
22504,Cultural great
22505,Standard along
22506,Everything than
22507,Indeed painting
22508,Stay reality
22509,Apply hot
22510,Sell which
22511,Vote level
22512,International garden
22513,Big my
22514,Stay ago
22515,Painting fund
22516,High agent
22517,East six
22518,Next record
22519,Beyond marriage
22520,Break bag
22521,Marriage mention
22522,Sea fear
22523,Allow result
22524,One until
22525,Reach executive
22526,Style ahead
22527,Still claim
22528,Avoid actually
22529,Interest deep
22530,Create sea
22531,She material
22532,Crime simply
22533,Analysis cut
22534,Off even
22535,Development specific
22536,Economic yard
22537,Radio machine
22538,Get along
22539,Around create
22540,Protect view
22541,Onto power
22542,Wrong method
22543,National people
22544,High several
22545,Little house
22546,Instead big
22547,Animal coach
22548,People resource
22549,Smile type
22550,Sometimes report
22551,Hear we
22552,Above act
22553,Camera then
22554,Rather finish
22555,Hold response
22556,Provide plan
22557,Pm when
22558,Line Congress
22559,Catch job
22560,Personal reach
22561,Laugh allow
22562,Happy back
22563,Receive model
22564,Eight for
22565,Source vote
22566,Trial throw
22567,Chair could
22568,Positive government
22569,Company phone
22570,Interview because
22571,Talk often
22572,Fact chair
22573,Road sea
22574,Unit grow
22575,Sort kind
22576,Our before
22577,Force threat
22578,Goal ago
22579,Kitchen news
22580,In generation
22581,Especially smile
22582,Evening impact
22583,Happen performance
22584,No interest
22585,Bar would
22586,Ball side
22587,Grow year
22588,Ability day
22589,Office apply
22590,Million us
22591,Accept society
22592,Two certainly
22593,Employee share
22594,Operation college
22595,Strategy expert
22596,Dog play
22597,Inside discover
22598,Though enjoy
22599,Shoulder expect
22600,View national
22601,Pattern under
22602,Other institution
22603,Draw so
22604,Ever pull
22605,Own campaign
22606,Wind guy
22607,Charge window
22608,Detail price
22609,Half close
22610,Foreign first
22611,North common
22612,Present water
22613,Industry record
22614,Thus maintain
22615,Easy write
22616,At sing
22617,Because yeah
22618,Use environment
22619,Area enter
22620,Seat heart
22621,Writer threat
22622,Red strong
22623,Decade food
22624,So baby
22625,Radio power
22626,Key themselves
22627,Situation spring
22628,Others majority
22629,Movement could
22630,Several could
22631,Trade window
22632,Try leave
22633,Environment member
22634,Feel final
22635,Situation true
22636,Heavy treatment
22637,Deal explain
22638,Performance less
22639,Page their
22640,The resource
22641,Your decision
22642,Manager add
22643,Director service
22644,Foreign paper
22645,Under possible
22646,Subject would
22647,Several nor
22648,White still
22649,Whether watch
22650,Relate although
22651,Authority value
22652,All want
22653,Fund suggest
22654,Unit simple
22655,Apply affect
22656,Pay reality
22657,Its professional
22658,Sister plan
22659,Need ever
22660,Matter value
22661,Color we
22662,This tend
22663,Girl side
22664,Culture activity
22665,Friend goal
22666,Response around
22667,To left
22668,Least song
22669,Wear those
22670,Part community
22671,Democratic move
22672,Find short
22673,Power white
22674,White establish
22675,Method between
22676,White hand
22677,Fill drug
22678,Picture notice
22679,Strategy property
22680,Water believe
22681,His trade
22682,Least wish
22683,Indicate open
22684,Receive radio
22685,Next after
22686,Nature hair
22687,He firm
22688,Necessary today
22689,Thus benefit
22690,Finally less
22691,Sort evening
22692,Resource green
22693,Theory camera
22694,Pay however
22695,Accept popular
22696,Adult goal
22697,Job argue
22698,Central think
22699,Remember federal
22700,Nor issue
22701,Culture voice
22702,Turn me
22703,Certainly someone
22704,Each common
22705,Note later
22706,True key
22707,Summer modern
22708,Then president
22709,Already reason
22710,Quality soldier
22711,Decide head
22712,Career direction
22713,About thus
22714,Seek civil
22715,Large hit
22716,May party
22717,Realize later
22718,Than woman
22719,Your theory
22720,Senior close
22721,Hospital above
22722,Sell region
22723,Success animal
22724,That whether
22725,Ten fine
22726,Student yeah
22727,Baby money
22728,Artist particularly
22729,Congress military
22730,Baby tend
22731,Religious toward
22732,Left either
22733,Low record
22734,Audience plan
22735,Fight series
22736,Yard population
22737,Late throughout
22738,Often check
22739,Success daughter
22740,Country life
22741,Foreign set
22742,Think final
22743,Since manager
22744,Smile skin
22745,Find either
22746,Middle though
22747,Discover game
22748,Year amount
22749,News law
22750,Final cut
22751,Close together
22752,Program choice
22753,Soon better
22754,White oil
22755,Mission yeah
22756,Agree us
22757,Very item
22758,Against when
22759,Speak treat
22760,Course coach
22761,Quickly allow
22762,Century other
22763,Property reason
22764,Research we
22765,Long foreign
22766,Throw small
22767,Lay station
22768,Day without
22769,Anything important
22770,Onto real
22771,Near can
22772,Point doctor
22773,Town job
22774,Perform you
22775,Art growth
22776,Movie woman
22777,Your able
22778,Lose pay
22779,Agreement cover
22780,Color certainly
22781,We performance
22782,Always notice
22783,Compare general
22784,Toward step
22785,Five focus
22786,Public herself
22787,Occur painting
22788,Present both
22789,Far expect
22790,Notice throughout
22791,Job top
22792,Rise skill
22793,Sea ground
22794,Area plant
22795,Bed simply
22796,Hope field
22797,Local pattern
22798,Gas much
22799,Resource leg
22800,Oil job
22801,Floor interest
22802,That paper
22803,Ahead receive
22804,End thank
22805,Card enough
22806,Lay research
22807,Fill admit
22808,Blue try
22809,Drop official
22810,Recognize career
22811,Through should
22812,Effort in
22813,So account
22814,No energy
22815,News voice
22816,There measure
22817,Force cell
22818,Radio wonder
22819,Factor week
22820,Away least
22821,Today camera
22822,Total relate
22823,Drug board
22824,Particular physical
22825,Next car
22826,Hotel like
22827,Method pattern
22828,Woman attention
22829,Site many
22830,Top loss
22831,Election policy
22832,Mind treat
22833,Role guess
22834,In society
22835,Build improve
22836,Inside over
22837,Responsibility want
22838,Enough low
22839,Second term
22840,Reality him
22841,View nearly
22842,Store lose
22843,Third reality
22844,Situation development
22845,Strategy show
22846,Magazine figure
22847,Trip down
22848,Show history
22849,Popular value
22850,Trip quite
22851,Minute under
22852,Word someone
22853,Family fight
22854,Call kind
22855,Opportunity positive
22856,These nice
22857,Gun treatment
22858,Various television
22859,Opportunity tend
22860,Perhaps find
22861,Scientist again
22862,Away board
22863,Article as
22864,Each when
22865,Budget toward
22866,Grow short
22867,Sometimes threat
22868,Among offer
22869,Lot concern
22870,Participant head
22871,Add character
22872,Strong her
22873,Where article
22874,Employee far
22875,Positive upon
22876,Opportunity because
22877,Agree city
22878,Politics democratic
22879,Person agreement
22880,Shake truth
22881,Go almost
22882,Project son
22883,Than scene
22884,People media
22885,Language memory
22886,Line floor
22887,Why check
22888,Visit appear
22889,Term task
22890,Side least
22891,Quality discover
22892,Girl trial
22893,Fall thing
22894,Family enough
22895,Cup race
22896,Apply born
22897,Challenge decide
22898,Case cup
22899,Practice possible
22900,Operation culture
22901,Then back
22902,Involve box
22903,Artist yet
22904,Item family
22905,People make
22906,Game front
22907,Worker difference
22908,If she
22909,Prepare door
22910,Head protect
22911,Begin room
22912,Interest rise
22913,Rise rate
22914,Mouth security
22915,His plant
22916,Quality chance
22917,Agent because
22918,Base air
22919,Realize will
22920,Ball key
22921,Just explain
22922,Question understand
22923,Answer deal
22924,Opportunity tonight
22925,By party
22926,Scene very
22927,Of carry
22928,Operation leave
22929,Finish capital
22930,Quality former
22931,State life
22932,Character discussion
22933,Often can
22934,Us radio
22935,Foreign before
22936,The study
22937,Hit after
22938,Professional indeed
22939,Name time
22940,Partner game
22941,Follow fish
22942,There good
22943,Book anything
22944,Similar become
22945,Child general
22946,Truth participant
22947,Throughout responsibility
22948,Task teacher
22949,Over for
22950,Partner about
22951,Brother machine
22952,Study month
22953,General happy
22954,Hard catch
22955,Available scientist
22956,Language ground
22957,Even teacher
22958,Should try
22959,Analysis woman
22960,Within rule
22961,Seem against
22962,To suggest
22963,Accept family
22964,Inside concern
22965,Kid control
22966,Activity avoid
22967,Might then
22968,Trial feeling
22969,Rate man
22970,Such factor
22971,Office whose
22972,But your
22973,Again prevent
22974,They speak
22975,Degree some
22976,Produce room
22977,Spend go
22978,Near commercial
22979,Very style
22980,Nice yeah
22981,Edge far
22982,Meeting hospital
22983,Become sure
22984,Present economic
22985,Gas school
22986,Very one
22987,None realize
22988,Table determine
22989,Accept class
22990,Billion where
22991,Present then
22992,Guy night
22993,Must bad
22994,Hair member
22995,Speak PM
22996,Detail myself
22997,More reflect
22998,Development play
22999,Billion less
23000,Full rich
23001,Someone way
23002,Member none
23003,Top yard
23004,Lot month
23005,Usually understand
23006,Specific old
23007,Be wait
23008,Treatment however
23009,Long teach
23010,Tough lot
23011,Tonight case
23012,Sort hospital
23013,Knowledge cold
23014,Through address
23015,Security nice
23016,Recently sign
23017,Administration better
23018,Really choose
23019,Full gas
23020,Drug subject
23021,Attention cup
23022,Tough agency
23023,Official daughter
23024,Middle capital
23025,A sing
23026,Course push
23027,They data
23028,Toward issue
23029,Pretty almost
23030,Sure matter
23031,News brother
23032,Present age
23033,Finish cold
23034,Strategy production
23035,Modern more
23036,Knowledge fill
23037,Level Republican
23038,Total only
23039,Official some
23040,Argue action
23041,Address trial
23042,Particularly activity
23043,Hospital people
23044,Art explain
23045,Always I
23046,Art tough
23047,Military cultural
23048,Anyone baby
23049,Clear order
23050,Company ability
23051,Just left
23052,Chance I
23053,Heavy local
23054,Western statement
23055,Fact administration
23056,Keep miss
23057,Guess box
23058,Two sure
23059,Attorney phone
23060,Move full
23061,Prepare know
23062,Likely ago
23063,Around view
23064,Training by
23065,Like very
23066,Chance floor
23067,Bed forget
23068,Economy develop
23069,Plant left
23070,American low
23071,Design in
23072,Close reflect
23073,Develop read
23074,Later nearly
23075,Tend term
23076,Factor build
23077,Treat foot
23078,Boy under
23079,Never Republican
23080,Campaign condition
23081,Draw may
23082,Along consider
23083,Eight section
23084,Author produce
23085,Deal likely
23086,Choice rich
23087,Recent she
23088,Culture bring
23089,Small among
23090,Call information
23091,Consider lawyer
23092,Provide free
23093,Data hot
23094,Interesting indicate
23095,Growth red
23096,Citizen institution
23097,Student none
23098,Film give
23099,Price couple
23100,Our difference
23101,Senior even
23102,Answer within
23103,Loss begin
23104,Boy could
23105,Weight return
23106,Sell event
23107,Member different
23108,Like apply
23109,Young laugh
23110,Difference perhaps
23111,Without big
23112,Determine attorney
23113,Show stage
23114,Report production
23115,Necessary lawyer
23116,Rate agent
23117,Everybody learn
23118,Long military
23119,Can anything
23120,Big detail
23121,Number reveal
23122,Edge effect
23123,Assume collection
23124,Their rock
23125,Fact many
23126,Song nor
23127,Take home
23128,Bit each
23129,Series probably
23130,Everybody business
23131,Behavior book
23132,Son boy
23133,Foot whose
23134,Free recognize
23135,Support eye
23136,Fall suggest
23137,No successful
23138,Party level
23139,Go both
23140,President turn
23141,Affect economic
23142,Letter difference
23143,Affect watch
23144,Part I
23145,Itself provide
23146,Weight series
23147,High side
23148,Big spring
23149,Have work
23150,Kind plant
23151,Whether behavior
23152,Direction walk
23153,Able safe
23154,Concern center
23155,Get thing
23156,Method last
23157,Cup present
23158,Realize something
23159,Response fish
23160,Fill include
23161,Down go
23162,Call left
23163,Open third
23164,Production child
23165,Section collection
23166,Happy laugh
23167,Finish human
23168,New human
23169,Partner billion
23170,Environment need
23171,Myself down
23172,White admit
23173,Us ten
23174,Ball family
23175,Question sea
23176,Energy voice
23177,Director week
23178,Religious different
23179,Among decade
23180,Where should
23181,Want director
23182,Finish Republican
23183,Manager detail
23184,Friend write
23185,Develop word
23186,Citizen enjoy
23187,Feel itself
23188,Push arrive
23189,Production we
23190,Establish billion
23191,Cover Mrs
23192,National thousand
23193,Reveal reality
23194,Town stuff
23195,Adult PM
23196,There political
23197,Last begin
23198,Accept financial
23199,Find reflect
23200,Best energy
23201,Rock everyone
23202,Between my
23203,Ability international
23204,Service his
23205,Forward also
23206,Choose myself
23207,Development new
23208,Nice region
23209,Threat officer
23210,Fill second
23211,Dark summer
23212,Fly cost
23213,Spring body
23214,Charge score
23215,Already skin
23216,Southern treatment
23217,Reveal kind
23218,Business able
23219,Less fine
23220,Site industry
23221,Health behind
23222,Example case
23223,Weight miss
23224,Collection walk
23225,Scientist a
23226,Could make
23227,Experience water
23228,Not radio
23229,Time current
23230,Top successful
23231,Policy sport
23232,Per position
23233,Compare phone
23234,Point need
23235,Political week
23236,Talk low
23237,Less write
23238,Always mother
23239,Fill really
23240,Southern green
23241,These surface
23242,Traditional someone
23243,Learn agent
23244,Word major
23245,Boy determine
23246,Couple white
23247,Network project
23248,Hard oil
23249,Able stage
23250,Very top
23251,Close station
23252,Which someone
23253,Account its
23254,Better beautiful
23255,Bill process
23256,Hospital thing
23257,Allow weight
23258,Kid cover
23259,Sign reveal
23260,Food for
23261,Think important
23262,Film improve
23263,Late friend
23264,Forget series
23265,Structure challenge
23266,Look stock
23267,Tough address
23268,Color member
23269,Camera base
23270,Learn food
23271,Stuff technology
23272,Even soldier
23273,Organization particular
23274,Author seek
23275,Hotel one
23276,Or base
23277,South contain
23278,Note American
23279,Everyone research
23280,Behind behavior
23281,Produce nice
23282,Room artist
23283,Available least
23284,Create step
23285,Teach phone
23286,Forget perform
23287,Who nation
23288,Them ago
23289,Shake medical
23290,Lose authority
23291,Staff only
23292,Property entire
23293,Candidate stay
23294,Newspaper commercial
23295,Action take
23296,Market commercial
23297,Impact both
23298,Consider task
23299,Style store
23300,Reduce receive
23301,Increase anyone
23302,We scientist
23303,Surface worker
23304,On see
23305,Speech memory
23306,President particularly
23307,Simply better
23308,Beautiful ball
23309,Best should
23310,Deep term
23311,Network big
23312,Quite represent
23313,Leave health
23314,Big building
23315,Over Mr
23316,Six tonight
23317,Friend task
23318,Rest create
23319,Serious short
23320,Much fish
23321,None bank
23322,Chair daughter
23323,Recently than
23324,Similar leader
23325,Worry contain
23326,Subject issue
23327,Statement same
23328,Much room
23329,Building also
23330,Join statement
23331,Cost response
23332,Sort into
23333,Newspaper tax
23334,Least job
23335,Up water
23336,Perform way
23337,Build close
23338,Herself federal
23339,Glass far
23340,Front the
23341,Hand military
23342,Ball along
23343,Sure soon
23344,Fill thing
23345,Together everyone
23346,Thing environment
23347,Rule or
23348,Challenge court
23349,Through describe
23350,Central protect
23351,Hotel industry
23352,Word ago
23353,Close available
23354,Race group
23355,Ahead success
23356,According country
23357,Top rather
23358,American effect
23359,Character almost
23360,Coach water
23361,Necessary your
23362,Help four
23363,Bit stop
23364,After happen
23365,Woman strategy
23366,To bill
23367,Generation Mrs
23368,Central foot
23369,Young moment
23370,Move very
23371,Call yes
23372,Usually rest
23373,Upon find
23374,Above family
23375,Size manage
23376,Together concern
23377,Plan paper
23378,Officer ball
23379,By type
23380,Free entire
23381,Grow to
23382,Must last
23383,Push area
23384,Interview return
23385,Indicate color
23386,Tree system
23387,Pretty financial
23388,Field case
23389,Understand letter
23390,Respond of
23391,Everybody officer
23392,Strong cell
23393,Together child
23394,Big structure
23395,Consumer almost
23396,Nothing carry
23397,Nice different
23398,Man strong
23399,Project standard
23400,Particular structure
23401,Quickly eye
23402,Shake economic
23403,Successful produce
23404,Already quality
23405,Art little
23406,Short tough
23407,Need everything
23408,Lawyer near
23409,While pull
23410,Your her
23411,Chance court
23412,Possible senior
23413,Believe sure
23414,Opportunity total
23415,Boy past
23416,I today
23417,Free green
23418,Choice go
23419,Least reality
23420,Trip analysis
23421,Whether nice
23422,Get effort
23423,Offer memory
23424,Figure community
23425,Defense whose
23426,Avoid agency
23427,Control stand
23428,Each party
23429,Turn letter
23430,Most sign
23431,Recent great
23432,Stay benefit
23433,Score central
23434,Describe group
23435,Right media
23436,So before
23437,Which him
23438,Show method
23439,Stock country
23440,Lawyer realize
23441,Phone give
23442,Standard too
23443,House guy
23444,Election around
23445,Design environmental
23446,Successful political
23447,Difference consumer
23448,Shake pretty
23449,Investment enough
23450,Data five
23451,For live
23452,Writer health
23453,Now would
23454,Card central
23455,Fall few
23456,Wall traditional
23457,Large run
23458,Your win
23459,Social that
23460,Easy station
23461,Size develop
23462,Model herself
23463,Until design
23464,Method south
23465,Pick not
23466,Speech resource
23467,Challenge school
23468,Television any
23469,Matter than
23470,Else grow
23471,Official other
23472,Pick hope
23473,Hand election
23474,Bring network
23475,Man everybody
23476,Imagine themselves
23477,Probably always
23478,Natural south
23479,Debate main
23480,Travel play
23481,Research discussion
23482,Purpose trade
23483,High teach
23484,Give fear
23485,War defense
23486,Onto detail
23487,Find conference
23488,Throughout need
23489,Just spring
23490,Language car
23491,Foot firm
23492,Similar home
23493,Safe war
23494,Account safe
23495,One population
23496,Hotel thank
23497,Believe turn
23498,Health hundred
23499,Growth offer
23500,Tax season
23501,Listen officer
23502,Occur realize
23503,Design concern
23504,Call choice
23505,Last conference
23506,Professional fund
23507,Nearly place
23508,Better bag
23509,Reflect our
23510,Wear dark
23511,Break ask
23512,Already less
23513,Rate voice
23514,May price
23515,Yet little
23516,Fire read
23517,Put where
23518,Which far
23519,Soon human
23520,Like occur
23521,Agreement author
23522,Both economy
23523,Collection coach
23524,Peace water
23525,End soon
23526,Suddenly shoulder
23527,Bit office
23528,Good onto
23529,Seven protect
23530,Particular everybody
23531,Cultural appear
23532,Suggest before
23533,Major service
23534,Agreement simply
23535,Article street
23536,Surface customer
23537,Author that
23538,Series these
23539,Whose give
23540,Resource sometimes
23541,Season glass
23542,Here hospital
23543,Use manage
23544,Act write
23545,Power describe
23546,Throw own
23547,Staff protect
23548,Teach begin
23549,Might eye
23550,Religious national
23551,Ball really
23552,Perhaps always
23553,Become member
23554,Pick ability
23555,Lay house
23556,Week support
23557,Measure audience
23558,Political until
23559,Herself key
23560,Get travel
23561,Space film
23562,Seem close
23563,Support crime
23564,Mean position
23565,Customer lay
23566,Nice commercial
23567,Various season
23568,Become old
23569,Everything skin
23570,Meet product
23571,Often decision
23572,Others lot
23573,Play candidate
23574,Sense relationship
23575,Miss certainly
23576,Maintain evidence
23577,Daughter cover
23578,Along soon
23579,Produce one
23580,Nice hair
23581,Speak then
23582,Ago role
23583,Training sing
23584,Force unit
23585,Very can
23586,Our police
23587,Safe say
23588,Body name
23589,Kind big
23590,Relationship hand
23591,Morning little
23592,Produce church
23593,Heart reflect
23594,Back sing
23595,Look fine
23596,Head establish
23597,Do but
23598,Month claim
23599,Through standard
23600,Nothing PM
23601,They test
23602,Admit study
23603,Another scene
23604,Father culture
23605,Support wall
23606,Church quickly
23607,Central people
23608,Floor bit
23609,For here
23610,Office tell
23611,Enough enjoy
23612,Sound almost
23613,Now card
23614,Little member
23615,Material table
23616,Bit middle
23617,Whatever return
23618,Positive much
23619,Require green
23620,Head son
23621,Rather doctor
23622,Yeah listen
23623,Inside player
23624,Need pattern
23625,End necessary
23626,Poor seem
23627,Room common
23628,So glass
23629,General hot
23630,Reason event
23631,Often heart
23632,Morning heart
23633,Cell current
23634,Piece either
23635,Bank rich
23636,Ten bill
23637,Authority themselves
23638,Work identify
23639,Card age
23640,Total character
23641,Through stand
23642,Right necessary
23643,Pressure difficult
23644,Hope parent
23645,Some than
23646,First part
23647,Office understand
23648,College peace
23649,Might authority
23650,Eye parent
23651,Partner brother
23652,Game let
23653,Owner pick
23654,Perform far
23655,Performance fall
23656,Town market
23657,Window door
23658,Challenge loss
23659,Such help
23660,Third half
23661,Let cup
23662,Seven deal
23663,Product population
23664,Trouble model
23665,Property design
23666,Middle threat
23667,Measure couple
23668,Never beautiful
23669,Water store
23670,Next girl
23671,Until crime
23672,Skill expert
23673,Across from
23674,Among dinner
23675,Position training
23676,After hold
23677,Deal arrive
23678,Civil place
23679,Thought much
23680,Wrong edge
23681,Safe fact
23682,Stuff turn
23683,State admit
23684,Trouble after
23685,Fear while
23686,Practice among
23687,Dark specific
23688,Hold last
23689,Policy store
23690,Buy as
23691,Another so
23692,Any prove
23693,Mind continue
23694,Specific police
23695,Claim buy
23696,Chair fill
23697,Between all
23698,American trial
23699,Message future
23700,Morning student
23701,What establish
23702,Difference green
23703,Close special
23704,Tax suggest
23705,History time
23706,Tend bank
23707,Science visit
23708,Usually current
23709,Project fire
23710,Claim partner
23711,Her type
23712,Our player
23713,Child recently
23714,Argue group
23715,Nature cut
23716,Authority color
23717,Congress second
23718,Media total
23719,American best
23720,Important down
23721,Item common
23722,Eight include
23723,Help health
23724,Soldier step
23725,Suffer a
23726,Card scene
23727,Environment forward
23728,Least hard
23729,Avoid ball
23730,This send
23731,Rise need
23732,Discussion cost
23733,Perhaps like
23734,Whether majority
23735,Bag herself
23736,Smile ball
23737,Center fly
23738,Miss town
23739,Street include
23740,Just the
23741,Short arrive
23742,Onto section
23743,Stock security
23744,Poor other
23745,Money look
23746,Role finally
23747,If president
23748,Sell allow
23749,Despite figure
23750,Week today
23751,Himself firm
23752,Avoid single
23753,Final approach
23754,Executive last
23755,Prepare specific
23756,Century trip
23757,Affect charge
23758,Great model
23759,Toward for
23760,Executive foreign
23761,Later animal
23762,Hour strong
23763,Player must
23764,Attention top
23765,Modern friend
23766,With question
23767,To yard
23768,College well
23769,Now available
23770,Green phone
23771,Him Republican
23772,Prove fill
23773,Tell media
23774,Thank I
23775,Whatever produce
23776,Prevent positive
23777,Officer inside
23778,Realize eight
23779,Most exactly
23780,Expert write
23781,Money choice
23782,Republican eat
23783,Last consider
23784,Never sign
23785,Continue send
23786,Increase brother
23787,Time subject
23788,Community age
23789,Likely rise
23790,Start social
23791,Image go
23792,Card institution
23793,Instead visit
23794,Foot off
23795,Dog federal
23796,Impact key
23797,By effect
23798,Arm professor
23799,Surface clearly
23800,Onto natural
23801,Morning with
23802,Next six
23803,Reduce choose
23804,Score green
23805,Early moment
23806,Fish dinner
23807,Than door
23808,Wear news
23809,Animal no
23810,Charge forget
23811,Sister wait
23812,Require despite
23813,She purpose
23814,Business list
23815,South point
23816,Discussion suggest
23817,Deep political
23818,Than suffer
23819,Understand into
23820,Work fire
23821,Affect outside
23822,Can order
23823,Arrive matter
23824,Stand seem
23825,Beautiful available
23826,Player change
23827,Very off
23828,Easy car
23829,Person particularly
23830,Trade instead
23831,Opportunity difficult
23832,Meeting less
23833,Plant value
23834,Film low
23835,Keep appear
23836,Leader interesting
23837,Everybody develop
23838,Guy south
23839,Reach future
23840,Culture you
23841,Couple shake
23842,Level her
23843,West tell
23844,Course hold
23845,Western fight
23846,Season minute
23847,Those respond
23848,Manage feel
23849,White significant
23850,Much care
23851,Fast player
23852,Fill son
23853,Current beautiful
23854,Under make
23855,Point police
23856,Senior brother
23857,Yeah likely
23858,Government evidence
23859,Commercial discover
23860,Government whatever
23861,Road particularly
23862,Society later
23863,Front administration
23864,Choice answer
23865,Result area
23866,Research add
23867,Age agency
23868,Leader sell
23869,Throw risk
23870,First military
23871,Site interest
23872,Role deal
23873,Should buy
23874,Mind a
23875,Allow important
23876,Stock test
23877,Position time
23878,Money professor
23879,Pm expert
23880,Soldier could
23881,Stop area
23882,Green above
23883,Discover eye
23884,Admit hundred
23885,Right nice
23886,Impact state
23887,Individual agreement
23888,Fall understand
23889,Because friend
23890,Firm fine
23891,Assume building
23892,Career fight
23893,Side light
23894,Would language
23895,Sure coach
23896,Better industry
23897,By tend
23898,Trial gas
23899,We rule
23900,Him out
23901,Size organization
23902,Local prevent
23903,Economy director
23904,Involve admit
23905,Box two
23906,Stuff control
23907,But style
23908,Car street
23909,Draw name
23910,Tax beyond
23911,Player century
23912,Over interview
23913,Health clear
23914,Black social
23915,About analysis
23916,Meeting pattern
23917,Why her
23918,Speak you
23919,Skill politics
23920,Whose why
23921,Really staff
23922,Reduce old
23923,Film north
23924,Sometimes cold
23925,Lot practice
23926,Want appear
23927,Offer industry
23928,At happen
23929,Home share
23930,Operation risk
23931,Continue would
23932,Heavy another
23933,Identify drive
23934,Want eye
23935,His race
23936,Bring strategy
23937,Lead character
23938,Somebody movie
23939,Live left
23940,Outside article
23941,As industry
23942,Thousand space
23943,Again time
23944,How run
23945,Life leader
23946,Us eat
23947,Southern check
23948,Follow you
23949,Lot strong
23950,Some only
23951,Financial although
23952,Sign charge
23953,Ability argue
23954,End happy
23955,Here run
23956,Six during
23957,Fly above
23958,Laugh performance
23959,Bag degree
23960,Material specific
23961,Wind move
23962,End law
23963,Other maintain
23964,Race choose
23965,West short
23966,Point idea
23967,Future support
23968,Little career
23969,Fear take
23970,Cold many
23971,Program early
23972,Democrat many
23973,Record break
23974,News hand
23975,Line opportunity
23976,Method assume
23977,Story pay
23978,Attack along
23979,Front different
23980,Traditional edge
23981,National we
23982,Degree billion
23983,Risk meet
23984,Agency care
23985,Majority focus
23986,Production message
23987,Either always
23988,Executive act
23989,Where pressure
23990,Others option
23991,Crime international
23992,Answer international
23993,Rest herself
23994,Difficult fish
23995,Near such
23996,Mention wonder
23997,Contain lay
23998,Section feel
23999,Crime specific
24000,View more
24001,Focus Democrat
24002,Authority success
24003,Up air
24004,Production lawyer
24005,Modern star
24006,Large military
24007,Weight cut
24008,Civil red
24009,Community stuff
24010,Rock religious
24011,Wind difficult
24012,Home know
24013,Business us
24014,Fish future
24015,Officer group
24016,Short choice
24017,Trade believe
24018,Shoulder early
24019,Where too
24020,Mouth special
24021,Size process
24022,Note relationship
24023,Alone mission
24024,Hair end
24025,Lose keep
24026,Still suffer
24027,View detail
24028,Important south
24029,Read land
24030,Story group
24031,Family box
24032,Prove bed
24033,Throughout protect
24034,Everyone decade
24035,Green though
24036,Air from
24037,Wear deep
24038,Employee none
24039,Room measure
24040,Activity play
24041,Voice explain
24042,Affect military
24043,Thought claim
24044,Senior door
24045,Especially civil
24046,Lose stand
24047,Building personal
24048,Modern history
24049,Official notice
24050,Account avoid
24051,Much machine
24052,Popular tough
24053,Painting recent
24054,Rate sign
24055,Already brother
24056,Social speech
24057,Ten adult
24058,Day project
24059,Son owner
24060,Must concern
24061,Strategy word
24062,Ago skill
24063,Body deep
24064,Address group
24065,Standard role
24066,Cultural often
24067,Course service
24068,Might skill
24069,Mission treatment
24070,Try strong
24071,Appear daughter
24072,Turn identify
24073,Onto boy
24074,Short floor
24075,After statement
24076,Enjoy physical
24077,Above leader
24078,On across
24079,Whose campaign
24080,Take series
24081,Country place
24082,She second
24083,Particularly season
24084,Sell true
24085,Get find
24086,Light that
24087,Issue role
24088,Three anyone
24089,It week
24090,Lay lawyer
24091,Himself modern
24092,Across and
24093,National back
24094,Skill exist
24095,Land break
24096,Tv maybe
24097,And simple
24098,Easy partner
24099,Human share
24100,Figure stand
24101,Community treat
24102,Source American
24103,Pressure movement
24104,Design energy
24105,Hit tree
24106,Key address
24107,Forward fear
24108,Professional capital
24109,Decade stay
24110,Night value
24111,Happen organization
24112,His social
24113,Store rest
24114,Black agency
24115,Middle suggest
24116,Show resource
24117,Catch meet
24118,Director federal
24119,Third authority
24120,Lay amount
24121,Describe deep
24122,Fight team
24123,Again site
24124,Need myself
24125,Brother former
24126,Care field
24127,Drive spend
24128,Strong produce
24129,Much quickly
24130,Everything official
24131,Fish know
24132,American expect
24133,Individual herself
24134,Well particular
24135,Control eat
24136,Trouble left
24137,Family direction
24138,Professor assume
24139,There worry
24140,Drive institution
24141,Here right
24142,Nothing each
24143,Instead environment
24144,Environment him
24145,Increase air
24146,Head scene
24147,Today economic
24148,Sign then
24149,Not able
24150,Head time
24151,Yard culture
24152,Growth entire
24153,Quite never
24154,While energy
24155,New discussion
24156,Attention near
24157,Friend onto
24158,Despite low
24159,Indicate action
24160,Open less
24161,Wife design
24162,Record computer
24163,Traditional until
24164,Role nature
24165,Support language
24166,Best forward
24167,Support together
24168,Growth some
24169,Bank strong
24170,Husband save
24171,Himself material
24172,Of learn
24173,Situation oil
24174,Small him
24175,Next task
24176,Benefit entire
24177,Past onto
24178,Practice away
24179,Conference amount
24180,Wall claim
24181,Say recognize
24182,Part region
24183,Fire clear
24184,Reveal real
24185,Minute available
24186,Paper understand
24187,Test southern
24188,Pattern doctor
24189,Ball real
24190,Dark thing
24191,Lot inside
24192,Which risk
24193,Employee type
24194,Fish certainly
24195,These weight
24196,Blood box
24197,Then risk
24198,Anything head
24199,Third staff
24200,Produce gas
24201,Day during
24202,Speech window
24203,Industry body
24204,Recognize beyond
24205,President describe
24206,Instead attorney
24207,Administration never
24208,Movie exist
24209,Baby drug
24210,Along white
24211,Media tree
24212,The best
24213,Affect down
24214,Somebody increase
24215,Before family
24216,Key visit
24217,Describe military
24218,Available expect
24219,Fight turn
24220,Above others
24221,Information themselves
24222,American three
24223,Particular public
24224,She small
24225,Less difficult
24226,Moment write
24227,Middle produce
24228,Difference room
24229,Yes common
24230,Eat both
24231,Read himself
24232,Short perform
24233,Prove contain
24234,Training trouble
24235,Dark building
24236,Pull second
24237,Accept since
24238,Central room
24239,Authority wear
24240,War law
24241,Development media
24242,Beat song
24243,Born degree
24244,Wrong beautiful
24245,Important these
24246,Reach knowledge
24247,Music thousand
24248,Small risk
24249,Similar style
24250,Institution door
24251,Call under
24252,Real behavior
24253,Month something
24254,During side
24255,One loss
24256,Write child
24257,Treatment alone
24258,Of issue
24259,Professional whole
24260,Chair television
24261,Other few
24262,Former fear
24263,News pay
24264,Bring sure
24265,Response learn
24266,School nor
24267,While like
24268,Serve vote
24269,Election decide
24270,Thing expect
24271,Everybody energy
24272,Great station
24273,Force low
24274,They reflect
24275,Mouth establish
24276,Structure step
24277,Recent pattern
24278,Trip various
24279,Down teach
24280,Woman maybe
24281,Response own
24282,Assume future
24283,Treatment policy
24284,Conference southern
24285,Authority enjoy
24286,Tax present
24287,Even grow
24288,Nor other
24289,Catch true
24290,Before show
24291,Young ten
24292,Nothing heavy
24293,Try certainly
24294,Base recognize
24295,Group member
24296,Beautiful shake
24297,War decade
24298,Education effort
24299,Gas any
24300,While color
24301,Area people
24302,Manager organization
24303,Standard official
24304,Race surface
24305,National land
24306,Difficult even
24307,Model cost
24308,Item visit
24309,Brother consider
24310,Tv show
24311,Need rule
24312,At hospital
24313,Prevent provide
24314,Minute spend
24315,Describe several
24316,Democrat room
24317,Will million
24318,When yes
24319,Model ability
24320,Police hour
24321,Use Congress
24322,Pick firm
24323,Father they
24324,Feel agree
24325,Get too
24326,Soon prove
24327,Lose role
24328,Town someone
24329,Shake include
24330,Choice road
24331,About amount
24332,Thing type
24333,Environment first
24334,Provide security
24335,Material group
24336,Avoid father
24337,Myself own
24338,Project agent
24339,Operation sport
24340,Someone above
24341,Exactly exactly
24342,Baby daughter
24343,Western use
24344,Return product
24345,Determine rise
24346,Live risk
24347,Approach her
24348,Huge management
24349,Officer actually
24350,Me but
24351,Suddenly early
24352,Reflect goal
24353,Medical memory
24354,Blue night
24355,Including election
24356,Start front
24357,Process design
24358,Fund benefit
24359,Government agreement
24360,College agent
24361,Mind image
24362,Book investment
24363,Outside police
24364,Because defense
24365,Everyone young
24366,Wind movement
24367,Hour not
24368,Entire forget
24369,Hold ever
24370,Claim risk
24371,Industry too
24372,Much kind
24373,Example from
24374,Rest factor
24375,This break
24376,Culture chance
24377,Add my
24378,Threat week
24379,Recognize cell
24380,Career though
24381,Affect health
24382,Them right
24383,Point science
24384,Significant whole
24385,Politics TV
24386,Amount little
24387,Season anything
24388,Maintain west
24389,Task team
24390,Doctor institution
24391,Parent television
24392,Tough door
24393,Clearly above
24394,Or impact
24395,Citizen yet
24396,Street either
24397,Position anything
24398,Thank team
24399,Reason interview
24400,Important store
24401,Usually north
24402,Room charge
24403,Beyond piece
24404,Order sit
24405,Safe college
24406,Clearly story
24407,Country stand
24408,Process tonight
24409,Each tax
24410,Minute building
24411,Reality quickly
24412,Foot answer
24413,Different catch
24414,Total suffer
24415,Animal job
24416,Him character
24417,Try price
24418,At alone
24419,Between find
24420,Heart minute
24421,Onto down
24422,Feeling scene
24423,Television size
24424,Serve all
24425,Catch figure
24426,Card unit
24427,Threat whatever
24428,Reflect foreign
24429,Ten author
24430,Hot impact
24431,Home prevent
24432,Big best
24433,Answer admit
24434,Vote specific
24435,Deal affect
24436,Today environmental
24437,Of air
24438,Move along
24439,Already writer
24440,Energy forget
24441,Boy final
24442,Lose expert
24443,Person surface
24444,Public serve
24445,Up event
24446,Both know
24447,Air beyond
24448,Religious account
24449,Group rich
24450,Prevent recent
24451,General show
24452,Behavior realize
24453,Lot life
24454,Care return
24455,Thought big
24456,Foot recently
24457,Wrong memory
24458,Financial past
24459,Wonder detail
24460,Information soldier
24461,List rather
24462,Player test
24463,Summer point
24464,We onto
24465,Clearly upon
24466,Maintain enough
24467,Day large
24468,Matter thousand
24469,Congress world
24470,Worry sit
24471,Drop how
24472,Happy clearly
24473,Notice fast
24474,People any
24475,Point interesting
24476,Since make
24477,Find great
24478,Cut million
24479,Recognize financial
24480,Much report
24481,Culture in
24482,Should such
24483,System ask
24484,Point moment
24485,Decision forget
24486,Rather director
24487,City scene
24488,Suffer in
24489,In kitchen
24490,Suffer senior
24491,Hope travel
24492,Particular later
24493,Relationship piece
24494,Science admit
24495,Bed quickly
24496,Write foot
24497,Seven finally
24498,Enter dog
24499,Own machine
24500,Similar build
24501,Outside consumer
24502,Goal human
24503,Matter skill
24504,Truth front
24505,Fear enjoy
24506,Sign large
24507,Discuss win
24508,Specific money
24509,Role energy
24510,Memory manage
24511,Close wait
24512,Democrat training
24513,Answer sister
24514,Lot fish
24515,Must attorney
24516,Draw note
24517,Voice shoulder
24518,Character particularly
24519,Itself know
24520,Color speech
24521,Home hour
24522,Article side
24523,Most doctor
24524,Example run
24525,Possible computer
24526,Thank top
24527,Poor student
24528,Third worry
24529,Customer enjoy
24530,Thousand cold
24531,Student wind
24532,Themselves nice
24533,Me individual
24534,Law option
24535,Opportunity shake
24536,Mrs together
24537,Marriage rule
24538,Possible while
24539,We list
24540,Industry current
24541,Often stop
24542,Thank organization
24543,Sort tree
24544,Like city
24545,Night security
24546,Include kind
24547,According east
24548,Section season
24549,Able include
24550,Threat some
24551,Section candidate
24552,Describe include
24553,End grow
24554,Policy improve
24555,Only else
24556,Institution else
24557,Image coach
24558,Medical accept
24559,Back environmental
24560,Major report
24561,Also expect
24562,Teach our
24563,Career similar
24564,Morning way
24565,Test shake
24566,Employee vote
24567,Able thank
24568,Trade message
24569,Staff room
24570,Again campaign
24571,Painting always
24572,Decide price
24573,Then person
24574,Everyone base
24575,Determine should
24576,Business dinner
24577,Fire have
24578,Trade party
24579,Affect more
24580,Little heavy
24581,Particular my
24582,Sign responsibility
24583,Spend likely
24584,Old type
24585,Figure notice
24586,Friend discover
24587,Own off
24588,First learn
24589,Station necessary
24590,Worker cut
24591,International wrong
24592,Part follow
24593,Dream front
24594,Avoid assume
24595,Already left
24596,Foot hold
24597,Turn anything
24598,State majority
24599,Throughout different
24600,And floor
24601,Executive skin
24602,Character health
24603,Thousand challenge
24604,Behavior down
24605,Stock adult
24606,Time choice
24607,Under sort
24608,Seem design
24609,Per bar
24610,Over up
24611,Physical ask
24612,Shoulder behind
24613,Five knowledge
24614,Bit year
24615,Pretty popular
24616,Black along
24617,Fear sort
24618,Over enter
24619,Clearly rise
24620,Able describe
24621,Economic amount
24622,Avoid news
24623,Organization word
24624,Interest hour
24625,Foot provide
24626,Ago per
24627,Sea spend
24628,Call would
24629,Of star
24630,Education him
24631,Follow rather
24632,General quickly
24633,Different rate
24634,Health economy
24635,Attack man
24636,These under
24637,Accept open
24638,Sense the
24639,Statement from
24640,Attention development
24641,Support significant
24642,Blood sea
24643,Example air
24644,Somebody sea
24645,Age teach
24646,Guy that
24647,Soldier small
24648,Resource chance
24649,Baby together
24650,Series say
24651,Newspaper case
24652,Explain enough
24653,Age effect
24654,Rock against
24655,College remember
24656,Product camera
24657,Keep education
24658,Back fine
24659,Support city
24660,Manager because
24661,Nation stock
24662,Him report
24663,Area industry
24664,Participant artist
24665,Interesting usually
24666,Figure project
24667,Forget learn
24668,Never decision
24669,Change democratic
24670,Pm president
24671,Individual company
24672,Director start
24673,Black and
24674,Always answer
24675,Floor on
24676,Wonder image
24677,Sister account
24678,Year prove
24679,Magazine step
24680,Behavior south
24681,Health local
24682,Center middle
24683,Story bar
24684,Process second
24685,Mention south
24686,Generation apply
24687,Tax machine
24688,Walk drop
24689,Company chance
24690,Half ask
24691,Only teach
24692,Through letter
24693,Article heart
24694,Win area
24695,Trouble science
24696,Firm environmental
24697,Play hard
24698,Offer pull
24699,Just entire
24700,Teach religious
24701,Sea hospital
24702,Position name
24703,Arm series
24704,Might on
24705,Five main
24706,Ahead system
24707,Affect travel
24708,Success truth
24709,Today pretty
24710,First movie
24711,Teacher such
24712,Concern despite
24713,National growth
24714,Mrs red
24715,Around should
24716,Cold myself
24717,Oil drug
24718,Cultural region
24719,Good size
24720,Town break
24721,Become maybe
24722,Standard system
24723,Across model
24724,Guy lay
24725,Hour prevent
24726,Building toward
24727,Away continue
24728,Glass play
24729,Fear total
24730,Meet sea
24731,Deal everyone
24732,Particularly you
24733,Sort should
24734,Author ok
24735,Western fire
24736,My memory
24737,Business even
24738,Free chair
24739,Worry size
24740,Religious middle
24741,Notice free
24742,Some knowledge
24743,Deal agreement
24744,Give enter
24745,Probably important
24746,Between main
24747,Foot win
24748,Always stop
24749,Simple accept
24750,Pressure important
24751,Heart computer
24752,Good scene
24753,Fund man
24754,Others team
24755,National should
24756,Next arm
24757,Rather yeah
24758,He lay
24759,Week in
24760,Again down
24761,Base guess
24762,Himself list
24763,Per live
24764,Follow contain
24765,Dog even
24766,Record worker
24767,Team article
24768,Threat community
24769,Cover everyone
24770,If return
24771,Better real
24772,Environment sure
24773,Bed follow
24774,Analysis course
24775,Tend someone
24776,Assume civil
24777,Consider sound
24778,Determine outside
24779,Car per
24780,Morning strong
24781,Operation all
24782,Rest part
24783,Group purpose
24784,Study alone
24785,Look food
24786,Instead bar
24787,Present economy
24788,Society book
24789,Against campaign
24790,Create side
24791,Citizen deal
24792,Become run
24793,Year season
24794,Group they
24795,Attack clear
24796,Give today
24797,Mind news
24798,Experience under
24799,Throw sound
24800,Simply activity
24801,Act walk
24802,Onto suddenly
24803,Already spring
24804,Ready degree
24805,Any create
24806,Matter there
24807,Culture play
24808,North doctor
24809,Television should
24810,End thought
24811,Son suddenly
24812,Yourself spring
24813,Ok condition
24814,Language road
24815,Hot he
24816,Group health
24817,Standard reflect
24818,Pass herself
24819,It factor
24820,Learn heart
24821,Begin page
24822,Movie security
24823,Street wear
24824,Dog discover
24825,Energy hour
24826,Less rock
24827,With want
24828,Property country
24829,May chance
24830,Like range
24831,Week painting
24832,Five everyone
24833,Answer western
24834,Rule enjoy
24835,Question sign
24836,Hair thought
24837,Point window
24838,Move remain
24839,During town
24840,Talk analysis
24841,Different out
24842,Growth through
24843,Body remember
24844,Worker weight
24845,Article whatever
24846,Several to
24847,Improve have
24848,Story program
24849,Structure but
24850,Set pick
24851,Require toward
24852,Be condition
24853,Bank next
24854,Sell win
24855,Southern large
24856,White drop
24857,Staff financial
24858,Gas dog
24859,Kid wonder
24860,Boy dog
24861,Sort as
24862,Walk present
24863,Deep board
24864,Cup impact
24865,Guy major
24866,Prepare personal
24867,On any
24868,Hard material
24869,Nearly government
24870,Receive history
24871,Blood position
24872,Tax while
24873,Record off
24874,Speech challenge
24875,Civil trip
24876,Employee represent
24877,Them standard
24878,Serious religious
24879,Meet above
24880,Right understand
24881,Standard bit
24882,Seven value
24883,Best window
24884,Score political
24885,Ball leave
24886,Majority guess
24887,Across great
24888,Clearly phone
24889,Fire computer
24890,When development
24891,Ahead second
24892,Security break
24893,On he
24894,Responsibility allow
24895,Letter truth
24896,Together present
24897,Lawyer impact
24898,Everyone behind
24899,What ago
24900,Beautiful author
24901,Order show
24902,Debate development
24903,Hope major
24904,Wide side
24905,Think night
24906,Study history
24907,Something admit
24908,Someone too
24909,I stuff
24910,Down including
24911,Next draw
24912,Level throw
24913,Stage treatment
24914,Trouble marriage
24915,Adult eye
24916,Enter ground
24917,Run card
24918,Nice development
24919,Particular campaign
24920,Hard out
24921,Ready newspaper
24922,Dog sell
24923,Before six
24924,Result picture
24925,Only have
24926,Security style
24927,Care particular
24928,Main issue
24929,Sport million
24930,Store wear
24931,By radio
24932,Outside nothing
24933,None manager
24934,Strategy similar
24935,Me put
24936,Reason collection
24937,Increase grow
24938,Night final
24939,Wrong establish
24940,Will course
24941,Opportunity doctor
24942,Ten party
24943,Wonder writer
24944,Against break
24945,At return
24946,Community affect
24947,Now type
24948,Think Mr
24949,Write leg
24950,Often father
24951,Series marriage
24952,Area goal
24953,Section mission
24954,Resource me
24955,Offer sometimes
24956,Arm support
24957,Especially the
24958,Culture identify
24959,Something society
24960,Student trip
24961,Give the
24962,Door parent
24963,Accept everybody
24964,This Democrat
24965,Available stock
24966,Picture summer
24967,Region explain
24968,Prevent girl
24969,Test food
24970,Very instead
24971,Onto inside
24972,Fast start
24973,Fast blue
24974,Event once
24975,Future political
24976,Site have
24977,Stage value
24978,Decide it
24979,Method try
24980,International forward
24981,Someone our
24982,Particular sit
24983,Man into
24984,Audience avoid
24985,Himself practice
24986,Allow really
24987,Particularly ball
24988,Might investment
24989,Sometimes night
24990,Face sense
24991,Available necessary
24992,By control
24993,Bit look
24994,Second action
24995,Be her
24996,Evidence important
24997,Possible north
24998,Realize left
24999,Pressure past
25000,Office hit
25001,Baby dream
25002,At top
25003,Local positive
25004,Onto education
25005,Road director
25006,Development floor
25007,Power hit
25008,Including this
25009,Laugh one
25010,Other heavy
25011,Pressure tend
25012,Leg somebody
25013,Include free
25014,Role measure
25015,Republican lot
25016,Image offer
25017,Know foreign
25018,Or thank
25019,Air price
25020,Top wind
25021,Whose financial
25022,Policy month
25023,Work play
25024,Physical early
25025,Movie own
25026,Officer mean
25027,Too break
25028,Test nearly
25029,Deep hospital
25030,Unit Republican
25031,Say his
25032,Will toward
25033,World leave
25034,Focus west
25035,Example side
25036,Movement middle
25037,Similar data
25038,End project
25039,Several film
25040,Pick American
25041,Most per
25042,Political radio
25043,North join
25044,Call make
25045,Involve high
25046,Allow travel
25047,Learn look
25048,Wife there
25049,Hair bank
25050,City less
25051,Activity suggest
25052,Realize treat
25053,Source get
25054,They describe
25055,Thus without
25056,Simply similar
25057,Exactly best
25058,Same rock
25059,Provide part
25060,Notice sing
25061,While everybody
25062,Type local
25063,Question again
25064,Position affect
25065,Member ability
25066,Evidence central
25067,Administration subject
25068,Use strategy
25069,Religious heart
25070,Soldier marriage
25071,What statement
25072,Structure yet
25073,Forward major
25074,Bar be
25075,To bit
25076,Star total
25077,His return
25078,Soldier dark
25079,Behind should
25080,After generation
25081,Half use
25082,Field present
25083,Mind us
25084,Rich newspaper
25085,Character late
25086,My school
25087,Occur imagine
25088,Wind cultural
25089,Him car
25090,To identify
25091,Data today
25092,Discussion enough
25093,Campaign language
25094,Left citizen
25095,Available during
25096,Care call
25097,Describe public
25098,Cut culture
25099,Open certain
25100,Debate thought
25101,Structure responsibility
25102,At possible
25103,Do realize
25104,Anything mission
25105,Compare future
25106,Lay use
25107,Tree blood
25108,Factor must
25109,Husband opportunity
25110,Perhaps will
25111,Goal determine
25112,Heavy pattern
25113,Career simple
25114,Until dark
25115,Box even
25116,Improve go
25117,Increase purpose
25118,Range officer
25119,Ready less
25120,Pick unit
25121,Last require
25122,School wonder
25123,Will window
25124,State town
25125,Building college
25126,Choice sport
25127,Medical wear
25128,Determine public
25129,Degree approach
25130,Glass Republican
25131,It window
25132,Letter investment
25133,Activity reveal
25134,Apply campaign
25135,Democratic hold
25136,Travel Republican
25137,On hit
25138,Relationship statement
25139,Center seem
25140,Attack cold
25141,Lose not
25142,Rock number
25143,Conference foot
25144,Allow account
25145,Opportunity cold
25146,Pay politics
25147,Nature suffer
25148,Spring article
25149,Government reflect
25150,When word
25151,Modern control
25152,Or do
25153,Charge whom
25154,Bag thought
25155,Nor work
25156,Able employee
25157,Summer total
25158,Result reveal
25159,Partner his
25160,Address economic
25161,Analysis interview
25162,Raise fish
25163,Arrive cost
25164,Ever fill
25165,Author street
25166,Identify main
25167,Democrat officer
25168,Somebody treatment
25169,International baby
25170,Late finally
25171,Son law
25172,Activity want
25173,Admit pick
25174,Trip of
25175,International section
25176,Role wife
25177,Subject a
25178,Maintain require
25179,Effort him
25180,Election trial
25181,Debate moment
25182,First card
25183,Respond determine
25184,Born claim
25185,Material environmental
25186,Of trial
25187,Security read
25188,Say bag
25189,Live real
25190,Serious like
25191,Behind station
25192,Strategy listen
25193,Maintain decade
25194,Include one
25195,Who recently
25196,Effect morning
25197,Bar per
25198,His green
25199,Perform issue
25200,Establish manager
25201,Behind nor
25202,Him mean
25203,Benefit bring
25204,Operation much
25205,Television according
25206,Organization soon
25207,Travel top
25208,Reflect add
25209,Leader usually
25210,Market simple
25211,Political past
25212,List work
25213,Range character
25214,And gas
25215,Ago either
25216,Lay work
25217,Government cover
25218,Hospital fire
25219,Million federal
25220,Live city
25221,Draw raise
25222,Media too
25223,Type kind
25224,Rise pattern
25225,Customer charge
25226,Try Mr
25227,The catch
25228,Particularly yes
25229,Receive upon
25230,Unit then
25231,Situation cost
25232,Institution ability
25233,Need hand
25234,Never here
25235,Instead per
25236,Out cold
25237,Example himself
25238,Notice easy
25239,Thus plant
25240,Any once
25241,We clearly
25242,Religious set
25243,Per sure
25244,Vote produce
25245,Record body
25246,Increase right
25247,Prevent teach
25248,According although
25249,Participant others
25250,Girl box
25251,In good
25252,Side site
25253,Important we
25254,Upon speech
25255,Wrong compare
25256,Question four
25257,Return himself
25258,Help tough
25259,Score still
25260,Play especially
25261,Management serve
25262,Fast tonight
25263,Color capital
25264,Want what
25265,Represent star
25266,Speak attorney
25267,Guess impact
25268,Bed assume
25269,Trade last
25270,Student financial
25271,He book
25272,Where movement
25273,There effect
25274,Training vote
25275,Past ground
25276,Like form
25277,Assume Mr
25278,Town social
25279,Side break
25280,Collection easy
25281,Data realize
25282,Compare power
25283,Ask pattern
25284,Enough me
25285,Voice group
25286,Civil three
25287,Business Democrat
25288,What word
25289,Think we
25290,Option morning
25291,Exactly moment
25292,Rest democratic
25293,Final reality
25294,Indicate win
25295,Style enjoy
25296,Enough them
25297,Believe relationship
25298,Have school
25299,Clear nor
25300,Clearly music
25301,Number detail
25302,Attorney heavy
25303,Walk skill
25304,Game that
25305,Of activity
25306,Reduce back
25307,All series
25308,Manage voice
25309,Along he
25310,Should rest
25311,However free
25312,Chance perhaps
25313,Start career
25314,Benefit control
25315,Stop campaign
25316,Seem reflect
25317,Off soon
25318,Economic ask
25319,Increase hold
25320,Call church
25321,Year radio
25322,Your example
25323,Something onto
25324,Gas federal
25325,Career science
25326,Happen eat
25327,Mouth wait
25328,Recently day
25329,North allow
25330,Could indeed
25331,Your guess
25332,International phone
25333,Off east
25334,Budget join
25335,Nice pick
25336,Report soon
25337,Only Mrs
25338,Simply civil
25339,Somebody sell
25340,Nation story
25341,Million participant
25342,New only
25343,Cause way
25344,Financial simple
25345,Pick loss
25346,Himself yes
25347,Off beat
25348,Voice rate
25349,Film look
25350,Case after
25351,Exist environmental
25352,Anyone among
25353,World cut
25354,Site number
25355,What since
25356,Him ability
25357,Say year
25358,If focus
25359,City popular
25360,Probably walk
25361,Point sit
25362,Form radio
25363,Southern way
25364,Reality gun
25365,Buy certainly
25366,Day far
25367,Daughter future
25368,Director message
25369,Cut top
25370,Image amount
25371,Picture certain
25372,Industry total
25373,Adult story
25374,Machine standard
25375,Clear hear
25376,Of arrive
25377,Grow least
25378,Theory he
25379,Feel international
25380,Thing social
25381,Hope hundred
25382,Arrive front
25383,Control book
25384,Break action
25385,Bring peace
25386,Place across
25387,Student cold
25388,Turn would
25389,Purpose control
25390,Green people
25391,Specific trouble
25392,Least another
25393,Soon wish
25394,Century hand
25395,Sing fear
25396,Site just
25397,Accept region
25398,Night really
25399,Baby career
25400,Turn scene
25401,Ever start
25402,Various system
25403,If fire
25404,Notice television
25405,Hundred smile
25406,Add test
25407,Forward yes
25408,Treat real
25409,President director
25410,Year example
25411,Will day
25412,Good show
25413,Must lay
25414,Professional shake
25415,Memory sing
25416,Close paper
25417,Commercial loss
25418,Give trial
25419,Billion individual
25420,Pull yes
25421,Production itself
25422,Student prevent
25423,This huge
25424,Word fund
25425,Growth eight
25426,Bank remember
25427,Career dog
25428,Vote arm
25429,Thank money
25430,Language according
25431,Democrat will
25432,Daughter least
25433,Method man
25434,You PM
25435,Final stop
25436,These according
25437,Site think
25438,New open
25439,Five include
25440,Buy how
25441,Either end
25442,Nearly thus
25443,Name describe
25444,Practice receive
25445,Issue service
25446,These film
25447,Necessary various
25448,Whether attack
25449,Inside something
25450,Race mention
25451,Stop step
25452,Think type
25453,Attorney top
25454,A present
25455,What painting
25456,Defense nation
25457,Talk sometimes
25458,Magazine daughter
25459,Improve argue
25460,End unit
25461,Day think
25462,Culture term
25463,Board experience
25464,Word look
25465,Future huge
25466,Scientist about
25467,Fill federal
25468,Else race
25469,Call let
25470,Week media
25471,Night commercial
25472,Serve measure
25473,Interesting simple
25474,Herself data
25475,Toward his
25476,Seven about
25477,Artist source
25478,Firm result
25479,Want nation
25480,Successful learn
25481,Your face
25482,Education history
25483,Crime kid
25484,By service
25485,Five television
25486,End yes
25487,Spring kid
25488,Center go
25489,Culture ability
25490,Hair gas
25491,Image house
25492,Understand deep
25493,Particular American
25494,War tell
25495,Bank whatever
25496,Cup begin
25497,Fear leave
25498,Those anything
25499,Avoid interview
25500,Hair and
25501,Behind some
25502,Determine look
25503,Us sport
25504,Move smile
25505,I sit
25506,Something hotel
25507,Pass crime
25508,Much age
25509,Wall fight
25510,Imagine value
25511,Against none
25512,Person anything
25513,Find together
25514,Small chance
25515,Main husband
25516,Region collection
25517,Only marriage
25518,Protect guy
25519,Sing bar
25520,Student represent
25521,Grow color
25522,Interesting sister
25523,Drive girl
25524,Set hard
25525,Onto vote
25526,Yourself to
25527,Safe most
25528,Professor I
25529,Else himself
25530,Surface wind
25531,Far wide
25532,Against your
25533,Tax describe
25534,Service fast
25535,Wish cold
25536,Season let
25537,Easy tree
25538,Pass couple
25539,Provide gun
25540,Reason officer
25541,Very including
25542,Also mouth
25543,Billion security
25544,Consumer clear
25545,Anyone type
25546,Wrong not
25547,Need base
25548,Class offer
25549,Impact they
25550,Chance identify
25551,Exactly item
25552,Fight training
25553,Yet wind
25554,Buy live
25555,Style reflect
25556,Social for
25557,Person watch
25558,National recent
25559,Line authority
25560,Step final
25561,Keep wind
25562,They food
25563,Within question
25564,Nothing treatment
25565,Result month
25566,Thing form
25567,Blood yet
25568,Their action
25569,Senior attorney
25570,Close in
25571,Democrat leave
25572,Attention onto
25573,Class fast
25574,Theory down
25575,Politics major
25576,Turn activity
25577,Let kid
25578,Sort crime
25579,Let small
25580,Soon seek
25581,Financial pattern
25582,Despite opportunity
25583,Argue especially
25584,Hotel claim
25585,Could smile
25586,Industry back
25587,Agent ahead
25588,Edge result
25589,Notice doctor
25590,Special dog
25591,Important most
25592,Rest national
25593,Impact worry
25594,Skin when
25595,Language time
25596,Own sometimes
25597,Candidate marriage
25598,Agreement analysis
25599,Several statement
25600,Soon significant
25601,Result shoulder
25602,Simply back
25603,Bank like
25604,Any end
25605,Rise parent
25606,Music mother
25607,Voice pull
25608,Among produce
25609,Six feel
25610,Writer term
25611,Rock mother
25612,Fish paper
25613,Newspaper table
25614,Country can
25615,Health author
25616,Seven day
25617,Thus dark
25618,Car born
25619,Tend tell
25620,Know enough
25621,Fire floor
25622,Environment particular
25623,Responsibility soldier
25624,Produce usually
25625,Push consumer
25626,Store science
25627,Enter full
25628,Thing safe
25629,Environmental own
25630,Indeed send
25631,Analysis where
25632,I serious
25633,Manager drive
25634,Man care
25635,Wish produce
25636,Author impact
25637,What plant
25638,Many truth
25639,Activity everybody
25640,Bank unit
25641,Focus hair
25642,Particular final
25643,Where analysis
25644,Require article
25645,I share
25646,Anyone continue
25647,Study claim
25648,Along conference
25649,Look education
25650,Ask hold
25651,Power teach
25652,Beyond five
25653,Always early
25654,Need rest
25655,Last language
25656,Which without
25657,Mean cause
25658,Total month
25659,Job side
25660,Rest school
25661,Able environmental
25662,Involve out
25663,Example station
25664,Stuff mission
25665,However attack
25666,Teach daughter
25667,Pass visit
25668,Raise administration
25669,Leave part
25670,Rich method
25671,Once exist
25672,Father television
25673,Open provide
25674,Door Mrs
25675,Buy accept
25676,Decide beautiful
25677,School should
25678,Century ago
25679,Must many
25680,Play add
25681,Seem support
25682,Herself single
25683,Beautiful section
25684,Six common
25685,Note bring
25686,Option seek
25687,What stay
25688,Yard pattern
25689,Recently two
25690,Participant director
25691,Property teach
25692,Music why
25693,Ago forward
25694,Again wait
25695,Leader itself
25696,Stand range
25697,Idea start
25698,Player service
25699,Consider catch
25700,Career full
25701,Education method
25702,Police age
25703,Organization information
25704,Society for
25705,Entire people
25706,Stock center
25707,Future minute
25708,Energy clearly
25709,Society stage
25710,Learn budget
25711,Agreement suggest
25712,That interest
25713,Help rise
25714,Agency understand
25715,Shake prepare
25716,Form kid
25717,Seven customer
25718,Sell stuff
25719,Over relate
25720,Democratic own
25721,Enjoy operation
25722,Production house
25723,Almost without
25724,Take pretty
25725,Believe school
25726,Government bar
25727,Former image
25728,Owner decade
25729,Room watch
25730,Suddenly strong
25731,Debate run
25732,Task place
25733,Card medical
25734,Add important
25735,Other break
25736,High worry
25737,Section develop
25738,Expect according
25739,Make shoulder
25740,It section
25741,Stay lose
25742,Court name
25743,Each fact
25744,Key blood
25745,Provide black
25746,Suggest long
25747,Serve own
25748,Draw could
25749,Member exactly
25750,Election forward
25751,Operation fish
25752,Hear ground
25753,Worker join
25754,Coach couple
25755,Carry perhaps
25756,Your way
25757,Degree show
25758,Movement check
25759,Reveal card
25760,Reveal everything
25761,Room toward
25762,Chance apply
25763,Tonight great
25764,Responsibility on
25765,Capital ever
25766,End growth
25767,West eat
25768,Real that
25769,History police
25770,Along nothing
25771,Pretty gas
25772,Father water
25773,Cell arm
25774,Gas beyond
25775,None cultural
25776,Organization visit
25777,Those attorney
25778,Reason hand
25779,Just bed
25780,Face machine
25781,Also minute
25782,Tonight note
25783,Most on
25784,Economic two
25785,Little happen
25786,Explain car
25787,Begin large
25788,Deep toward
25789,Senior hope
25790,Cold economy
25791,Similar rock
25792,Pretty piece
25793,Travel there
25794,See add
25795,Defense structure
25796,Bed send
25797,Activity myself
25798,Activity letter
25799,Time book
25800,Call financial
25801,During participant
25802,Appear without
25803,History hold
25804,Police support
25805,Morning contain
25806,Enter machine
25807,Score begin
25808,Order throughout
25809,Money fly
25810,Relate lose
25811,Nice possible
25812,Rock rather
25813,Including up
25814,Really pretty
25815,Important short
25816,Five notice
25817,Nature issue
25818,View education
25819,Than though
25820,Month bar
25821,Pretty history
25822,Chair data
25823,Skin game
25824,Kitchen through
25825,Woman late
25826,Well scene
25827,Race smile
25828,Student within
25829,Describe often
25830,Left deep
25831,So model
25832,Stop way
25833,Born production
25834,Produce education
25835,Little indicate
25836,Hit company
25837,Voice staff
25838,Itself face
25839,Southern TV
25840,Fish take
25841,Watch recognize
25842,Shake once
25843,Fire time
25844,Line five
25845,What or
25846,Court company
25847,Plan civil
25848,Determine represent
25849,I else
25850,Dinner that
25851,Soon me
25852,Little thing
25853,Yourself indeed
25854,World it
25855,Already page
25856,Mr subject
25857,Law newspaper
25858,Hair its
25859,Drive view
25860,Actually source
25861,Politics benefit
25862,Media develop
25863,Western Republican
25864,Treat weight
25865,Raise prevent
25866,Reason amount
25867,Both because
25868,Seat line
25869,No nature
25870,Officer help
25871,Suffer this
25872,Popular writer
25873,College who
25874,Toward share
25875,Develop letter
25876,Trouble necessary
25877,Air management
25878,Unit clearly
25879,Bank hope
25880,Commercial learn
25881,Teacher lot
25882,Plant car
25883,Job simple
25884,Eye example
25885,According probably
25886,Degree that
25887,Well you
25888,Various trouble
25889,Opportunity defense
25890,Effect military
25891,Animal six
25892,Tonight sense
25893,Final over
25894,Camera daughter
25895,Heavy foot
25896,Bad act
25897,Party analysis
25898,Her modern
25899,Sometimes firm
25900,Turn institution
25901,Station movement
25902,Maybe affect
25903,Opportunity better
25904,Plan meeting
25905,Hotel wide
25906,Market compare
25907,Number care
25908,Enough president
25909,Program between
25910,Plan nor
25911,Individual allow
25912,Wait because
25913,Project certainly
25914,Church kind
25915,Could side
25916,Measure up
25917,Project inside
25918,Game them
25919,Light single
25920,Structure learn
25921,Establish stage
25922,Government far
25923,Push several
25924,End arrive
25925,Understand where
25926,Dark several
25927,Only certainly
25928,Wish southern
25929,Think economic
25930,Mother sense
25931,Great us
25932,Section policy
25933,Spend area
25934,Mrs hour
25935,Clear break
25936,Indeed project
25937,Study certain
25938,Report voice
25939,All carry
25940,College nature
25941,Whether cut
25942,Worry piece
25943,Same exist
25944,Beat station
25945,No chance
25946,Management way
25947,Cost listen
25948,Kid itself
25949,Onto fine
25950,Family always
25951,Not mission
25952,Better require
25953,Involve consumer
25954,Each serious
25955,Goal party
25956,Air better
25957,Character thousand
25958,Stop own
25959,Computer financial
25960,Game defense
25961,Grow industry
25962,Like another
25963,Common morning
25964,Service treatment
25965,Including trade
25966,Soon memory
25967,Form enough
25968,Word I
25969,Hour line
25970,Knowledge move
25971,She building
25972,Race teacher
25973,Most take
25974,Face teach
25975,Factor man
25976,Hard reason
25977,Relationship laugh
25978,Culture feel
25979,Subject organization
25980,Can prove
25981,Skill member
25982,Suddenly raise
25983,Source so
25984,Someone citizen
25985,Bed prepare
25986,News suddenly
25987,Author put
25988,Catch thing
25989,Street kind
25990,Go hour
25991,Along must
25992,Pattern professor
25993,Difficult road
25994,Whose travel
25995,Hundred significant
25996,Become manage
25997,Contain reach
25998,Type couple
25999,Several smile
26000,Science trip
26001,Start may
26002,Control seven
26003,Range laugh
26004,Seat style
26005,Effort news
26006,Night population
26007,Then cost
26008,Bad mind
26009,Feel Congress
26010,Probably to
26011,Network visit
26012,Cause father
26013,Little safe
26014,Modern body
26015,Brother safe
26016,Light sort
26017,Lot each
26018,Audience certain
26019,Central establish
26020,Weight drug
26021,Successful begin
26022,Clearly why
26023,Present suggest
26024,Room bank
26025,This they
26026,Stop clearly
26027,Once number
26028,Free control
26029,Style travel
26030,Role TV
26031,Foreign production
26032,Become firm
26033,Example call
26034,Another continue
26035,Various take
26036,Close ten
26037,Sister our
26038,Western father
26039,Admit open
26040,Attention group
26041,Late society
26042,Apply before
26043,Mother such
26044,Out hope
26045,Reduce indeed
26046,Mrs leader
26047,Medical particular
26048,Brother candidate
26049,Participant conference
26050,Next professional
26051,Free piece
26052,Our control
26053,Indicate stand
26054,Pay parent
26055,Effect key
26056,Officer rock
26057,North tree
26058,Fly especially
26059,Drop authority
26060,Act today
26061,Use detail
26062,Away skin
26063,Itself candidate
26064,Bring produce
26065,Someone enough
26066,Magazine wonder
26067,South specific
26068,Reality represent
26069,Process stock
26070,Score account
26071,Authority economic
26072,Future compare
26073,Life young
26074,Far no
26075,Hot none
26076,Its blue
26077,Stop do
26078,Model particular
26079,Rule film
26080,Keep ever
26081,Collection public
26082,Would member
26083,Stand fly
26084,Perform though
26085,Home likely
26086,Security cause
26087,Out computer
26088,Crime source
26089,Pressure enter
26090,My throw
26091,Forget society
26092,Debate senior
26093,Usually magazine
26094,Strategy them
26095,Role present
26096,Think where
26097,Present four
26098,Something class
26099,Condition organization
26100,Win suffer
26101,Character build
26102,View report
26103,Cost five
26104,His firm
26105,Serious start
26106,Blue bed
26107,Risk citizen
26108,Drop local
26109,Morning exist
26110,Affect investment
26111,Happy traditional
26112,Manager reveal
26113,Behavior car
26114,Subject happen
26115,Quite easy
26116,Event Mr
26117,Key itself
26118,Development answer
26119,Effect method
26120,West information
26121,Stand stuff
26122,Fall turn
26123,Life it
26124,Show dinner
26125,Information statement
26126,Exactly condition
26127,Some allow
26128,Few effort
26129,Say fund
26130,Line truth
26131,Game rate
26132,About final
26133,Institution son
26134,Per full
26135,Rather worry
26136,Wall attention
26137,Wish picture
26138,Board pay
26139,Decade later
26140,Wide fill
26141,Raise writer
26142,Once paper
26143,Step up
26144,Current rock
26145,Vote own
26146,Begin degree
26147,Down television
26148,Network serious
26149,Size south
26150,Where seven
26151,Money too
26152,May such
26153,Future beat
26154,Sometimes can
26155,Skill claim
26156,Imagine reality
26157,Number partner
26158,Pay so
26159,Although learn
26160,Fact participant
26161,Main can
26162,List treat
26163,Number meeting
26164,Coach name
26165,Address contain
26166,Charge partner
26167,Style machine
26168,Decade position
26169,Short level
26170,Animal gun
26171,Turn return
26172,Each race
26173,Year specific
26174,Car hot
26175,Effect often
26176,Consumer reduce
26177,Month treat
26178,Check remain
26179,Agreement three
26180,Body again
26181,Risk including
26182,National plant
26183,Growth law
26184,Blue process
26185,Under owner
26186,Far over
26187,Television agree
26188,Take opportunity
26189,She offer
26190,Security audience
26191,Authority music
26192,Late condition
26193,May especially
26194,Pay value
26195,Sometimes interest
26196,Finish paper
26197,Town deep
26198,Wait near
26199,Field especially
26200,Can really
26201,Girl hit
26202,Happy soon
26203,Among win
26204,Name after
26205,Positive himself
26206,Ago lead
26207,Fill generation
26208,Doctor discuss
26209,Offer offer
26210,Deep pretty
26211,Us service
26212,Degree care
26213,Some catch
26214,Care memory
26215,Mention some
26216,Production later
26217,Financial major
26218,Appear phone
26219,Mr do
26220,So current
26221,International western
26222,Big personal
26223,Mention civil
26224,Here your
26225,President approach
26226,Raise defense
26227,Really fire
26228,Best what
26229,Bed remain
26230,Point watch
26231,Allow foreign
26232,Be adult
26233,Course look
26234,Huge popular
26235,Simply through
26236,Fast full
26237,Buy natural
26238,Hope kitchen
26239,Decide almost
26240,Both enough
26241,Nice mission
26242,Knowledge name
26243,Person wait
26244,Information water
26245,Attack social
26246,Charge give
26247,Appear attorney
26248,Building should
26249,Surface over
26250,Effect Congress
26251,Represent increase
26252,Trouble at
26253,Product occur
26254,American big
26255,Firm day
26256,Bit read
26257,Civil ever
26258,Role seek
26259,Join power
26260,Station newspaper
26261,Drop onto
26262,Subject want
26263,Final court
26264,Expect forward
26265,Memory when
26266,Country list
26267,Themselves whether
26268,My serve
26269,How important
26270,Bar like
26271,Tax price
26272,Structure wife
26273,Think sometimes
26274,Once sometimes
26275,Value hope
26276,Several already
26277,Score red
26278,Language soldier
26279,Outside institution
26280,Radio test
26281,Why speak
26282,Seek least
26283,Case best
26284,Positive price
26285,Must already
26286,Argue move
26287,Sign research
26288,Pretty bit
26289,Young line
26290,Knowledge art
26291,Expect similar
26292,Language thus
26293,Experience democratic
26294,Per with
26295,Into trouble
26296,Travel thought
26297,Be television
26298,Party reach
26299,Approach yard
26300,This behind
26301,On family
26302,Drive account
26303,Water modern
26304,Including stand
26305,Whatever life
26306,One single
26307,School better
26308,Social different
26309,Beat road
26310,Really doctor
26311,Apply production
26312,Shake board
26313,War worry
26314,Officer society
26315,Behavior particular
26316,Police blue
26317,Full management
26318,Work official
26319,Trial participant
26320,Recognize bank
26321,Sea stay
26322,Group film
26323,Administration evidence
26324,Budget agent
26325,Table everyone
26326,Rather employee
26327,Analysis worry
26328,New specific
26329,Character rule
26330,Late organization
26331,Material carry
26332,More hour
26333,Cover summer
26334,New deal
26335,Push stand
26336,Recognize whether
26337,Somebody guess
26338,Surface factor
26339,Third daughter
26340,Region population
26341,Help relate
26342,Put get
26343,And own
26344,Buy recognize
26345,Population office
26346,Need he
26347,Democrat somebody
26348,Activity check
26349,Yeah grow
26350,Say television
26351,Early coach
26352,Continue push
26353,Wrong something
26354,Listen year
26355,Test industry
26356,Describe require
26357,Manage each
26358,Administration health
26359,Good number
26360,Share body
26361,Future successful
26362,Rich tend
26363,Pull tend
26364,Rest material
26365,Defense play
26366,Personal want
26367,Consumer character
26368,Without while
26369,Address movement
26370,Protect day
26371,Beat name
26372,Professional me
26373,Senior collection
26374,Per reason
26375,Letter hope
26376,Different away
26377,Western stand
26378,Opportunity carry
26379,Human product
26380,Name lead
26381,Star she
26382,Debate political
26383,Bit stuff
26384,Design practice
26385,Official scene
26386,Yard industry
26387,Learn investment
26388,Current all
26389,North smile
26390,Hear agree
26391,Strong same
26392,Agreement treatment
26393,Wife position
26394,Such fill
26395,Return say
26396,Author involve
26397,Teach past
26398,We term
26399,Fight minute
26400,Business impact
26401,Box nature
26402,Through much
26403,Everyone part
26404,Also site
26405,Suffer large
26406,Western now
26407,Its include
26408,Feel total
26409,Now treatment
26410,Heavy box
26411,Year or
26412,Inside individual
26413,Matter as
26414,Various stage
26415,Travel half
26416,Break specific
26417,Blood record
26418,There eat
26419,Take consider
26420,Tonight difficult
26421,Month PM
26422,Establish hope
26423,Authority sit
26424,Treat economy
26425,Particular else
26426,He statement
26427,Impact other
26428,Ok east
26429,Along measure
26430,Key economic
26431,Family front
26432,Everyone woman
26433,Law make
26434,Ask knowledge
26435,Social behind
26436,Meeting sell
26437,Water as
26438,Truth lead
26439,Story area
26440,Strategy represent
26441,Realize bad
26442,True daughter
26443,Few bring
26444,Important our
26445,Front president
26446,Represent activity
26447,Return true
26448,Quite care
26449,Tv and
26450,Rest show
26451,Size skill
26452,And within
26453,Article if
26454,Far attention
26455,Huge might
26456,Receive white
26457,Measure person
26458,Green media
26459,Should drug
26460,Threat guy
26461,Can main
26462,Majority turn
26463,Cup either
26464,Role tonight
26465,Drop use
26466,Not quality
26467,Add black
26468,Station little
26469,Town hard
26470,Action story
26471,Four practice
26472,Above reveal
26473,Republican husband
26474,Next vote
26475,Away tend
26476,Identify away
26477,Control bill
26478,Amount image
26479,Little son
26480,Answer five
26481,Pretty article
26482,Leave ten
26483,Military pretty
26484,Challenge about
26485,Newspaper purpose
26486,Ago beat
26487,Focus successful
26488,Work they
26489,Tend mission
26490,Mission decide
26491,Approach knowledge
26492,Operation more
26493,Responsibility affect
26494,Buy serious
26495,Sort station
26496,Six tend
26497,Message soon
26498,Perform fund
26499,Sense me
26500,Around indeed
26501,Even star
26502,Walk thank
26503,Shake his
26504,Technology two
26505,Garden country
26506,Half light
26507,Wall difference
26508,Black father
26509,Society single
26510,Value economy
26511,Social central
26512,Rock low
26513,Today charge
26514,Former or
26515,Part talk
26516,Level tree
26517,Arm pick
26518,Street ground
26519,For heavy
26520,Mean phone
26521,Might yes
26522,Value while
26523,Road body
26524,You require
26525,Decade consider
26526,Compare store
26527,Game white
26528,Million dog
26529,Six wrong
26530,News street
26531,Account degree
26532,Same above
26533,To bar
26534,Describe since
26535,Before safe
26536,Capital mother
26537,Guess lot
26538,Painting director
26539,Section site
26540,Ground just
26541,Decision surface
26542,Because traditional
26543,Court government
26544,Sister magazine
26545,Small street
26546,Teacher up
26547,Tonight example
26548,Fish value
26549,Away look
26550,Purpose your
26551,Culture seek
26552,School window
26553,Rule hit
26554,Young couple
26555,Activity not
26556,Camera else
26557,Government happen
26558,I go
26559,Born nearly
26560,Machine idea
26561,Pass wear
26562,Policy western
26563,Its shake
26564,Community employee
26565,Recently thousand
26566,Over almost
26567,Across personal
26568,Quickly half
26569,Court election
26570,Picture reach
26571,Job although
26572,Project than
26573,Like affect
26574,Reflect total
26575,Whole something
26576,Born number
26577,Environmental state
26578,Get life
26579,Imagine paper
26580,Shoulder pull
26581,Word federal
26582,Small strategy
26583,Mr page
26584,Oil million
26585,A between
26586,Skin available
26587,Bed customer
26588,National single
26589,Strategy local
26590,Remember often
26591,Report article
26592,Risk table
26593,Check chair
26594,Dark kind
26595,Heart direction
26596,Something important
26597,Movement various
26598,Skill story
26599,Late wrong
26600,Response perform
26601,Special question
26602,Likely environment
26603,Smile attention
26604,Build action
26605,Music author
26606,Choice message
26607,Million over
26608,Office month
26609,Reason bar
26610,Participant education
26611,Their upon
26612,Law outside
26613,Power foreign
26614,At wide
26615,Health produce
26616,Treat manager
26617,Road itself
26618,Grow beautiful
26619,Safe student
26620,And system
26621,World performance
26622,Coach front
26623,Own news
26624,Indeed another
26625,Rule owner
26626,Give smile
26627,Get until
26628,Room table
26629,Relate never
26630,Long serve
26631,Economic arrive
26632,Large institution
26633,No condition
26634,Scene generation
26635,Analysis glass
26636,No sister
26637,Boy simple
26638,Such know
26639,Bring back
26640,Detail heavy
26641,Ten away
26642,Practice during
26643,Whose step
26644,Measure sometimes
26645,Well system
26646,Officer thousand
26647,Protect follow
26648,Age skill
26649,His nothing
26650,Around local
26651,Industry before
26652,Billion billion
26653,Kitchen reduce
26654,Team wonder
26655,Only street
26656,Congress move
26657,Give information
26658,Political travel
26659,Toward include
26660,People five
26661,Rate direction
26662,Structure recent
26663,Fight size
26664,Whatever huge
26665,Trip we
26666,Account body
26667,Artist positive
26668,Hospital sign
26669,Suggest begin
26670,Break miss
26671,Country many
26672,Let itself
26673,Myself represent
26674,Network rock
26675,Civil turn
26676,Window than
26677,Which figure
26678,Nearly training
26679,Generation hit
26680,Heart environmental
26681,Month thousand
26682,Specific room
26683,Our which
26684,Support success
26685,Forget join
26686,Sign training
26687,From method
26688,Tree kitchen
26689,Gas poor
26690,Another better
26691,Exactly soldier
26692,Join line
26693,Money evidence
26694,Language southern
26695,Garden wide
26696,Similar movie
26697,Ok newspaper
26698,Describe human
26699,Stand suddenly
26700,Attention general
26701,Lawyer both
26702,Tree new
26703,Here southern
26704,Pm trouble
26705,Large just
26706,When age
26707,Pretty long
26708,Method already
26709,Southern really
26710,Policy stuff
26711,Conference air
26712,You carry
26713,View rather
26714,Else goal
26715,Miss police
26716,Like site
26717,Money on
26718,Treatment least
26719,Magazine between
26720,Clear hundred
26721,House reduce
26722,Huge cold
26723,Join describe
26724,Security its
26725,Off goal
26726,Wish color
26727,Gas skill
26728,Start require
26729,Worker per
26730,This among
26731,Cup able
26732,Perform line
26733,Themselves movement
26734,American economic
26735,Design produce
26736,Bank where
26737,Now structure
26738,Well put
26739,Subject admit
26740,Executive meeting
26741,Establish style
26742,Important bed
26743,Commercial five
26744,Structure what
26745,Day step
26746,Prepare church
26747,Tree mention
26748,Poor page
26749,Rather organization
26750,Feeling describe
26751,Hotel clearly
26752,Care indicate
26753,Enter heart
26754,Assume particular
26755,Important into
26756,East school
26757,Huge when
26758,Democratic employee
26759,Argue agree
26760,Technology community
26761,Challenge game
26762,Method adult
26763,Beautiful anything
26764,Civil maintain
26765,Avoid though
26766,Majority beyond
26767,Follow dream
26768,Too prevent
26769,Knowledge size
26770,Still small
26771,Market leader
26772,Common factor
26773,For me
26774,Unit chair
26775,Hair of
26776,Player player
26777,Blood magazine
26778,Tax pattern
26779,Recognize wall
26780,Coach especially
26781,Doctor free
26782,Program health
26783,Hope garden
26784,Its anything
26785,Reason so
26786,Consumer serious
26787,Act hear
26788,Hard quickly
26789,Store ability
26790,Life kid
26791,East by
26792,Season suffer
26793,Box design
26794,Daughter cultural
26795,At writer
26796,Material rest
26797,Dog important
26798,Factor property
26799,Property later
26800,Indeed though
26801,Individual no
26802,Budget nearly
26803,None head
26804,Seven allow
26805,Early benefit
26806,Defense practice
26807,Feeling knowledge
26808,Agree former
26809,Would she
26810,Result listen
26811,Dream rate
26812,Hospital section
26813,Such Democrat
26814,Measure others
26815,Bar same
26816,Rest boy
26817,Information foreign
26818,Nothing interest
26819,Without the
26820,Letter knowledge
26821,Small future
26822,Develop responsibility
26823,Read table
26824,Usually mission
26825,Court half
26826,Maybe just
26827,Father probably
26828,Board key
26829,Result which
26830,Ready list
26831,Risk final
26832,Remember recognize
26833,Event throw
26834,Clearly huge
26835,Like there
26836,Second look
26837,Wall other
26838,Project green
26839,Far dinner
26840,Discover picture
26841,Its keep
26842,First between
26843,Phone first
26844,Enjoy sea
26845,From arm
26846,Add beat
26847,Marriage notice
26848,Reflect others
26849,Special expert
26850,Best it
26851,Commercial beyond
26852,Hotel debate
26853,Language early
26854,Open treatment
26855,Third phone
26856,Choice wife
26857,Choose artist
26858,Talk present
26859,Little kitchen
26860,Could east
26861,Goal hear
26862,Daughter work
26863,Someone standard
26864,It affect
26865,Behind sure
26866,Pattern miss
26867,Remember month
26868,Section actually
26869,Too impact
26870,Instead long
26871,Maybe let
26872,Affect federal
26873,Generation although
26874,Job particular
26875,Gun physical
26876,Source heart
26877,Chair history
26878,Adult early
26879,Option hospital
26880,Today Democrat
26881,Soon because
26882,Stage source
26883,Media necessary
26884,Station group
26885,Model discussion
26886,Maintain since
26887,Store expert
26888,Model many
26889,Fine whole
26890,Son leave
26891,Relate draw
26892,Teach kitchen
26893,Agree list
26894,Work eat
26895,Anything step
26896,Turn program
26897,Avoid carry
26898,Investment many
26899,Bill rather
26900,Ok something
26901,Although seem
26902,Find party
26903,Form together
26904,Since understand
26905,Leg away
26906,Score anyone
26907,Add anyone
26908,Fight common
26909,Each our
26910,Keep state
26911,Environment interview
26912,Few exist
26913,Reality food
26914,Factor culture
26915,Five weight
26916,Series consider
26917,Amount energy
26918,Positive last
26919,Particularly quality
26920,Garden imagine
26921,Keep yourself
26922,Since news
26923,Attack like
26924,Team event
26925,Billion know
26926,Protect single
26927,Citizen really
26928,Price under
26929,Country along
26930,Natural true
26931,Alone worry
26932,Often institution
26933,Concern around
26934,Ask within
26935,Hope soldier
26936,Century bank
26937,Amount fact
26938,Yes everybody
26939,Per produce
26940,Decision relationship
26941,Newspaper week
26942,Measure identify
26943,Too guess
26944,Return research
26945,Next store
26946,Cover enter
26947,Talk develop
26948,Memory begin
26949,View already
26950,Real lay
26951,Show yeah
26952,Deep different
26953,Raise party
26954,By his
26955,Ball four
26956,Reduce civil
26957,Then ability
26958,Everything relate
26959,Hair always
26960,Want actually
26961,May car
26962,Republican change
26963,Ago national
26964,By strong
26965,Ball security
26966,Laugh media
26967,Piece community
26968,Final interesting
26969,Spring reflect
26970,During stand
26971,Painting clear
26972,Itself discover
26973,Yes low
26974,Right father
26975,Per body
26976,Realize between
26977,Matter history
26978,Able arrive
26979,Chair only
26980,Wrong dinner
26981,Seven director
26982,Join bill
26983,Home they
26984,Apply too
26985,Moment radio
26986,Organization though
26987,Huge month
26988,Catch write
26989,Reveal physical
26990,Similar capital
26991,Sit without
26992,Prove health
26993,Seven bag
26994,A he
26995,Strong environmental
26996,Never similar
26997,Ready account
26998,Decade involve
26999,Side up
27000,Across forget
27001,Grow scene
27002,Natural themselves
27003,Stand cup
27004,Bit of
27005,Worry talk
27006,Store owner
27007,Smile strong
27008,Society Congress
27009,Really idea
27010,Point end
27011,Read remember
27012,Between face
27013,Building community
27014,Republican color
27015,System since
27016,Drop father
27017,Stock they
27018,Staff relate
27019,Good recently
27020,Chair imagine
27021,Put through
27022,Long heart
27023,Second whose
27024,Give voice
27025,Long everyone
27026,Both condition
27027,Short reveal
27028,Hot issue
27029,Better first
27030,Son my
27031,Fight few
27032,Example here
27033,South hundred
27034,Cell artist
27035,Bill girl
27036,Board popular
27037,Behavior war
27038,Whole create
27039,Defense speak
27040,They finally
27041,Morning film
27042,Travel radio
27043,Hair door
27044,Peace idea
27045,Time few
27046,Tend yet
27047,Race trial
27048,Yeah include
27049,Hotel almost
27050,Management they
27051,Him federal
27052,Price woman
27053,Serve always
27054,Tax can
27055,Term be
27056,In mission
27057,Local school
27058,Surface kind
27059,Exactly commercial
27060,Instead game
27061,Simple stock
27062,Blue or
27063,Point another
27064,Edge budget
27065,Artist small
27066,Less central
27067,Sign only
27068,Truth town
27069,Fight interesting
27070,Generation population
27071,His prepare
27072,Subject you
27073,Represent evening
27074,Fly surface
27075,Eight bad
27076,Nation research
27077,Side read
27078,Woman cultural
27079,Before get
27080,Season paper
27081,Learn hope
27082,Among present
27083,My majority
27084,Training herself
27085,Security whether
27086,Enjoy executive
27087,Avoid public
27088,Little ability
27089,Because sometimes
27090,After sport
27091,Past sit
27092,Kind despite
27093,Central cost
27094,Range court
27095,Try short
27096,Region lay
27097,Card four
27098,Work production
27099,Marriage time
27100,Long new
27101,My upon
27102,Morning sound
27103,Condition quite
27104,Knowledge yet
27105,Yet this
27106,Their challenge
27107,Back far
27108,Interview bit
27109,Evidence natural
27110,Box reduce
27111,Send chair
27112,Near relate
27113,Seek change
27114,Environmental sign
27115,Though leader
27116,Huge picture
27117,Everybody perform
27118,Economic size
27119,Behind recently
27120,Along land
27121,Social wide
27122,Forward worry
27123,No believe
27124,Entire star
27125,National consumer
27126,Cover all
27127,Stage positive
27128,Mean right
27129,Foreign cold
27130,Major bar
27131,Central officer
27132,My campaign
27133,Fear short
27134,Machine will
27135,Fly half
27136,Watch yes
27137,Food alone
27138,Couple its
27139,Citizen professional
27140,Matter recent
27141,Point wonder
27142,Standard cost
27143,Option training
27144,Four conference
27145,Staff tax
27146,Ready actually
27147,Difficult consider
27148,Grow help
27149,Economic service
27150,Around table
27151,Real maybe
27152,Toward knowledge
27153,Glass pick
27154,Hospital leg
27155,Action eight
27156,Quality identify
27157,Research knowledge
27158,Apply blue
27159,Local challenge
27160,Interest report
27161,Guy particular
27162,Set in
27163,Scene watch
27164,Attention ok
27165,Analysis such
27166,Range indeed
27167,All go
27168,Painting he
27169,Special place
27170,Administration even
27171,Break point
27172,Position walk
27173,Hold believe
27174,Fly leave
27175,Time field
27176,Generation rich
27177,Final or
27178,Build federal
27179,Light fear
27180,Any receive
27181,Catch their
27182,Bed happy
27183,Collection member
27184,Suggest good
27185,Approach throw
27186,Industry within
27187,Style number
27188,Fight adult
27189,Like join
27190,In spring
27191,Story blue
27192,Bar future
27193,Focus military
27194,Newspaper total
27195,Reflect attack
27196,Huge campaign
27197,He student
27198,Tonight agreement
27199,Reach other
27200,Thing serve
27201,Defense leave
27202,Key half
27203,Scientist upon
27204,Yard course
27205,Coach pressure
27206,Price husband
27207,Around religious
27208,Statement miss
27209,Majority conference
27210,Of despite
27211,Television coach
27212,Name enter
27213,West success
27214,Property production
27215,Already scene
27216,Head himself
27217,White wide
27218,Hot step
27219,Fill argue
27220,Identify generation
27221,Pressure enough
27222,Ahead financial
27223,Worker nature
27224,Approach recent
27225,Important music
27226,Audience crime
27227,Industry manage
27228,Fly young
27229,Religious field
27230,Life necessary
27231,Far source
27232,They upon
27233,Go middle
27234,Its during
27235,Several during
27236,High sit
27237,Would education
27238,He your
27239,Weight affect
27240,Organization impact
27241,Church serious
27242,Animal big
27243,Court citizen
27244,Vote mention
27245,Pm such
27246,Science think
27247,Receive film
27248,Record gas
27249,Sound rather
27250,Eat building
27251,Feeling I
27252,Particular until
27253,Hard other
27254,Billion plan
27255,Final continue
27256,Theory mouth
27257,Response word
27258,Coach new
27259,Lot environmental
27260,Personal law
27261,News they
27262,Listen purpose
27263,Write bring
27264,Hand myself
27265,Television daughter
27266,North rate
27267,Relationship surface
27268,Teach read
27269,Vote red
27270,Administration avoid
27271,Prove her
27272,Boy human
27273,Perform kid
27274,People man
27275,Into could
27276,Trip according
27277,Bill will
27278,Watch ok
27279,View partner
27280,Throughout whose
27281,Agent fire
27282,Fear he
27283,Thing ready
27284,Admit so
27285,Whether stuff
27286,Try bag
27287,Available others
27288,Both blue
27289,Join member
27290,Sense you
27291,May maybe
27292,Notice attack
27293,Man voice
27294,Tonight speak
27295,Wonder Congress
27296,Choose minute
27297,Effort determine
27298,Resource than
27299,Beautiful decision
27300,Important picture
27301,Production leg
27302,Sea adult
27303,Yard information
27304,Goal our
27305,East sure
27306,Same fill
27307,Away expert
27308,List old
27309,Site by
27310,Build him
27311,Western recently
27312,Answer oil
27313,Interest the
27314,Music new
27315,Audience through
27316,Special oil
27317,Guy take
27318,Small this
27319,Religious become
27320,Serious many
27321,Matter particular
27322,Fish real
27323,Window low
27324,Exactly service
27325,Idea trouble
27326,Director national
27327,Down field
27328,Note dog
27329,Top church
27330,Usually call
27331,Cover avoid
27332,Later call
27333,City into
27334,Now arrive
27335,Black far
27336,Impact involve
27337,Hospital evidence
27338,Each cause
27339,Computer ok
27340,Edge model
27341,Radio along
27342,Discover design
27343,Modern talk
27344,Generation amount
27345,Between plan
27346,Pattern threat
27347,Effort quality
27348,Few food
27349,Service force
27350,Student military
27351,Media statement
27352,Operation join
27353,Report exactly
27354,Small color
27355,Total five
27356,Evening heart
27357,Professor night
27358,So mention
27359,Practice such
27360,Own option
27361,Arrive street
27362,You ability
27363,Gas father
27364,Fire voice
27365,Offer only
27366,Community board
27367,Community voice
27368,Ten common
27369,Begin own
27370,Fall occur
27371,Level common
27372,Treat floor
27373,Quality election
27374,Shoulder movie
27375,Prove near
27376,Before ask
27377,None region
27378,Pick common
27379,Lawyer life
27380,Her situation
27381,Environmental me
27382,Approach almost
27383,Happen wind
27384,Personal sound
27385,Minute author
27386,Organization speak
27387,Positive occur
27388,Medical everything
27389,Continue Democrat
27390,Interview walk
27391,Despite design
27392,Sell many
27393,Much spend
27394,Price the
27395,Arrive discuss
27396,Though including
27397,Building again
27398,Very partner
27399,Half reach
27400,Almost six
27401,Push quality
27402,Do he
27403,Hope vote
27404,Member issue
27405,Plan public
27406,Avoid admit
27407,Bag break
27408,Easy under
27409,Laugh under
27410,Investment finish
27411,Four student
27412,Ball night
27413,Buy herself
27414,Plant just
27415,Scientist couple
27416,Two phone
27417,Small black
27418,Throw charge
27419,Action national
27420,Son article
27421,Move onto
27422,Control either
27423,Base send
27424,Watch staff
27425,Fly for
27426,Most student
27427,Member expect
27428,Over someone
27429,Water table
27430,Southern finish
27431,Church close
27432,Week start
27433,Man each
27434,Attention say
27435,Book film
27436,Television few
27437,Figure ready
27438,Realize less
27439,Different season
27440,Indicate mention
27441,Within issue
27442,With likely
27443,Suffer source
27444,Tax instead
27445,Fly office
27446,Computer personal
27447,Cost modern
27448,Country interest
27449,Effect bring
27450,Wish positive
27451,Tend popular
27452,Field time
27453,Maintain situation
27454,Investment time
27455,Same course
27456,Hit town
27457,Wait scene
27458,Account her
27459,Small than
27460,Add artist
27461,Public thought
27462,Country into
27463,Bag far
27464,Organization single
27465,Question direction
27466,Range drive
27467,Southern special
27468,Give performance
27469,Pick state
27470,Plant instead
27471,Over daughter
27472,Shoulder tax
27473,Art general
27474,Week dark
27475,Federal half
27476,Friend camera
27477,Might city
27478,Contain toward
27479,Both significant
27480,Could may
27481,Shake policy
27482,Decide should
27483,College of
27484,Sit woman
27485,Draw guy
27486,Democratic live
27487,Yeah south
27488,Serious expert
27489,Serve half
27490,Toward owner
27491,Authority we
27492,Administration near
27493,Piece nothing
27494,Between himself
27495,Oil investment
27496,Coach somebody
27497,Figure describe
27498,Throw move
27499,Mention possible
27500,Future form
27501,Mind foreign
27502,Someone know
27503,Only country
27504,Right color
27505,Friend price
27506,Watch go
27507,Tv worker
27508,Page enjoy
27509,Pull section
27510,Character environmental
27511,Draw trip
27512,Raise itself
27513,Upon painting
27514,President subject
27515,Kitchen mission
27516,Board leg
27517,Adult include
27518,Quite tend
27519,Collection agree
27520,Before executive
27521,Few sign
27522,Decision both
27523,Opportunity last
27524,Run respond
27525,Congress still
27526,Young individual
27527,Up explain
27528,Natural heart
27529,Dream Democrat
27530,Idea water
27531,Else not
27532,Short article
27533,Parent what
27534,Station bar
27535,Evening campaign
27536,Participant ask
27537,Color throughout
27538,Of month
27539,Hand card
27540,Car among
27541,Only career
27542,Event have
27543,Get suffer
27544,Parent nice
27545,Politics public
27546,Collection specific
27547,Scientist something
27548,Every nothing
27549,Case indeed
27550,Director fast
27551,Debate single
27552,Condition with
27553,Discuss argue
27554,Law note
27555,May simply
27556,Step along
27557,Me edge
27558,Morning worry
27559,Serve only
27560,Above expect
27561,Stuff same
27562,Fill mean
27563,Positive full
27564,Address oil
27565,Store environmental
27566,Expert leader
27567,Throw including
27568,By clear
27569,Audience two
27570,Federal involve
27571,Role watch
27572,Doctor himself
27573,Whom position
27574,Authority establish
27575,Seven yeah
27576,About place
27577,Trouble physical
27578,Easy happen
27579,Along mouth
27580,Operation compare
27581,Family avoid
27582,First black
27583,Its well
27584,War serve
27585,Support within
27586,Left all
27587,Power practice
27588,Measure town
27589,Focus by
27590,Site stock
27591,Surface later
27592,Particular share
27593,Site cover
27594,South capital
27595,Open real
27596,Agree future
27597,Claim opportunity
27598,Whatever whom
27599,Difficult morning
27600,Training after
27601,Chance why
27602,But positive
27603,Amount worry
27604,Writer respond
27605,Science hour
27606,Capital her
27607,Call spring
27608,Laugh part
27609,Natural new
27610,School trial
27611,Stand other
27612,Center candidate
27613,Member life
27614,Meet fish
27615,They even
27616,Common road
27617,Only suggest
27618,Nor measure
27619,Sing few
27620,Want building
27621,Major trial
27622,Effort reflect
27623,Wrong bed
27624,Scene must
27625,Fast better
27626,Next course
27627,Middle pick
27628,Group plan
27629,Maintain school
27630,How rise
27631,Young letter
27632,My cut
27633,Discover high
27634,Establish onto
27635,Help claim
27636,Crime while
27637,Administration chair
27638,Animal purpose
27639,Girl religious
27640,Everything protect
27641,Add environment
27642,Mouth structure
27643,Kid military
27644,Into sell
27645,Front close
27646,But issue
27647,Will box
27648,How professional
27649,Miss short
27650,Play newspaper
27651,Education investment
27652,Form be
27653,Concern however
27654,Media no
27655,Success take
27656,Floor page
27657,Just space
27658,Dream community
27659,Report seek
27660,How Mrs
27661,Teach law
27662,Someone culture
27663,Way itself
27664,Success certain
27665,Bring among
27666,Meeting enjoy
27667,On agreement
27668,They book
27669,Reveal job
27670,Them production
27671,Back hospital
27672,Property particularly
27673,Song role
27674,The from
27675,Because attack
27676,Which player
27677,Stuff perform
27678,Will ball
27679,Before believe
27680,Be environment
27681,Billion hard
27682,Religious lay
27683,Maintain dream
27684,Each couple
27685,Bill scientist
27686,Among than
27687,Future hotel
27688,Many society
27689,Government bring
27690,Sing ask
27691,Two after
27692,Issue resource
27693,Even wish
27694,Far second
27695,See have
27696,Pay growth
27697,Would strategy
27698,Work soon
27699,Job certain
27700,Capital energy
27701,Wind sport
27702,The seem
27703,Community music
27704,Force usually
27705,Out probably
27706,Music easy
27707,Budget white
27708,Carry southern
27709,Wall sea
27710,Mr program
27711,Rock training
27712,Certainly but
27713,Station require
27714,Bring white
27715,Break turn
27716,Place style
27717,Watch parent
27718,Page whom
27719,Where present
27720,Almost the
27721,Save factor
27722,Yeah production
27723,Smile age
27724,Economic leave
27725,Bill rate
27726,Similar for
27727,House hope
27728,Pretty product
27729,Especially list
27730,Realize administration
27731,Type health
27732,Service expect
27733,Particular drug
27734,Political scene
27735,Know meeting
27736,Contain government
27737,Least six
27738,Factor field
27739,Majority bad
27740,Wall again
27741,As method
27742,History continue
27743,Start participant
27744,With check
27745,Available land
27746,Possible yet
27747,Quickly option
27748,Defense stock
27749,Live own
27750,War open
27751,Fear against
27752,Present list
27753,Close author
27754,Call help
27755,Activity budget
27756,Hold natural
27757,My hold
27758,Room store
27759,Event do
27760,Institution family
27761,Kitchen cause
27762,Record west
27763,Effect civil
27764,Energy play
27765,Brother fire
27766,Particular western
27767,Stock building
27768,Hope true
27769,Common born
27770,Letter model
27771,Investment next
27772,And quality
27773,Many to
27774,Time prevent
27775,Several discover
27776,Nice four
27777,Hold plan
27778,Maybe sort
27779,Through source
27780,She thing
27781,Pull role
27782,Each believe
27783,Country hard
27784,State surface
27785,Nice smile
27786,Daughter big
27787,More each
27788,Think have
27789,Foreign of
27790,Speak official
27791,Shake language
27792,Person my
27793,Box brother
27794,Possible partner
27795,Too save
27796,Their listen
27797,Or center
27798,Human white
27799,List none
27800,Democrat action
27801,Protect computer
27802,Whatever ever
27803,Talk while
27804,In lead
27805,Keep art
27806,Back purpose
27807,Approach girl
27808,Senior high
27809,Increase issue
27810,Life long
27811,Stay military
27812,Company return
27813,Parent though
27814,Rise so
27815,Not language
27816,Once entire
27817,Summer wear
27818,Best mind
27819,Health machine
27820,According now
27821,Note detail
27822,Represent fine
27823,Hour condition
27824,Management concern
27825,Civil green
27826,Improve military
27827,Style range
27828,Trial adult
27829,Control common
27830,Surface young
27831,Able improve
27832,Total although
27833,According anything
27834,Themselves reality
27835,Head push
27836,Task nice
27837,Contain her
27838,Later might
27839,Long make
27840,Image fly
27841,Tonight generation
27842,Suffer clear
27843,Whatever moment
27844,Stay serious
27845,Politics direction
27846,Scene your
27847,Economic reveal
27848,Expert night
27849,Matter imagine
27850,May place
27851,Hotel great
27852,Near prevent
27853,Policy benefit
27854,Discover half
27855,Chance region
27856,Lot as
27857,Community purpose
27858,Tree analysis
27859,One improve
27860,Blood time
27861,Center man
27862,Large exist
27863,Source technology
27864,Push activity
27865,Fast control
27866,Quality image
27867,Floor reduce
27868,Yourself blue
27869,The stuff
27870,Program tree
27871,Far alone
27872,Southern sometimes
27873,Plant hit
27874,Range decide
27875,Head investment
27876,War we
27877,Yes guy
27878,Sometimes shake
27879,Factor strong
27880,Reveal find
27881,Development assume
27882,Resource possible
27883,Garden name
27884,Image war
27885,Door young
27886,Kid opportunity
27887,Animal old
27888,Throughout white
27889,Model allow
27890,Reveal spring
27891,Personal vote
27892,Put trial
27893,Four think
27894,Learn skill
27895,Allow run
27896,Staff read
27897,Pattern improve
27898,Condition chair
27899,Our data
27900,Account direction
27901,Tough keep
27902,Medical fine
27903,Design property
27904,College analysis
27905,Help great
27906,Stuff agency
27907,Number pass
27908,Then certain
27909,Others despite
27910,Final bank
27911,Old court
27912,Oil something
27913,Degree network
27914,Story manager
27915,Knowledge fast
27916,Probably fear
27917,Discuss reduce
27918,Relationship smile
27919,South determine
27920,And show
27921,Exactly write
27922,Note able
27923,Maintain enjoy
27924,Produce away
27925,Want strategy
27926,Catch necessary
27927,Sort have
27928,Quite next
27929,Generation nature
27930,Reflect news
27931,Cover capital
27932,Where physical
27933,Late half
27934,Various join
27935,Ready both
27936,Lay run
27937,Research create
27938,See skill
27939,Option dog
27940,Necessary open
27941,Seven little
27942,Debate reality
27943,Machine find
27944,Performance specific
27945,Process by
27946,Never phone
27947,Smile himself
27948,Expect politics
27949,Stuff article
27950,Explain media
27951,Manager me
27952,Eat part
27953,Rather store
27954,Sort recently
27955,Oil image
27956,Six rock
27957,Agree far
27958,Let from
27959,Statement student
27960,Current continue
27961,Know concern
27962,Support hit
27963,Source summer
27964,Few customer
27965,Upon finally
27966,Ready family
27967,Rather other
27968,Ask approach
27969,Quite them
27970,Son agreement
27971,Company price
27972,Current thus
27973,Gun finish
27974,Various may
27975,Station would
27976,Each detail
27977,Character employee
27978,Goal exist
27979,Call trip
27980,Forget call
27981,Daughter option
27982,Adult series
27983,Second smile
27984,Responsibility eat
27985,Response fight
27986,Section number
27987,Maintain seem
27988,Pm material
27989,Opportunity question
27990,Sort memory
27991,Ten environmental
27992,Hear participant
27993,Congress floor
27994,Our goal
27995,Stage laugh
27996,Hard before
27997,Peace individual
27998,During she
27999,Likely change
28000,Cultural she
28001,Window machine
28002,Figure nature
28003,Church president
28004,Other speak
28005,Down fire
28006,Close suffer
28007,Well strategy
28008,Spring sense
28009,Side kid
28010,Kitchen find
28011,Ago tell
28012,Million wish
28013,Approach section
28014,Cup allow
28015,Score author
28016,Nor catch
28017,Agree establish
28018,Culture parent
28019,Community true
28020,Resource car
28021,Road check
28022,Marriage lay
28023,But experience
28024,Quite down
28025,Bar as
28026,May lead
28027,Study wonder
28028,People well
28029,Difficult true
28030,Explain develop
28031,Director explain
28032,Blood suddenly
28033,Red economic
28034,Stage draw
28035,Exactly our
28036,Bar political
28037,Second anything
28038,Article watch
28039,Newspaper find
28040,These form
28041,Support raise
28042,Cover law
28043,Claim age
28044,Card subject
28045,Later stop
28046,From woman
28047,Mission possible
28048,Teach agreement
28049,Show American
28050,Office collection
28051,Brother reality
28052,Nature knowledge
28053,Section yet
28054,In section
28055,Student toward
28056,Need voice
28057,Majority leg
28058,Time well
28059,Take administration
28060,Major public
28061,From state
28062,Thank military
28063,Collection stage
28064,Day church
28065,City enjoy
28066,Reality truth
28067,Sea likely
28068,Major size
28069,Leg Republican
28070,Gun offer
28071,Because soon
28072,Radio themselves
28073,Report high
28074,Impact feel
28075,Carry financial
28076,Individual least
28077,Blue clearly
28078,Professor like
28079,Something number
28080,Final support
28081,Just story
28082,Participant personal
28083,You budget
28084,Condition light
28085,Either truth
28086,As than
28087,Law south
28088,Attack heart
28089,System floor
28090,Affect offer
28091,World billion
28092,Enter artist
28093,Until pretty
28094,None use
28095,Nature expert
28096,Program paper
28097,Ask drive
28098,Conference rich
28099,Month according
28100,Follow notice
28101,Cell who
28102,Go know
28103,Face note
28104,Notice provide
28105,Truth him
28106,Marriage truth
28107,Safe significant
28108,Although win
28109,Bill candidate
28110,Degree kind
28111,Finish theory
28112,Stock card
28113,Heart peace
28114,Similar arrive
28115,Room mouth
28116,Rock life
28117,Candidate prevent
28118,Letter risk
28119,Interesting check
28120,Administration edge
28121,Gun admit
28122,Available clearly
28123,On challenge
28124,Big owner
28125,Lot leader
28126,Station final
28127,Feeling machine
28128,East enough
28129,Administration ten
28130,Human option
28131,Sign bar
28132,Kid research
28133,We run
28134,Offer fish
28135,Country center
28136,Color along
28137,Also share
28138,Though industry
28139,Return sport
28140,Scene although
28141,Six own
28142,Himself my
28143,Which them
28144,Red still
28145,Point drive
28146,Represent foot
28147,Soldier present
28148,Network skin
28149,Adult later
28150,Campaign mean
28151,Lead rest
28152,Tend suggest
28153,Dream black
28154,Example little
28155,Body voice
28156,A get
28157,He garden
28158,Finally speech
28159,Value century
28160,Early difference
28161,Notice president
28162,Good ok
28163,His section
28164,Black small
28165,Minute language
28166,Professional house
28167,Blue space
28168,First against
28169,Summer friend
28170,Issue whole
28171,Adult information
28172,Class effect
28173,First join
28174,Explain sport
28175,Discussion site
28176,Least hair
28177,Ready we
28178,Front opportunity
28179,Fund then
28180,Report prove
28181,Friend fast
28182,Person key
28183,Different example
28184,Day right
28185,Old specific
28186,Be if
28187,Late ability
28188,Decade administration
28189,First at
28190,Audience south
28191,Discover whole
28192,Ten no
28193,Own accept
28194,Knowledge exist
28195,Loss majority
28196,Note past
28197,Compare represent
28198,Live question
28199,Form policy
28200,Tax blue
28201,Black site
28202,Level similar
28203,Add be
28204,Notice sister
28205,Ask like
28206,Population stop
28207,Treat over
28208,Perform wrong
28209,Huge let
28210,High we
28211,Cut strong
28212,Series never
28213,Most which
28214,Then family
28215,Catch most
28216,Defense think
28217,Major model
28218,Cost cut
28219,Two stock
28220,Rise risk
28221,Top less
28222,Bring across
28223,She use
28224,Identify probably
28225,Drug week
28226,Seem magazine
28227,Maybe choose
28228,Team degree
28229,Republican choose
28230,State sort
28231,Color understand
28232,Eat but
28233,Mrs friend
28234,Responsibility reduce
28235,Check policy
28236,War believe
28237,Upon Congress
28238,Catch civil
28239,Need career
28240,Bit month
28241,Nice artist
28242,Future camera
28243,Stop policy
28244,Seven world
28245,Police garden
28246,Real thought
28247,Him look
28248,However evidence
28249,Skin style
28250,Weight woman
28251,Why argue
28252,Day present
28253,Yes toward
28254,Point much
28255,Discover officer
28256,Others technology
28257,My mind
28258,Tend avoid
28259,Force per
28260,Argue front
28261,Sing week
28262,Administration everyone
28263,Modern charge
28264,War sea
28265,Scientist face
28266,Manager fire
28267,Would measure
28268,Listen low
28269,Before decision
28270,Issue chair
28271,Mind man
28272,Color success
28273,Company reach
28274,Seek summer
28275,Night often
28276,Recent wear
28277,Soon nice
28278,Arm scientist
28279,Street myself
28280,Woman beyond
28281,Lay mean
28282,Century six
28283,Soldier sing
28284,Food through
28285,His old
28286,Accept eight
28287,Design direction
28288,Receive box
28289,Church I
28290,Much experience
28291,Thank decision
28292,Two low
28293,Mission seat
28294,Idea style
28295,Open decade
28296,Natural media
28297,Challenge fine
28298,Political sometimes
28299,Job family
28300,Window little
28301,Few forget
28302,Less maintain
28303,Until idea
28304,Food dog
28305,Than across
28306,Avoid energy
28307,Sign people
28308,Throughout growth
28309,Participant walk
28310,Around method
28311,Night eye
28312,Understand couple
28313,Thing policy
28314,Bit difficult
28315,Discussion deep
28316,A run
28317,Blue add
28318,Land field
28319,Ball line
28320,Successful plan
28321,Yard actually
28322,Modern company
28323,Southern various
28324,Near sure
28325,Site remember
28326,Spring interesting
28327,Especially avoid
28328,Plan across
28329,Finish drop
28330,Show six
28331,Federal TV
28332,Price case
28333,Huge worry
28334,Weight enjoy
28335,Simple government
28336,Court energy
28337,Sometimes necessary
28338,Difference ready
28339,Expert cost
28340,Involve seek
28341,Half compare
28342,Hope watch
28343,Marriage great
28344,Explain boy
28345,Among at
28346,Different play
28347,Safe manager
28348,Tax easy
28349,Less seem
28350,The somebody
28351,Nice concern
28352,Her nation
28353,Understand fast
28354,Radio table
28355,Blue Mr
28356,Unit their
28357,Product will
28358,Together sense
28359,Hold size
28360,Information tough
28361,Article it
28362,Event material
28363,Face identify
28364,Standard benefit
28365,Price catch
28366,Big side
28367,Soldier administration
28368,Gas foot
28369,Doctor concern
28370,Herself just
28371,Standard man
28372,Central vote
28373,Tv nice
28374,Position ago
28375,Successful always
28376,Draw history
28377,Officer mention
28378,Party western
28379,Well threat
28380,Just today
28381,Forward student
28382,Our consider
28383,Central pass
28384,Speak government
28385,Agree add
28386,Near hair
28387,Guy service
28388,Us go
28389,Democrat religious
28390,Decade ever
28391,Case who
28392,Situation real
28393,Exist long
28394,One method
28395,Because answer
28396,Cold seem
28397,Million note
28398,Far he
28399,Score including
28400,Capital weight
28401,Huge kind
28402,Study minute
28403,Raise could
28404,Safe physical
28405,Contain employee
28406,Many health
28407,Education special
28408,After expect
28409,Third north
28410,Attack new
28411,Believe laugh
28412,Mother policy
28413,Show at
28414,Future himself
28415,Theory picture
28416,Million cut
28417,Take allow
28418,Financial man
28419,Big pressure
28420,Various project
28421,Capital scientist
28422,Fill door
28423,Daughter there
28424,Protect decision
28425,Although not
28426,These most
28427,Everybody student
28428,Song develop
28429,From score
28430,Large choose
28431,Play life
28432,Condition old
28433,Family owner
28434,Owner political
28435,Between air
28436,Really Mr
28437,Customer lawyer
28438,Those note
28439,Strategy capital
28440,Performance offer
28441,Care do
28442,Arm offer
28443,Happy much
28444,Know structure
28445,Although world
28446,Church their
28447,Trip guy
28448,Ground enter
28449,Write member
28450,Score wish
28451,So several
28452,Blood themselves
28453,Join film
28454,However factor
28455,Cut time
28456,Room prepare
28457,Risk property
28458,Camera growth
28459,Course must
28460,Age because
28461,Yourself authority
28462,Would manager
28463,Chance face
28464,Them voice
28465,Deep house
28466,College now
28467,Couple power
28468,Professor nation
28469,As help
28470,Anything produce
28471,Receive summer
28472,Security ready
28473,Idea spring
28474,Exactly ready
28475,Realize raise
28476,Above threat
28477,Play suddenly
28478,Spring pick
28479,Million crime
28480,Front ask
28481,Already affect
28482,Experience seem
28483,Ok major
28484,Particular trial
28485,Position the
28486,Process hotel
28487,Now analysis
28488,Among instead
28489,Reduce explain
28490,Thing risk
28491,Foot bill
28492,Leg follow
28493,Same surface
28494,Than finally
28495,Whom could
28496,Teach down
28497,Add glass
28498,Rest million
28499,Receive manage
28500,Go raise
28501,Wonder company
28502,Might rather
28503,Plant dog
28504,Set laugh
28505,Show station
28506,Author community
28507,They close
28508,List day
28509,Bad our
28510,I war
28511,Candidate lead
28512,Debate data
28513,Join wind
28514,Meet Democrat
28515,Account sell
28516,Kind require
28517,Through act
28518,Baby determine
28519,School student
28520,Spring exactly
28521,Board million
28522,Similar ahead
28523,True participant
28524,Significant nature
28525,Occur every
28526,Recently practice
28527,Address start
28528,Road market
28529,Policy before
28530,Choice interesting
28531,Shake follow
28532,Wife sell
28533,Old whether
28534,Garden general
28535,Begin serve
28536,Language some
28537,Or study
28538,Now pick
28539,Standard group
28540,Knowledge offer
28541,Feel into
28542,Suffer one
28543,Reality rest
28544,End always
28545,Democratic instead
28546,Serve likely
28547,Look tree
28548,Speak serious
28549,Throw tend
28550,Return much
28551,Garden light
28552,Space with
28553,Full evening
28554,Office fill
28555,Law loss
28556,Give understand
28557,Film wide
28558,Kind cover
28559,Hope meeting
28560,Value dark
28561,Believe deal
28562,Particularly pick
28563,Difference standard
28564,Evening office
28565,Many process
28566,Worker become
28567,Hear to
28568,Lot administration
28569,Eat serious
28570,Only word
28571,With degree
28572,Wonder bar
28573,Become world
28574,Because picture
28575,Third change
28576,Street fight
28577,Poor start
28578,Population summer
28579,Should find
28580,High without
28581,Lot identify
28582,Nearly national
28583,Policy oil
28584,Artist somebody
28585,Executive walk
28586,Onto contain
28587,Possible we
28588,Home seem
28589,Seat focus
28590,Executive science
28591,Fish improve
28592,Free seven
28593,Situation former
28594,Help edge
28595,Especially do
28596,Physical discover
28597,Open fight
28598,Always you
28599,Arrive cold
28600,Wrong remain
28601,Second join
28602,Soon radio
28603,Avoid believe
28604,Wide view
28605,Season in
28606,Marriage mouth
28607,Mission table
28608,Course watch
28609,Soldier political
28610,Generation history
28611,Service represent
28612,Safe information
28613,Decide country
28614,Amount receive
28615,Case leg
28616,Herself tonight
28617,Occur important
28618,Discussion tough
28619,Usually particularly
28620,Pressure should
28621,Night list
28622,Whom must
28623,Yet despite
28624,Policy green
28625,Tell economic
28626,Shake perform
28627,Staff arrive
28628,Such service
28629,New must
28630,Clearly find
28631,Author parent
28632,Cost class
28633,Nothing other
28634,War south
28635,Even throw
28636,Know goal
28637,Walk mouth
28638,Approach despite
28639,Hope something
28640,Population green
28641,Popular difference
28642,First no
28643,Recently degree
28644,Factor know
28645,Employee read
28646,Recently research
28647,Speech generation
28648,Form order
28649,Try at
28650,Pm series
28651,Difficult campaign
28652,Short attention
28653,Finally to
28654,Yeah at
28655,Issue with
28656,Dog wind
28657,Over ago
28658,Start team
28659,Nor appear
28660,Successful explain
28661,Foot drop
28662,With bag
28663,Interview medical
28664,Low whole
28665,Republican drug
28666,Whose man
28667,Wonder trip
28668,Wonder social
28669,Which price
28670,Themselves space
28671,Pass peace
28672,Politics human
28673,Care member
28674,Home act
28675,Eat sometimes
28676,World develop
28677,Try deep
28678,Else end
28679,Population high
28680,Space green
28681,Lay meet
28682,Strategy face
28683,Paper step
28684,Take thought
28685,Receive blood
28686,Apply base
28687,Situation eat
28688,Million market
28689,Either human
28690,West edge
28691,Central own
28692,Apply their
28693,List growth
28694,Mouth cause
28695,Teacher billion
28696,Travel style
28697,Staff avoid
28698,Study budget
28699,Let court
28700,Movie operation
28701,Summer support
28702,Maybe certainly
28703,Available attack
28704,Free actually
28705,Difference hand
28706,Hand lead
28707,Leg decide
28708,Floor place
28709,Form significant
28710,Current too
28711,Pick maybe
28712,Author hotel
28713,Single face
28714,Common part
28715,High education
28716,Where similar
28717,Force her
28718,Song game
28719,Far dog
28720,Best wife
28721,Truth upon
28722,Read sort
28723,Challenge economy
28724,None firm
28725,Daughter next
28726,Reality animal
28727,Eight yard
28728,Institution wife
28729,Worker stop
28730,Cup reveal
28731,Conference hold
28732,Rock always
28733,East week
28734,Tough recently
28735,Officer big
28736,Task community
28737,Start just
28738,Back two
28739,Later part
28740,Level assume
28741,Since member
28742,Sell much
28743,Rule night
28744,Owner money
28745,Interview argue
28746,Recent quite
28747,Right attorney
28748,Well especially
28749,Security wall
28750,Something eye
28751,East against
28752,Foot decision
28753,Send contain
28754,Class begin
28755,Born senior
28756,Red none
28757,Long close
28758,Fund structure
28759,Well child
28760,Nation approach
28761,Reflect idea
28762,Station fill
28763,Tax man
28764,Size ago
28765,Begin suffer
28766,Opportunity relate
28767,Adult young
28768,Which speech
28769,Play treatment
28770,Base energy
28771,Hold important
28772,Sea law
28773,Enjoy rise
28774,Represent recently
28775,Class interesting
28776,Little would
28777,While organization
28778,Local weight
28779,Mrs artist
28780,Team open
28781,Part watch
28782,Compare behind
28783,Shake yet
28784,Behind too
28785,Write both
28786,Different medical
28787,Organization beautiful
28788,Go environmental
28789,Soldier when
28790,Realize drive
28791,Just mouth
28792,Create event
28793,Field member
28794,Others many
28795,Establish simple
28796,Work particular
28797,Crime government
28798,Politics cell
28799,Among north
28800,Free traditional
28801,Including say
28802,Through school
28803,Decision later
28804,Sit because
28805,Them building
28806,Newspaper note
28807,Find let
28808,Similar support
28809,Statement recently
28810,Herself value
28811,Want level
28812,Head must
28813,Really game
28814,Piece kitchen
28815,Traditional room
28816,Front film
28817,Who rate
28818,Wait foreign
28819,Form appear
28820,Think certainly
28821,Parent call
28822,Year thank
28823,Prove side
28824,Participant travel
28825,Institution admit
28826,Crime matter
28827,Certain last
28828,Note individual
28829,Choice here
28830,Two take
28831,Grow give
28832,Cost and
28833,Glass person
28834,Reality Mr
28835,Example base
28836,Floor others
28837,Toward carry
28838,Growth international
28839,Run remember
28840,Walk store
28841,General half
28842,Authority author
28843,Forward simple
28844,Next film
28845,Experience ground
28846,Check fight
28847,Save sort
28848,Work leave
28849,Just well
28850,Share lead
28851,Company real
28852,Others foot
28853,Form until
28854,Court would
28855,Door choice
28856,Any range
28857,Around water
28858,Report government
28859,Tend business
28860,Ever several
28861,Quite suggest
28862,Long include
28863,Blood government
28864,Yet road
28865,Eight property
28866,Moment project
28867,Spring can
28868,Possible indeed
28869,Read present
28870,With page
28871,Guy whom
28872,Feel price
28873,Anything area
28874,Call along
28875,Second number
28876,Explain ever
28877,Allow movie
28878,Maintain lose
28879,Grow campaign
28880,Clearly anything
28881,Situation which
28882,Fast recognize
28883,Material medical
28884,News this
28885,Nearly guy
28886,Hotel step
28887,Expert operation
28888,Grow soldier
28889,Four stock
28890,Activity everyone
28891,Here hotel
28892,Certainly partner
28893,Care city
28894,Moment region
28895,Near avoid
28896,Happen bill
28897,Far yard
28898,Together despite
28899,Attack would
28900,Know call
28901,Such almost
28902,Send important
28903,Player itself
28904,Material green
28905,Land nothing
28906,Others argue
28907,Tonight upon
28908,Idea tree
28909,Change change
28910,None certainly
28911,Actually glass
28912,Attorney hotel
28913,Daughter size
28914,I officer
28915,Dog indicate
28916,Whole member
28917,Capital administration
28918,Town candidate
28919,Quickly commercial
28920,Others general
28921,Surface big
28922,Minute season
28923,Federal collection
28924,Develop rise
28925,That teach
28926,Financial build
28927,Relate street
28928,Meet admit
28929,Seat home
28930,Eat student
28931,Produce even
28932,Goal hard
28933,Hand job
28934,Could west
28935,Join unit
28936,Whether low
28937,Cold attention
28938,Yes with
28939,Act Republican
28940,Church fund
28941,Father use
28942,Short national
28943,Risk generation
28944,Hard marriage
28945,Must environment
28946,Admit man
28947,Deep price
28948,Continue cost
28949,Common large
28950,Join none
28951,Entire generation
28952,Listen remain
28953,Heavy should
28954,Technology against
28955,Sense into
28956,Only dream
28957,Ok election
28958,Their allow
28959,Goal security
28960,Eight control
28961,Laugh why
28962,Simple sit
28963,Girl business
28964,Hit find
28965,Because win
28966,Politics guy
28967,Identify word
28968,Not investment
28969,Impact measure
28970,Drug learn
28971,Until beyond
28972,Week exist
28973,Middle page
28974,List together
28975,These government
28976,Nature occur
28977,Total see
28978,Threat not
28979,Across same
28980,Fish leave
28981,Eye population
28982,Thus assume
28983,Mission lot
28984,General another
28985,Offer eye
28986,Involve world
28987,Various Republican
28988,Better start
28989,Begin bed
28990,Green once
28991,Time although
28992,Loss never
28993,Building box
28994,Throughout remember
28995,Safe behavior
28996,Wait wait
28997,Simple option
28998,Risk effect
28999,Change billion
29000,Improve class
29001,Detail real
29002,Rise strategy
29003,Once example
29004,Tv meet
29005,Become spring
29006,Player organization
29007,Well return
29008,Do approach
29009,Positive forward
29010,Between least
29011,Wife move
29012,Remain hour
29013,Exactly my
29014,Store strategy
29015,Speech final
29016,Race continue
29017,Many seven
29018,Thing edge
29019,Bar run
29020,Meet share
29021,Report none
29022,Fall involve
29023,Fear amount
29024,Manager senior
29025,Information home
29026,Wife even
29027,Story water
29028,Marriage increase
29029,Language big
29030,Father require
29031,News look
29032,Tax begin
29033,Keep teach
29034,Anyone film
29035,Man claim
29036,Show state
29037,Civil operation
29038,Human expert
29039,Pattern common
29040,Really fly
29041,Poor next
29042,Establish such
29043,Republican reflect
29044,Reality administration
29045,Home though
29046,General chance
29047,Born policy
29048,Call arrive
29049,Painting story
29050,Her performance
29051,Understand food
29052,Structure training
29053,Like left
29054,Teach three
29055,Social author
29056,Because cultural
29057,Buy marriage
29058,Modern why
29059,Other practice
29060,Produce manager
29061,Coach write
29062,Reason sea
29063,Future through
29064,Sometimes music
29065,Last each
29066,Admit opportunity
29067,Trial she
29068,Enter six
29069,White including
29070,Really region
29071,Describe foreign
29072,Travel concern
29073,Firm total
29074,Happen meet
29075,Hear call
29076,Surface ability
29077,Fight dream
29078,Minute operation
29079,Author must
29080,Answer investment
29081,Health approach
29082,Voice meeting
29083,Window nor
29084,I position
29085,Want probably
29086,Identify decide
29087,First control
29088,Window garden
29089,Law most
29090,Different chair
29091,Always price
29092,Yourself yeah
29093,Key way
29094,Admit line
29095,From whom
29096,History production
29097,Most democratic
29098,Either down
29099,Building authority
29100,Information find
29101,Live they
29102,Choose rest
29103,Study along
29104,Again surface
29105,Management might
29106,Board machine
29107,Enter matter
29108,Still similar
29109,Director keep
29110,Mother mind
29111,Television trade
29112,Matter company
29113,Stop worry
29114,Offer country
29115,Water lose
29116,Would although
29117,Choice care
29118,Eye high
29119,Involve turn
29120,Operation effort
29121,Theory agree
29122,Just line
29123,Enter amount
29124,Various view
29125,Money nor
29126,Hair any
29127,Anything style
29128,Much difference
29129,Nothing condition
29130,Three town
29131,Face bit
29132,Sport public
29133,Number room
29134,Already foot
29135,Relate night
29136,Especially candidate
29137,Value side
29138,Community skin
29139,Sea fund
29140,Fund thought
29141,Marriage student
29142,Which often
29143,High machine
29144,Small firm
29145,Discover nor
29146,Compare up
29147,Red respond
29148,Example article
29149,Light talk
29150,Bank heart
29151,Firm if
29152,Person author
29153,Establish image
29154,Social able
29155,Little along
29156,Network miss
29157,Enter third
29158,There career
29159,Summer record
29160,Market trial
29161,Reveal society
29162,Population establish
29163,Just four
29164,Among receive
29165,Reflect prepare
29166,Art statement
29167,Effect ground
29168,Education book
29169,Part statement
29170,Agency work
29171,Glass lay
29172,Put later
29173,Alone sure
29174,Activity deal
29175,Need worker
29176,Identify society
29177,Season view
29178,Cut anything
29179,These father
29180,Voice smile
29181,She rule
29182,Group describe
29183,Quality live
29184,Out production
29185,Charge these
29186,For how
29187,Where mean
29188,Son energy
29189,Value ready
29190,Until pattern
29191,Kind sea
29192,Trade fall
29193,Admit media
29194,Person order
29195,Against score
29196,Old notice
29197,Spend very
29198,Impact walk
29199,Avoid response
29200,After free
29201,Defense important
29202,Become ground
29203,Forget where
29204,Range write
29205,Trip section
29206,Music effect
29207,May surface
29208,Card two
29209,Expert number
29210,Rock yeah
29211,Name force
29212,Store unit
29213,West fact
29214,Throw individual
29215,Continue question
29216,Do indicate
29217,Country theory
29218,Should shoulder
29219,Challenge example
29220,Base long
29221,Management could
29222,Thing talk
29223,American popular
29224,Next a
29225,Color policy
29226,War nearly
29227,Trial spend
29228,Attention might
29229,Quality staff
29230,Natural so
29231,Something environmental
29232,Produce bad
29233,Recognize third
29234,About knowledge
29235,Idea long
29236,According past
29237,Case fly
29238,Poor whatever
29239,Represent better
29240,Write the
29241,While may
29242,Sing debate
29243,Black writer
29244,Turn store
29245,Full evidence
29246,Gun old
29247,Financial play
29248,Trouble chair
29249,Strong ask
29250,Report continue
29251,Offer if
29252,Throw recent
29253,Prove work
29254,Professional skin
29255,Us investment
29256,Amount reach
29257,Law culture
29258,Ready which
29259,Shake marriage
29260,Would shake
29261,Morning together
29262,Of short
29263,Form letter
29264,Growth ever
29265,Character through
29266,Life bring
29267,Despite eat
29268,Strong claim
29269,Four where
29270,Model red
29271,Reason necessary
29272,Result impact
29273,Shoulder sport
29274,Goal dark
29275,Activity as
29276,Scientist much
29277,Be fast
29278,Arm economic
29279,Else forward
29280,State relate
29281,Suggest factor
29282,Race certainly
29283,Wide institution
29284,Cut drop
29285,Unit rise
29286,Avoid together
29287,Level trip
29288,Collection speak
29289,See a
29290,Computer or
29291,Hope country
29292,Yeah there
29293,Product company
29294,Machine may
29295,Opportunity you
29296,System the
29297,Cell hour
29298,Else per
29299,Member structure
29300,Threat firm
29301,Pull check
29302,Hot class
29303,Foreign start
29304,Federal particularly
29305,Industry generation
29306,Situation drop
29307,Discuss bring
29308,Next degree
29309,Billion office
29310,Stock serve
29311,She how
29312,Carry condition
29313,Exactly war
29314,Population finish
29315,Develop follow
29316,Too coach
29317,Worker traditional
29318,Seem follow
29319,Film piece
29320,Keep use
29321,Customer population
29322,Save hit
29323,Stand film
29324,Attack however
29325,No author
29326,Many hotel
29327,Certain form
29328,Current color
29329,Education discover
29330,Course tend
29331,Run rest
29332,Well involve
29333,Provide natural
29334,Charge vote
29335,Fact fall
29336,Own movie
29337,Beat hotel
29338,Morning item
29339,Above else
29340,North debate
29341,Industry goal
29342,Fund face
29343,Note sign
29344,Argue experience
29345,Thank recent
29346,Thought daughter
29347,Program top
29348,Investment because
29349,According message
29350,Meeting significant
29351,Bar pretty
29352,Stop likely
29353,Individual beautiful
29354,Policy total
29355,Lot design
29356,To provide
29357,Year allow
29358,Southern work
29359,Life popular
29360,Me audience
29361,As western
29362,Contain treatment
29363,Particular hour
29364,Rather offer
29365,Decide exactly
29366,Customer today
29367,Part mission
29368,Choice national
29369,Agreement medical
29370,Edge pick
29371,None everything
29372,To activity
29373,Field attorney
29374,And girl
29375,Glass free
29376,Professional traditional
29377,Adult these
29378,Commercial middle
29379,Entire use
29380,Window middle
29381,Begin popular
29382,Free community
29383,General certainly
29384,Weight party
29385,Author according
29386,Model husband
29387,Institution school
29388,Fight or
29389,Bill message
29390,In person
29391,Ten music
29392,Today town
29393,Be world
29394,National wind
29395,Near record
29396,Term trouble
29397,Least class
29398,Voice expert
29399,Because nation
29400,Theory live
29401,Type add
29402,Free expert
29403,North remember
29404,Last statement
29405,Machine less
29406,Seven social
29407,Head air
29408,Clearly amount
29409,Themselves understand
29410,Radio democratic
29411,Establish develop
29412,Second arm
29413,Hundred for
29414,Decision purpose
29415,Often size
29416,Accept management
29417,Mrs air
29418,Their near
29419,Politics behind
29420,Character man
29421,Talk offer
29422,You investment
29423,While page
29424,Stock realize
29425,Central husband
29426,Entire memory
29427,Fine how
29428,Wait quality
29429,Those move
29430,Game interview
29431,Detail run
29432,News approach
29433,Especially cultural
29434,Method will
29435,Once song
29436,Cut through
29437,Voice type
29438,Popular accept
29439,Could range
29440,Through determine
29441,Rich over
29442,Wall sign
29443,Increase itself
29444,Bed leg
29445,Age require
29446,Rather six
29447,Create they
29448,Entire short
29449,Four level
29450,Training model
29451,Without kid
29452,Day other
29453,Assume energy
29454,Garden move
29455,According opportunity
29456,Shoulder loss
29457,Guy seat
29458,Girl admit
29459,Along home
29460,Image among
29461,Chance interesting
29462,Boy attorney
29463,Authority task
29464,Ball miss
29465,Open hour
29466,Wrong character
29467,Action free
29468,Perform phone
29469,Voice win
29470,Spring everybody
29471,American paper
29472,Course end
29473,Under job
29474,Rich positive
29475,Response indeed
29476,Garden word
29477,Continue only
29478,Read company
29479,Behavior individual
29480,He change
29481,Base quite
29482,Air bring
29483,Major town
29484,Nature successful
29485,Spend age
29486,Stop those
29487,Continue far
29488,Study measure
29489,Exactly tonight
29490,Shake analysis
29491,Staff serve
29492,Up experience
29493,Agree class
29494,Far wait
29495,Type wait
29496,Card traditional
29497,Call concern
29498,Over hour
29499,Campaign affect
29500,Sound foreign
29501,Buy west
29502,Whether which
29503,Series instead
29504,Structure human
29505,Large knowledge
29506,Style magazine
29507,Them resource
29508,Build require
29509,However score
29510,Growth school
29511,Among land
29512,Couple myself
29513,Key task
29514,Add fast
29515,Grow thus
29516,Report give
29517,General authority
29518,Public stuff
29519,Ready need
29520,Education major
29521,Listen finish
29522,Director serve
29523,The three
29524,Rather send
29525,Decision list
29526,A call
29527,Across price
29528,Car own
29529,Fight sign
29530,Positive old
29531,Tend despite
29532,Play miss
29533,Indeed very
29534,Watch show
29535,Community dark
29536,Arm coach
29537,Here important
29538,Operation authority
29539,Everybody produce
29540,Not too
29541,Owner oil
29542,Training according
29543,Suggest scene
29544,Hotel increase
29545,Market pressure
29546,From even
29547,Catch leave
29548,Upon central
29549,Training late
29550,Need line
29551,Education pay
29552,Market ever
29553,Space always
29554,Each little
29555,Billion also
29556,After small
29557,Professor part
29558,Notice miss
29559,Debate increase
29560,Notice collection
29561,Middle process
29562,Course visit
29563,Together reach
29564,Economic successful
29565,Customer now
29566,Administration century
29567,Yes economy
29568,Police save
29569,Well go
29570,Report wait
29571,Its five
29572,Woman cover
29573,Energy laugh
29574,Magazine themselves
29575,Total glass
29576,Where direction
29577,Try someone
29578,Middle carry
29579,Issue group
29580,Air minute
29581,Open rate
29582,Interesting provide
29583,Assume turn
29584,Dinner avoid
29585,Film me
29586,Live score
29587,Forget wish
29588,Unit skin
29589,Establish ask
29590,Sometimes them
29591,Eat work
29592,Garden expect
29593,Bit president
29594,Off improve
29595,Strong set
29596,Begin use
29597,Market analysis
29598,Discussion poor
29599,However watch
29600,Even walk
29601,Research building
29602,Science rock
29603,Knowledge floor
29604,Trade opportunity
29605,Cost foot
29606,Prevent follow
29607,Catch opportunity
29608,Visit address
29609,Family present
29610,Set various
29611,Assume our
29612,Whether kid
29613,Fly eye
29614,World fall
29615,Wonder produce
29616,Language spend
29617,Close realize
29618,Opportunity camera
29619,North structure
29620,Activity statement
29621,Culture occur
29622,Very sell
29623,Already some
29624,Owner wear
29625,Their people
29626,Short loss
29627,Notice fire
29628,Whom research
29629,Interest wife
29630,Up evening
29631,Way impact
29632,Any send
29633,Expert book
29634,Budget positive
29635,Through two
29636,Law in
29637,Small late
29638,Rather audience
29639,Expect explain
29640,Like industry
29641,Compare price
29642,Inside newspaper
29643,Rule major
29644,Finally western
29645,American team
29646,Write because
29647,Money tonight
29648,Interest full
29649,Herself do
29650,Adult little
29651,Box government
29652,Thank education
29653,Parent act
29654,With sometimes
29655,Knowledge old
29656,Until hot
29657,Ahead language
29658,Ball offer
29659,Argue it
29660,Agent trouble
29661,Have coach
29662,Risk road
29663,Your sure
29664,Sister group
29665,Our society
29666,Everybody movie
29667,Of thousand
29668,Back measure
29669,Magazine do
29670,Speak environmental
29671,Avoid local
29672,Fish school
29673,Small adult
29674,Outside lose
29675,Key watch
29676,Hope per
29677,Information trip
29678,Attention their
29679,Sea specific
29680,Leader grow
29681,Police another
29682,Sense group
29683,Peace available
29684,Morning role
29685,Probably similar
29686,Actually hour
29687,Thought plant
29688,Young up
29689,Power state
29690,All radio
29691,Scene rock
29692,Appear moment
29693,Value price
29694,Mouth order
29695,State give
29696,Role any
29697,Yes dog
29698,Quite be
29699,Compare marriage
29700,Administration peace
29701,Job exactly
29702,Authority high
29703,Pass develop
29704,Claim decision
29705,Per baby
29706,Activity its
29707,Science although
29708,Particularly its
29709,Eight story
29710,Body information
29711,Ahead class
29712,Across weight
29713,Necessary beyond
29714,Figure couple
29715,Mean beautiful
29716,Sort almost
29717,Adult style
29718,Continue above
29719,Model he
29720,Specific measure
29721,Threat computer
29722,Group true
29723,Establish house
29724,Ready staff
29725,Huge organization
29726,Weight important
29727,Affect ok
29728,National eat
29729,Term again
29730,Sure myself
29731,Figure edge
29732,Religious environment
29733,Truth nor
29734,Collection phone
29735,Machine manager
29736,Industry whether
29737,You cost
29738,Any material
29739,Simply view
29740,Water night
29741,Six fly
29742,On down
29743,First fund
29744,Apply decide
29745,Staff toward
29746,Able health
29747,Employee about
29748,Economic out
29749,Clear quality
29750,Attorney in
29751,Deal degree
29752,Set board
29753,Oil travel
29754,Medical occur
29755,Exist recent
29756,Forget field
29757,Style season
29758,At various
29759,Little central
29760,Half force
29761,Event run
29762,Though address
29763,Actually nature
29764,Feeling control
29765,Available although
29766,Impact important
29767,Begin star
29768,Fish somebody
29769,People yes
29770,Its wait
29771,Special many
29772,Her glass
29773,Read enough
29774,Because important
29775,Outside long
29776,Small scene
29777,Play exist
29778,Your performance
29779,Company budget
29780,Method month
29781,Per week
29782,Commercial might
29783,Both early
29784,Tough teach
29785,According standard
29786,Seat information
29787,Seat everyone
29788,Board friend
29789,Chair focus
29790,Current tell
29791,War movement
29792,Our best
29793,Him agree
29794,People manage
29795,Air easy
29796,Agency best
29797,Grow letter
29798,Candidate add
29799,Any way
29800,Study car
29801,Analysis dream
29802,World start
29803,Person energy
29804,Product ball
29805,Reveal vote
29806,Help tell
29807,Body main
29808,Special environmental
29809,Product fill
29810,Nearly win
29811,Turn speech
29812,Reflect couple
29813,None cup
29814,Minute activity
29815,Professional site
29816,Ok drug
29817,Account use
29818,Religious special
29819,Point movie
29820,Seek media
29821,Arm size
29822,Under total
29823,Study center
29824,Marriage bed
29825,Couple only
29826,Message full
29827,Of me
29828,When form
29829,Dream draw
29830,Move yet
29831,Rule market
29832,Enter drop
29833,Make event
29834,Politics dinner
29835,War join
29836,Above bed
29837,Seven career
29838,Instead admit
29839,Must hard
29840,Wear young
29841,Also suffer
29842,Lose box
29843,Television course
29844,Subject room
29845,Begin method
29846,Image blood
29847,Hold final
29848,Tend girl
29849,Gun sit
29850,Age standard
29851,Off might
29852,Others just
29853,Project government
29854,Throw you
29855,Even find
29856,Above bar
29857,Happy project
29858,Drug although
29859,Actually left
29860,Form trade
29861,War plant
29862,Reduce near
29863,Table until
29864,Late break
29865,Tell form
29866,Above about
29867,Majority lot
29868,His perhaps
29869,Authority wife
29870,Occur remain
29871,Medical everyone
29872,Public provide
29873,Industry little
29874,Think clear
29875,Cold good
29876,Four station
29877,Born require
29878,Pressure law
29879,Hour key
29880,Air respond
29881,Animal involve
29882,Though camera
29883,Material it
29884,Drop though
29885,Life forget
29886,Ok forget
29887,Couple animal
29888,American improve
29889,Relationship interesting
29890,We idea
29891,Who attention
29892,Fly chance
29893,Price center
29894,Might region
29895,Outside allow
29896,Number sure
29897,Start seem
29898,Heart color
29899,Most use
29900,Hand budget
29901,Follow since
29902,Concern sometimes
29903,Possible far
29904,Its buy
29905,Any we
29906,Sing church
29907,Still before
29908,Benefit respond
29909,Reveal throw
29910,Score society
29911,Perhaps fly
29912,Base feeling
29913,Billion realize
29914,Soon send
29915,First again
29916,Know happen
29917,Expect administration
29918,Language day
29919,Cover language
29920,Radio statement
29921,My everything
29922,Season risk
29923,Expect seem
29924,Section seven
29925,Suddenly meet
29926,Field western
29927,Age business
29928,Shoulder drug
29929,Answer improve
29930,From mission
29931,Play individual
29932,Off what
29933,Leg yourself
29934,Enter that
29935,Exist whatever
29936,Subject wait
29937,Society military
29938,Relationship upon
29939,Test see
29940,Speech account
29941,Local believe
29942,Line try
29943,Speech federal
29944,Wish small
29945,Official ground
29946,Small thus
29947,Relate father
29948,Much then
29949,Grow own
29950,Tv relate
29951,Moment nature
29952,Environment make
29953,Kitchen serve
29954,Easy apply
29955,Toward trip
29956,Make property
29957,Hard service
29958,Then head
29959,Often well
29960,True wear
29961,Think into
29962,Less wrong
29963,Win raise
29964,Why trouble
29965,Difference create
29966,A family
29967,Individual likely
29968,Learn yeah
29969,Five wall
29970,Level per
29971,Some participant
29972,At child
29973,Because American
29974,Evidence hold
29975,Factor understand
29976,Alone bad
29977,Policy reflect
29978,Away drive
29979,Meet majority
29980,His note
29981,Born money
29982,Move together
29983,Else hope
29984,True son
29985,Present grow
29986,Here entire
29987,Position child
29988,Course fly
29989,Box coach
29990,System when
29991,Exist find
29992,Fish suddenly
29993,Me little
29994,Final north
29995,Phone near
29996,Republican hour
29997,Along amount
29998,Guess there
29999,Action gas
30000,Agree section
30001,Personal positive
30002,Seek say
30003,Pretty citizen
30004,Your down
30005,Music rise
30006,Woman money
30007,Behind information
30008,Sister along
30009,Become face
30010,Event game
30011,Hold else
30012,Would population
30013,Bring story
30014,Learn call
30015,Congress threat
30016,Goal store
30017,Their senior
30018,Professional test
30019,Present long
30020,Keep myself
30021,Window couple
30022,Director continue
30023,So than
30024,Between business
30025,Fund offer
30026,Drive number
30027,Decide sister
30028,Face how
30029,She respond
30030,Road image
30031,Long growth
30032,Service sell
30033,Congress boy
30034,Else past
30035,Vote character
30036,Live feeling
30037,Purpose something
30038,At little
30039,Woman gas
30040,Everybody wish
30041,Sign now
30042,Least once
30043,She able
30044,Situation star
30045,Television billion
30046,Year interest
30047,Despite foreign
30048,Attention into
30049,Recognize toward
30050,Serious fact
30051,Recognize change
30052,Score ground
30053,Computer list
30054,Inside speech
30055,Already control
30056,Determine recent
30057,Material risk
30058,Whose wide
30059,Practice staff
30060,Put discuss
30061,Care however
30062,Movement why
30063,What economic
30064,Stock system
30065,Car first
30066,Power six
30067,Source feel
30068,Card inside
30069,Almost large
30070,Almost ever
30071,Question analysis
30072,Eight term
30073,Family PM
30074,Seem white
30075,Southern find
30076,Born special
30077,Create many
30078,Assume development
30079,First decade
30080,Management recognize
30081,Improve put
30082,Democratic know
30083,Kitchen with
30084,Kid site
30085,Hear run
30086,Peace onto
30087,Throw beat
30088,Environment lay
30089,Final now
30090,Add shake
30091,Least foreign
30092,Himself field
30093,Really particular
30094,Popular yeah
30095,Ever whose
30096,Director personal
30097,Start or
30098,Agreement type
30099,Ask form
30100,Compare many
30101,Support rule
30102,So recent
30103,Race type
30104,Relate position
30105,Style room
30106,Myself case
30107,Part southern
30108,Dream factor
30109,Beautiful moment
30110,Respond until
30111,Book rise
30112,Long sell
30113,Know soldier
30114,Ever space
30115,Buy wind
30116,Animal what
30117,Degree painting
30118,Marriage economy
30119,Go everyone
30120,Practice series
30121,Himself player
30122,Economic avoid
30123,All foot
30124,Tv coach
30125,Group maybe
30126,Education hit
30127,Suffer continue
30128,One current
30129,Age thus
30130,Fire fight
30131,Actually stock
30132,While seat
30133,Senior guy
30134,For respond
30135,Assume himself
30136,Piece more
30137,Explain front
30138,Itself you
30139,Quickly resource
30140,Arm why
30141,Pick trial
30142,Art another
30143,Plant lose
30144,Guess energy
30145,Kitchen win
30146,Five large
30147,Know movement
30148,Door newspaper
30149,Cultural price
30150,Painting value
30151,Air great
30152,Whose eye
30153,Learn friend
30154,Agree laugh
30155,Plant different
30156,Drug industry
30157,Subject medical
30158,Employee couple
30159,Though know
30160,Save significant
30161,Task program
30162,Ago skin
30163,She analysis
30164,Training per
30165,Best keep
30166,Speak they
30167,Into add
30168,Blood every
30169,Quality contain
30170,Worker onto
30171,Western than
30172,Maintain order
30173,Play rise
30174,Expert Democrat
30175,Sit important
30176,Also remain
30177,Opportunity also
30178,Daughter war
30179,Medical career
30180,Approach region
30181,Middle product
30182,Today because
30183,Open sense
30184,Financial throughout
30185,Performance actually
30186,Station seek
30187,This safe
30188,Fact former
30189,Law look
30190,Protect the
30191,Boy son
30192,West experience
30193,Admit myself
30194,Wish seek
30195,Specific effort
30196,Yourself family
30197,Threat anyone
30198,Impact trip
30199,Trade traditional
30200,What least
30201,Security discuss
30202,Experience which
30203,Value suffer
30204,Baby guy
30205,Together shake
30206,Experience or
30207,Affect able
30208,Almost call
30209,May less
30210,Treatment threat
30211,White may
30212,Realize yourself
30213,Many right
30214,Group president
30215,Financial total
30216,Here space
30217,Enough event
30218,If should
30219,Market wide
30220,Knowledge hundred
30221,Decision only
30222,Without it
30223,As front
30224,Everything member
30225,Produce Congress
30226,Center note
30227,Win fall
30228,Everyone top
30229,Material soldier
30230,Trade feel
30231,Spring talk
30232,Ready south
30233,Sport thank
30234,Because very
30235,Morning skill
30236,Who listen
30237,Thus will
30238,Degree key
30239,Meeting allow
30240,After right
30241,Ever too
30242,Type test
30243,Service of
30244,Head use
30245,Former low
30246,Day pattern
30247,Them baby
30248,If cell
30249,Consumer event
30250,Child ten
30251,Language mission
30252,Theory top
30253,Professor campaign
30254,Decide address
30255,Scientist risk
30256,Trial rest
30257,Career design
30258,Even event
30259,Back maybe
30260,Feeling nothing
30261,Able fact
30262,High century
30263,Agency cultural
30264,Before rule
30265,As up
30266,Sure job
30267,Able head
30268,Low factor
30269,Reflect product
30270,Then discussion
30271,Human off
30272,Tonight stock
30273,During range
30274,Others last
30275,Make quality
30276,Involve administration
30277,Kid exactly
30278,Arm that
30279,Foot concern
30280,Health important
30281,Above language
30282,Receive anyone
30283,Trouble language
30284,Hard professor
30285,Small strong
30286,Score reason
30287,Yourself particularly
30288,Cover billion
30289,Town sing
30290,Skin before
30291,Pm to
30292,Difficult mission
30293,Also on
30294,Determine follow
30295,With than
30296,Receive nice
30297,Put heavy
30298,South economy
30299,Mrs tend
30300,Size force
30301,Miss his
30302,Book religious
30303,Trade whose
30304,Fear majority
30305,Data anything
30306,Community drop
30307,Mrs plan
30308,Star should
30309,Half purpose
30310,Bed measure
30311,Approach conference
30312,Week skill
30313,Accept old
30314,Will modern
30315,Always trip
30316,Grow series
30317,Method civil
30318,Indicate always
30319,President fill
30320,Stock responsibility
30321,Should bad
30322,Send detail
30323,Society big
30324,Long reality
30325,Many name
30326,Hot seat
30327,Majority suffer
30328,Measure stock
30329,Food imagine
30330,Forget different
30331,Could rather
30332,Law heavy
30333,Speech experience
30334,Likely student
30335,Party under
30336,Make simple
30337,Suggest paper
30338,Institution box
30339,Exactly statement
30340,Night public
30341,Education network
30342,Organization card
30343,Drive themselves
30344,Grow southern
30345,President employee
30346,Detail hand
30347,Military third
30348,Everything enjoy
30349,Decade behavior
30350,Possible attention
30351,Structure weight
30352,Entire poor
30353,Example war
30354,Indicate author
30355,Receive establish
30356,Watch eight
30357,Hour fire
30358,Line camera
30359,Whole television
30360,Network mean
30361,Up final
30362,Like southern
30363,Seven successful
30364,Public respond
30365,Might south
30366,Hear guy
30367,Rather third
30368,History interesting
30369,Wrong let
30370,Exactly range
30371,Bank thus
30372,Purpose avoid
30373,Close continue
30374,Cut message
30375,Serious require
30376,Teacher ball
30377,Impact stock
30378,Lay left
30379,Edge nature
30380,Story type
30381,Develop lawyer
30382,Case high
30383,Wear statement
30384,Certain movie
30385,Finally system
30386,Surface figure
30387,Mean notice
30388,Language enjoy
30389,President tonight
30390,Traditional movie
30391,Research general
30392,Cause week
30393,Carry party
30394,Lot lot
30395,Meeting box
30396,Black when
30397,Attention speak
30398,Door owner
30399,As wait
30400,Economy hot
30401,Old several
30402,Piece local
30403,Generation thought
30404,Pattern ball
30405,Feel never
30406,Administration which
30407,Sometimes always
30408,Particular girl
30409,Outside get
30410,Rich front
30411,Quality create
30412,Picture billion
30413,Challenge affect
30414,System leave
30415,Issue environmental
30416,Hit front
30417,Stuff PM
30418,Mean course
30419,Pm idea
30420,Physical this
30421,Us travel
30422,Name bad
30423,Make hundred
30424,Blue hospital
30425,Price assume
30426,Edge realize
30427,Drop kind
30428,Watch security
30429,Ready security
30430,Behind trip
30431,Deep include
30432,Market loss
30433,Task those
30434,Ahead manage
30435,Measure task
30436,Increase value
30437,Lead painting
30438,Worry economic
30439,Watch message
30440,Course real
30441,Attack second
30442,Total little
30443,Room mean
30444,Player race
30445,You smile
30446,Yes air
30447,Challenge analysis
30448,Professional space
30449,Make provide
30450,Future or
30451,Material man
30452,Suffer grow
30453,Begin why
30454,Produce couple
30455,Animal protect
30456,Option general
30457,Early drive
30458,Marriage assume
30459,None month
30460,Again control
30461,Weight nor
30462,Build during
30463,Officer least
30464,A should
30465,Eat office
30466,Age laugh
30467,Especially station
30468,Different usually
30469,But game
30470,Produce girl
30471,Side together
30472,Brother edge
30473,Quickly sort
30474,Remain occur
30475,Indicate specific
30476,Magazine too
30477,Two similar
30478,Often particular
30479,Daughter according
30480,Real letter
30481,Really dark
30482,Personal ahead
30483,Gun evidence
30484,Same later
30485,Final so
30486,Rock sometimes
30487,As indeed
30488,Staff direction
30489,Before understand
30490,All language
30491,President bed
30492,Set low
30493,Work whom
30494,Western everyone
30495,Draw send
30496,Down former
30497,Name sense
30498,City foreign
30499,Much plant
30500,Report memory
30501,Politics though
30502,Recent PM
30503,Tonight above
30504,Draw instead
30505,Class item
30506,Special me
30507,Might artist
30508,Military whatever
30509,Yourself four
30510,Bag man
30511,Spring quality
30512,Behind head
30513,That west
30514,Condition seat
30515,Address senior
30516,Through ground
30517,Glass evening
30518,Establish challenge
30519,Whole age
30520,Develop their
30521,Feeling ability
30522,Eye bit
30523,Tell idea
30524,Never difference
30525,Management ago
30526,Skill understand
30527,Environment miss
30528,Support area
30529,Far first
30530,Situation travel
30531,Group wait
30532,Human exist
30533,That machine
30534,Even indicate
30535,Manager technology
30536,Toward finally
30537,Kid magazine
30538,Radio staff
30539,Discussion much
30540,Fact top
30541,Respond myself
30542,Light last
30543,Recent good
30544,Look bit
30545,City pay
30546,Writer employee
30547,Whether yes
30548,High rather
30549,East about
30550,Instead moment
30551,Become still
30552,Scene smile
30553,Explain strategy
30554,Order purpose
30555,Image beautiful
30556,Brother knowledge
30557,Store arrive
30558,Spring officer
30559,Fish director
30560,Really size
30561,Baby capital
30562,Knowledge beautiful
30563,Everybody this
30564,Table either
30565,Save computer
30566,Describe former
30567,Why there
30568,Focus cold
30569,Reduce husband
30570,This always
30571,Image civil
30572,Task pretty
30573,Total leave
30574,Security make
30575,Capital like
30576,Me off
30577,Design place
30578,Determine according
30579,Maybe pass
30580,Million particularly
30581,Water produce
30582,Weight above
30583,Onto surface
30584,Debate doctor
30585,Ground future
30586,Start perform
30587,Risk expert
30588,Natural administration
30589,Quickly guess
30590,Republican feel
30591,Direction baby
30592,Develop baby
30593,Manage garden
30594,Effect fall
30595,Consider newspaper
30596,Far international
30597,Country fight
30598,Marriage industry
30599,Miss low
30600,Set someone
30601,Place establish
30602,Forward these
30603,Particular heart
30604,Community condition
30605,Their point
30606,Discussion but
30607,Factor issue
30608,Section point
30609,Quite level
30610,Dream admit
30611,As better
30612,Son again
30613,Scientist expert
30614,Benefit system
30615,Line song
30616,Draw by
30617,Air worry
30618,Bring father
30619,Long during
30620,Billion common
30621,Professional young
30622,Thing west
30623,Form reality
30624,Watch area
30625,Western report
30626,Professor plan
30627,Child product
30628,Create reflect
30629,Like feeling
30630,However leg
30631,Gas local
30632,Within tough
30633,Worker step
30634,Whom body
30635,Discussion television
30636,Partner particular
30637,Gas under
30638,Responsibility perhaps
30639,Run student
30640,End environmental
30641,Among store
30642,Forward common
30643,Teach role
30644,Bad who
30645,Country win
30646,Media positive
30647,Table where
30648,Above sport
30649,Hard mean
30650,Beyond defense
30651,Weight give
30652,Assume lawyer
30653,Boy house
30654,Individual want
30655,Turn nothing
30656,Education itself
30657,Style avoid
30658,Real red
30659,Her against
30660,Candidate assume
30661,Plant hold
30662,Military news
30663,Week assume
30664,Bag everything
30665,Expect participant
30666,Sister special
30667,List skin
30668,With various
30669,Degree worker
30670,National source
30671,Man international
30672,Director sort
30673,Study health
30674,Head meeting
30675,Where option
30676,With science
30677,Role blue
30678,Teach morning
30679,As worry
30680,Argue notice
30681,Also my
30682,Tell down
30683,His first
30684,Both bank
30685,Accept experience
30686,Moment off
30687,Many step
30688,Include sound
30689,Property will
30690,Until able
30691,Time process
30692,Tv education
30693,Ball their
30694,Hospital money
30695,Offer food
30696,Either mouth
30697,Certain rate
30698,Too half
30699,Thank task
30700,Week discover
30701,Appear experience
30702,Feeling front
30703,Shake as
30704,Yourself kid
30705,Deep civil
30706,Put ok
30707,Seem fact
30708,Personal remember
30709,Moment cut
30710,Fast one
30711,New situation
30712,Everyone check
30713,Leave product
30714,Agreement begin
30715,Day free
30716,President my
30717,Century positive
30718,Treat about
30719,Able six
30720,Instead pattern
30721,Authority feel
30722,Say team
30723,Turn more
30724,Create something
30725,In husband
30726,Skin prepare
30727,Attorney method
30728,Just social
30729,Talk relationship
30730,Sure politics
30731,Assume fund
30732,Nor late
30733,Fly hospital
30734,Top visit
30735,Only read
30736,Writer alone
30737,Participant east
30738,Officer music
30739,Enjoy question
30740,Big lot
30741,Somebody senior
30742,Area for
30743,Half teacher
30744,Tv get
30745,Image although
30746,Be suffer
30747,Together great
30748,Into market
30749,Letter more
30750,Away every
30751,Leg former
30752,Media ago
30753,Subject suggest
30754,Vote large
30755,Side think
30756,Ahead better
30757,Also candidate
30758,Culture level
30759,Response to
30760,Rule trade
30761,Citizen truth
30762,Mean deep
30763,Collection food
30764,However likely
30765,Political learn
30766,Your bill
30767,Really improve
30768,Force must
30769,Rate protect
30770,Church staff
30771,Maybe have
30772,Size activity
30773,Notice visit
30774,Likely performance
30775,Budget event
30776,Rate country
30777,Focus federal
30778,Meeting through
30779,Condition world
30780,Travel night
30781,Development out
30782,Term give
30783,Out often
30784,Natural far
30785,Know scene
30786,Month avoid
30787,Make bill
30788,Both property
30789,Almost take
30790,Laugh sometimes
30791,Business put
30792,Ground or
30793,Middle quality
30794,Improve former
30795,Within manage
30796,Check space
30797,Stay bad
30798,Act modern
30799,Bring personal
30800,Citizen bar
30801,Serve out
30802,Help I
30803,Book training
30804,Management thus
30805,Notice newspaper
30806,Drive event
30807,Throughout not
30808,List garden
30809,Protect bank
30810,Play but
30811,Adult ahead
30812,Smile shoulder
30813,Why born
30814,Old central
30815,Help fight
30816,Risk unit
30817,Staff weight
30818,Alone pretty
30819,Attorney room
30820,Something sea
30821,Own he
30822,Somebody than
30823,Blue opportunity
30824,Friend evening
30825,Give pattern
30826,Newspaper money
30827,Reality continue
30828,Wrong early
30829,Order claim
30830,Win president
30831,Reduce join
30832,Major bad
30833,So nor
30834,Again agent
30835,Center magazine
30836,Our his
30837,Born us
30838,Voice shake
30839,Very prove
30840,Democrat interesting
30841,Bring name
30842,Next place
30843,Front describe
30844,Modern yard
30845,Area risk
30846,Concern security
30847,Beat space
30848,Democrat toward
30849,Energy team
30850,Difference style
30851,Candidate if
30852,Capital you
30853,Bank amount
30854,Season generation
30855,Number husband
30856,Film social
30857,Partner sense
30858,Agency someone
30859,Social evidence
30860,Consider eat
30861,School however
30862,Situation someone
30863,Answer give
30864,Spend catch
30865,New drive
30866,Bag shoulder
30867,Among generation
30868,Material would
30869,Design employee
30870,Challenge fire
30871,General civil
30872,People perform
30873,Sing go
30874,Thank town
30875,Reach off
30876,Section explain
30877,Beyond adult
30878,Worker teach
30879,Behavior too
30880,Foot low
30881,Leader report
30882,Star message
30883,Civil reason
30884,Force provide
30885,Be Mr
30886,New Democrat
30887,Note near
30888,Middle read
30889,Four project
30890,Fill cut
30891,Politics bar
30892,Few series
30893,Thus actually
30894,Close hair
30895,Meeting sing
30896,Person receive
30897,Check however
30898,Authority phone
30899,Current realize
30900,Sit small
30901,Key town
30902,Such customer
30903,Alone site
30904,Service throw
30905,Fear might
30906,Nor authority
30907,Face these
30908,High American
30909,Foot population
30910,Fly data
30911,Seek leg
30912,Bad art
30913,Series month
30914,Wear degree
30915,Too growth
30916,Manager role
30917,Price movement
30918,Quickly pull
30919,With sport
30920,Sort see
30921,Resource act
30922,Many view
30923,Heart design
30924,Course send
30925,Pretty energy
30926,Stage lose
30927,Service herself
30928,Individual notice
30929,Summer each
30930,Wall account
30931,Toward past
30932,More them
30933,Second guess
30934,One maybe
30935,Effort second
30936,Against art
30937,Poor pull
30938,Top different
30939,Minute interest
30940,Time agent
30941,Describe yet
30942,Summer eye
30943,Blue dark
30944,Many although
30945,Thank mind
30946,Your condition
30947,Idea seek
30948,Couple top
30949,Area fear
30950,Institution window
30951,Source ago
30952,Commercial site
30953,Door new
30954,Last contain
30955,Buy class
30956,Task girl
30957,Beat alone
30958,Blood itself
30959,Eye factor
30960,Clearly push
30961,Blood another
30962,Make piece
30963,Turn room
30964,Reflect show
30965,Water expert
30966,Camera respond
30967,Down for
30968,Sport he
30969,Say bit
30970,Sport figure
30971,Business everyone
30972,Mean growth
30973,Particular service
30974,Bed memory
30975,Wish economy
30976,Score color
30977,Space science
30978,Alone finish
30979,Our herself
30980,People east
30981,Executive parent
30982,Letter evidence
30983,Surface mother
30984,Wind great
30985,Back hotel
30986,Per recently
30987,But staff
30988,Especially ok
30989,Which realize
30990,Why this
30991,Plan deep
30992,Card hot
30993,Certain order
30994,Behavior thought
30995,Be two
30996,Yes foot
30997,Shoulder actually
30998,City seek
30999,Energy mean
31000,Up measure
31001,Administration quite
31002,Establish health
31003,Add community
31004,At record
31005,Site talk
31006,Owner its
31007,Huge until
31008,Very member
31009,Build start
31010,Side improve
31011,Whatever while
31012,Pm party
31013,Car sell
31014,Anyone sit
31015,Like rather
31016,Most see
31017,He list
31018,Book approach
31019,Sea especially
31020,Challenge trial
31021,Million region
31022,Agent cup
31023,Wide despite
31024,Eat find
31025,Wrong must
31026,Idea contain
31027,Occur station
31028,Structure growth
31029,Whole decision
31030,There data
31031,Difficult air
31032,School fire
31033,Black where
31034,Expert pressure
31035,Accept whatever
31036,Trial need
31037,Black reason
31038,Rest hour
31039,Money ago
31040,International always
31041,Sometimes assume
31042,Statement yourself
31043,Show order
31044,Majority man
31045,Return computer
31046,Listen factor
31047,Skill executive
31048,Wide them
31049,Father part
31050,Also check
31051,Student upon
31052,President simple
31053,Less film
31054,International every
31055,Red possible
31056,Mean seem
31057,Night natural
31058,Himself west
31059,Yet result
31060,Trial available
31061,Reason manage
31062,Let although
31063,Letter service
31064,Option relationship
31065,The they
31066,Painting over
31067,Design decision
31068,From generation
31069,Beautiful produce
31070,Toward who
31071,Increase gun
31072,Clear imagine
31073,Parent item
31074,Determine wide
31075,State authority
31076,Center face
31077,Trip focus
31078,Officer list
31079,Dog same
31080,On make
31081,Task inside
31082,Week course
31083,I majority
31084,Community card
31085,See indicate
31086,Admit or
31087,Page theory
31088,Experience understand
31089,Also daughter
31090,Tonight laugh
31091,Since total
31092,Allow someone
31093,Easy different
31094,Bar method
31095,Front response
31096,Simply course
31097,Answer commercial
31098,Network space
31099,Population speak
31100,Leave many
31101,Treat measure
31102,Result positive
31103,Fact majority
31104,Community development
31105,Almost relate
31106,Involve real
31107,City hard
31108,Them drop
31109,Power most
31110,Site development
31111,Eye item
31112,Around course
31113,Maybe increase
31114,Hit indeed
31115,Old region
31116,Tend yourself
31117,Take case
31118,Natural miss
31119,Few serve
31120,Protect citizen
31121,Time ever
31122,Forget rest
31123,Next ask
31124,Purpose interview
31125,Three contain
31126,Medical among
31127,Painting reality
31128,Anyone since
31129,Hundred fly
31130,Yeah sport
31131,Also investment
31132,Despite sit
31133,Always long
31134,Move person
31135,Pick before
31136,Fire operation
31137,Strong teach
31138,Our late
31139,But expect
31140,Camera begin
31141,Interesting different
31142,Owner energy
31143,Letter top
31144,Billion sister
31145,Dog strong
31146,Soldier always
31147,Scene entire
31148,Good though
31149,Learn window
31150,Name early
31151,That fact
31152,Century threat
31153,Mention network
31154,Film century
31155,More tax
31156,So compare
31157,Rise exist
31158,Study nation
31159,Common technology
31160,Strong financial
31161,Poor who
31162,Business home
31163,Former describe
31164,Another him
31165,Writer degree
31166,Example meeting
31167,Free money
31168,Base look
31169,He provide
31170,Recent heavy
31171,Stock focus
31172,Position what
31173,Group less
31174,Agree performance
31175,Plan west
31176,Four outside
31177,Major eye
31178,Military bring
31179,Tell nothing
31180,Strong everybody
31181,Individual officer
31182,Evidence if
31183,Rest give
31184,Both perform
31185,Continue available
31186,Mission because
31187,Item thing
31188,Subject cost
31189,Why four
31190,Because lawyer
31191,Onto stay
31192,Strong but
31193,Especially something
31194,Take coach
31195,Help throughout
31196,Specific alone
31197,Both once
31198,Low plant
31199,Us left
31200,Discussion strategy
31201,Boy three
31202,Strategy base
31203,Final likely
31204,Detail long
31205,Hotel suggest
31206,Necessary camera
31207,Event beat
31208,Response tough
31209,True although
31210,Every resource
31211,List also
31212,Himself health
31213,Level character
31214,Necessary conference
31215,Consider expect
31216,Serve stand
31217,Research allow
31218,Newspaper difference
31219,Past group
31220,Court blue
31221,Travel raise
31222,First western
31223,Camera yes
31224,Before professional
31225,Hotel describe
31226,Affect network
31227,Direction question
31228,Pattern this
31229,Audience analysis
31230,Language goal
31231,Tell room
31232,Describe like
31233,Hour case
31234,Trip seven
31235,Foreign similar
31236,Cut trip
31237,Woman perhaps
31238,Skill like
31239,Lay product
31240,Environmental either
31241,Manage what
31242,Forget my
31243,Learn return
31244,Floor consumer
31245,Simply thank
31246,History again
31247,Garden happen
31248,Effect himself
31249,Discuss however
31250,Home end
31251,Difficult get
31252,Lot dream
31253,Charge other
31254,Friend military
31255,Everybody road
31256,Ago find
31257,Lawyer size
31258,Best my
31259,Life yet
31260,Simply thousand
31261,Focus data
31262,Really music
31263,Mrs reveal
31264,There your
31265,Conference entire
31266,Sometimes statement
31267,Our cultural
31268,Week create
31269,Born reach
31270,Pay serious
31271,Agency amount
31272,Hit answer
31273,Hotel represent
31274,We left
31275,Show better
31276,Source fill
31277,Possible drop
31278,Wait option
31279,Prepare have
31280,Such school
31281,Class buy
31282,My trouble
31283,Affect produce
31284,With run
31285,Him them
31286,Process east
31287,Performance else
31288,Like Mrs
31289,Effect believe
31290,They long
31291,Wind rule
31292,Simply must
31293,Kitchen past
31294,Southern activity
31295,Really religious
31296,Person just
31297,Law push
31298,Despite way
31299,Ahead side
31300,Develop night
31301,Matter social
31302,Suggest add
31303,South our
31304,Through almost
31305,Stay recently
31306,History Democrat
31307,She usually
31308,Small those
31309,Husband find
31310,Range history
31311,Age firm
31312,White voice
31313,Place different
31314,Sometimes wife
31315,Clear our
31316,Drop have
31317,Democratic task
31318,Degree morning
31319,The guy
31320,Adult heart
31321,Head professor
31322,Way wife
31323,Provide white
31324,His investment
31325,Fact heavy
31326,Court notice
31327,Grow receive
31328,Too measure
31329,White college
31330,Research maybe
31331,Be matter
31332,Table race
31333,Pull fact
31334,Resource have
31335,Often capital
31336,First appear
31337,Together property
31338,Organization room
31339,Treat heart
31340,Main among
31341,Knowledge care
31342,Eight certainly
31343,Machine sister
31344,Finally husband
31345,Relate bad
31346,Imagine short
31347,Arm fire
31348,American language
31349,Note method
31350,Risk popular
31351,Impact but
31352,Another standard
31353,Manager late
31354,And maintain
31355,Blue official
31356,Step reach
31357,As cold
31358,Expert seem
31359,Skin model
31360,Rich book
31361,Seem indeed
31362,Executive all
31363,Toward property
31364,Region ok
31365,Degree ready
31366,Degree term
31367,Class daughter
31368,Top tax
31369,Local politics
31370,Give no
31371,Major blue
31372,Claim program
31373,Quite situation
31374,Turn dog
31375,Cause policy
31376,Speech land
31377,Radio director
31378,Alone interesting
31379,Race my
31380,Economic ago
31381,Machine south
31382,Build inside
31383,Just cultural
31384,Resource institution
31385,Reflect deep
31386,Step beyond
31387,Certain pick
31388,Forward follow
31389,Guy evidence
31390,Customer have
31391,Improve often
31392,Listen measure
31393,Board newspaper
31394,Off car
31395,Form list
31396,Hair dog
31397,Present one
31398,News effect
31399,Plant suddenly
31400,Carry present
31401,Thought person
31402,Property picture
31403,Nice nature
31404,Total shoulder
31405,Eat might
31406,Smile government
31407,Operation trip
31408,Recent fish
31409,Cause similar
31410,Yourself pull
31411,World machine
31412,Save health
31413,Law over
31414,Draw various
31415,Chance push
31416,Claim up
31417,Season store
31418,Begin common
31419,Address style
31420,Another few
31421,President watch
31422,Eye key
31423,Until feeling
31424,Heavy none
31425,Imagine recent
31426,Spring agency
31427,Away nature
31428,Give herself
31429,Most model
31430,Human before
31431,Conference book
31432,American page
31433,So level
31434,Through imagine
31435,Coach one
31436,Fire short
31437,Hold indeed
31438,Hospital modern
31439,Center someone
31440,Manager close
31441,Good baby
31442,Wall value
31443,Firm real
31444,When relationship
31445,Plan form
31446,Feeling president
31447,Available provide
31448,Along health
31449,Wide knowledge
31450,East western
31451,Part ok
31452,Reduce adult
31453,Night hotel
31454,Dark health
31455,Audience professor
31456,Why so
31457,Low blood
31458,Owner range
31459,Despite administration
31460,Accept hot
31461,Course subject
31462,Seven many
31463,Day tax
31464,Rather responsibility
31465,Establish arm
31466,Feel act
31467,Thus be
31468,Discuss because
31469,Our day
31470,Against region
31471,Air much
31472,My before
31473,Pretty animal
31474,Worker hotel
31475,Green me
31476,Candidate why
31477,Smile value
31478,Despite him
31479,Within throw
31480,Any both
31481,Recognize always
31482,Memory be
31483,Response actually
31484,Discussion recently
31485,Goal would
31486,Bag scene
31487,Grow star
31488,By property
31489,Affect nature
31490,Education strategy
31491,Tell rest
31492,Yes information
31493,Those no
31494,Heavy middle
31495,Main according
31496,Space benefit
31497,System radio
31498,Wrong window
31499,Car effect
31500,Officer authority
31501,North PM
31502,Hair hour
31503,Teacher class
31504,Support I
31505,College goal
31506,Man area
31507,Thought benefit
31508,Though system
31509,Continue front
31510,Talk trouble
31511,Somebody do
31512,Herself arrive
31513,Office town
31514,Skill ten
31515,Benefit week
31516,Second their
31517,Suffer must
31518,Happen unit
31519,Finish throughout
31520,To instead
31521,Fund ability
31522,Everybody address
31523,Impact organization
31524,Nor suddenly
31525,Health cultural
31526,Firm parent
31527,Effect rock
31528,Hear theory
31529,Vote success
31530,American dark
31531,Money song
31532,Agree when
31533,Expect visit
31534,Research face
31535,Shoulder theory
31536,Hold accept
31537,Response choice
31538,Whom style
31539,Force data
31540,Senior professor
31541,Parent ever
31542,Discover good
31543,Group hotel
31544,Soldier wall
31545,Only relate
31546,Capital industry
31547,New task
31548,Outside standard
31549,Several explain
31550,Production these
31551,Level inside
31552,Off eye
31553,Point among
31554,Community return
31555,Nature final
31556,Describe ahead
31557,Seek east
31558,Peace billion
31559,Best soldier
31560,Evening product
31561,Herself affect
31562,Single nothing
31563,Manager ability
31564,Method number
31565,Program simple
31566,First difficult
31567,Report goal
31568,Room movie
31569,Interest financial
31570,Military food
31571,Now imagine
31572,However establish
31573,Eye necessary
31574,Physical draw
31575,Compare imagine
31576,Usually question
31577,Paper door
31578,Expect four
31579,Research school
31580,Or at
31581,Guess seven
31582,Evidence big
31583,Air story
31584,Home beat
31585,Boy language
31586,Time person
31587,Process ten
31588,Work southern
31589,Recent act
31590,Growth family
31591,Enter beautiful
31592,Throughout list
31593,Human these
31594,During such
31595,Research case
31596,Call least
31597,Tonight thus
31598,Ever computer
31599,Authority ask
31600,Thought everything
31601,Low agency
31602,Federal team
31603,Land put
31604,Sell have
31605,Edge morning
31606,Marriage set
31607,Available accept
31608,Analysis form
31609,Soon tend
31610,Fish ten
31611,Side significant
31612,Enjoy plan
31613,Nature thought
31614,Amount from
31615,At positive
31616,Usually necessary
31617,Send else
31618,Rather develop
31619,Class occur
31620,Difference interest
31621,Anyone water
31622,Then blood
31623,Range summer
31624,Stock else
31625,Happy perform
31626,Especially call
31627,Gas traditional
31628,Guess chair
31629,Project people
31630,Including put
31631,Of risk
31632,Admit positive
31633,Industry because
31634,Among lawyer
31635,Story source
31636,Mind pattern
31637,Future suddenly
31638,View listen
31639,President enjoy
31640,Event include
31641,Both hold
31642,Keep describe
31643,Support financial
31644,Increase own
31645,Design sea
31646,Whom call
31647,Might add
31648,Hundred land
31649,Cover put
31650,Almost structure
31651,Positive financial
31652,Traditional science
31653,Court hospital
31654,Account team
31655,Owner college
31656,Kind fast
31657,Instead season
31658,Interest mean
31659,Perhaps evening
31660,Take say
31661,Available possible
31662,Environmental same
31663,Stock money
31664,He charge
31665,Human measure
31666,Know wear
31667,Agreement do
31668,Choose small
31669,New true
31670,Almost season
31671,Tv table
31672,Energy figure
31673,He worker
31674,Mention either
31675,Risk lot
31676,Country affect
31677,Different question
31678,Hundred stage
31679,Pick reveal
31680,Rest throw
31681,On message
31682,Shoulder way
31683,Doctor theory
31684,Father hotel
31685,Change magazine
31686,History work
31687,Eat another
31688,Evening within
31689,Under national
31690,Why stop
31691,Shake office
31692,Different four
31693,Republican look
31694,Child American
31695,Wall school
31696,Trouble teacher
31697,Month style
31698,Like two
31699,Land discover
31700,Hospital by
31701,Main call
31702,Even staff
31703,Trip best
31704,Than black
31705,Those sing
31706,Two mission
31707,Method sense
31708,Land develop
31709,Peace he
31710,Area carry
31711,American particularly
31712,Hear traditional
31713,Bill treat
31714,Machine chair
31715,Deal boy
31716,Whether nearly
31717,Production physical
31718,By heart
31719,Suggest keep
31720,Off these
31721,Fund show
31722,Argue school
31723,Song must
31724,Democratic medical
31725,Cultural research
31726,Just just
31727,Sell according
31728,Population amount
31729,Someone area
31730,Not may
31731,Company local
31732,Including almost
31733,Today here
31734,International pass
31735,Close national
31736,Most nor
31737,Important official
31738,Should matter
31739,Would billion
31740,Above form
31741,By without
31742,Nice ground
31743,Account food
31744,Surface car
31745,The feeling
31746,Phone place
31747,Time act
31748,The lawyer
31749,Difference anything
31750,Film note
31751,Check effort
31752,Certainly sister
31753,Girl treat
31754,At choose
31755,Fact risk
31756,History late
31757,Party go
31758,Debate whole
31759,Reveal film
31760,They third
31761,Occur begin
31762,Others same
31763,Animal catch
31764,Cup summer
31765,Audience city
31766,This west
31767,Everyone realize
31768,Environmental authority
31769,Similar pattern
31770,Understand development
31771,Whose purpose
31772,This he
31773,Law scientist
31774,Early leader
31775,Many often
31776,Behind market
31777,Hear speak
31778,Opportunity crime
31779,Over affect
31780,Trial effect
31781,Republican hotel
31782,Miss example
31783,Election soldier
31784,Dark court
31785,Clearly more
31786,Many southern
31787,Parent name
31788,Important rest
31789,Civil dog
31790,Develop way
31791,Different service
31792,Later indeed
31793,Side partner
31794,That make
31795,Attorney defense
31796,Together customer
31797,Cover loss
31798,Deal establish
31799,Pretty recognize
31800,Instead decade
31801,Later page
31802,Much turn
31803,Hospital police
31804,Stage fly
31805,Sister free
31806,Hand clear
31807,Walk ten
31808,Trip feel
31809,Everyone chair
31810,Perhaps within
31811,Grow political
31812,Environment it
31813,Employee sound
31814,Lay tonight
31815,Make a
31816,Magazine worry
31817,Follow decade
31818,Region college
31819,Entire before
31820,Be course
31821,High bill
31822,Itself help
31823,Our politics
31824,Argue something
31825,Eat program
31826,Describe position
31827,Protect evidence
31828,Cause property
31829,Already music
31830,Mrs evidence
31831,Wait hour
31832,No pattern
31833,Surface hold
31834,Rate minute
31835,Him treat
31836,Protect from
31837,Continue interest
31838,Bank determine
31839,Campaign Republican
31840,Cost cost
31841,Hope member
31842,May in
31843,Safe would
31844,Treatment federal
31845,Life thousand
31846,Specific travel
31847,Pull wonder
31848,Little respond
31849,Air only
31850,Natural marriage
31851,Yeah cultural
31852,Anyone strong
31853,Here edge
31854,Half later
31855,Really some
31856,Program mind
31857,Consumer able
31858,Business during
31859,Eat defense
31860,National hold
31861,Voice yourself
31862,Movie laugh
31863,Understand his
31864,Positive Mrs
31865,About identify
31866,First then
31867,Yes certain
31868,Push smile
31869,Also young
31870,Join reason
31871,Easy exactly
31872,Social time
31873,Pressure set
31874,Goal her
31875,Skin expert
31876,Budget leave
31877,Easy myself
31878,Attorney sense
31879,Drug radio
31880,Degree decide
31881,Idea throughout
31882,Key not
31883,Usually politics
31884,Usually food
31885,Then body
31886,Pretty bag
31887,Feeling seem
31888,Subject apply
31889,Experience start
31890,Modern also
31891,Billion teacher
31892,Light government
31893,Yard season
31894,My far
31895,Involve most
31896,Behind less
31897,Whatever area
31898,Actually your
31899,Expert magazine
31900,Care lead
31901,Next camera
31902,How method
31903,Big direction
31904,Significant talk
31905,Cup once
31906,Season wife
31907,Without some
31908,Kitchen interest
31909,National include
31910,Price suffer
31911,Reach against
31912,Director daughter
31913,Prove generation
31914,Girl mother
31915,None individual
31916,Into style
31917,Mouth either
31918,Clear generation
31919,Write teach
31920,Experience light
31921,Power dream
31922,Worker recent
31923,Camera move
31924,Bill walk
31925,Thus particular
31926,Phone spend
31927,Attention nearly
31928,Event them
31929,Hit way
31930,There animal
31931,Single stand
31932,Particularly agreement
31933,Season price
31934,Court media
31935,Weight town
31936,Series perhaps
31937,Perform three
31938,Skill second
31939,Civil discussion
31940,East generation
31941,Training eye
31942,Together season
31943,Realize bar
31944,Future car
31945,This prevent
31946,Teach learn
31947,Simple religious
31948,Success thus
31949,And executive
31950,Player offer
31951,War everybody
31952,Source under
31953,As institution
31954,Audience family
31955,Rise under
31956,Dog enter
31957,Analysis less
31958,Lead I
31959,Wide how
31960,Should may
31961,Turn key
31962,Arrive religious
31963,Consumer result
31964,Throw save
31965,Suggest popular
31966,There common
31967,Strong society
31968,Population discussion
31969,Arrive indicate
31970,Gun mission
31971,Fear commercial
31972,Miss expect
31973,Speech case
31974,Half official
31975,Star man
31976,Various action
31977,Often operation
31978,Its program
31979,Near modern
31980,Whatever voice
31981,Responsibility picture
31982,Finish build
31983,Heavy find
31984,Message local
31985,Life culture
31986,Technology girl
31987,Want much
31988,Cut animal
31989,Best prepare
31990,Nothing among
31991,Democrat ever
31992,Whole country
31993,Medical give
31994,Production oil
31995,Idea agency
31996,Spend message
31997,Strategy hotel
31998,Nice let
31999,Between continue
32000,Stay sell
32001,Student politics
32002,White paper
32003,Tend fall
32004,Give movie
32005,Individual science
32006,Race bit
32007,Customer much
32008,See white
32009,Out Mr
32010,Oil up
32011,Sing which
32012,Unit answer
32013,Talk gun
32014,Authority move
32015,Action benefit
32016,Last write
32017,Air expert
32018,Race be
32019,Nation radio
32020,Since movement
32021,Man soldier
32022,Table feel
32023,Painting establish
32024,Challenge meet
32025,Individual woman
32026,Each drug
32027,Dark job
32028,Remember follow
32029,Rule economic
32030,Rather pay
32031,Say system
32032,Popular charge
32033,Authority admit
32034,Whatever PM
32035,Scene indicate
32036,Staff street
32037,Season within
32038,Matter people
32039,Offer approach
32040,Remember per
32041,South floor
32042,Relate significant
32043,Or action
32044,Relationship nice
32045,Trip room
32046,Small travel
32047,Young nation
32048,Away wife
32049,Understand fear
32050,Anyone reflect
32051,Pick nature
32052,Early keep
32053,Fall history
32054,Church learn
32055,Analysis rock
32056,Condition himself
32057,Method shoulder
32058,Gun central
32059,Fight gas
32060,Contain important
32061,Field be
32062,Natural around
32063,Red condition
32064,Coach radio
32065,Scene want
32066,Try name
32067,Election local
32068,Room else
32069,Outside international
32070,Score care
32071,Most class
32072,Later image
32073,Against TV
32074,Call series
32075,Talk give
32076,Detail talk
32077,Her actually
32078,Data the
32079,Rather event
32080,Word ask
32081,Rather foot
32082,Science accept
32083,Later before
32084,Find see
32085,Evidence piece
32086,Become until
32087,Drop important
32088,Son seven
32089,Why watch
32090,Who white
32091,Guy oil
32092,Be only
32093,Husband its
32094,Must central
32095,Although prepare
32096,Start level
32097,Manager much
32098,Sure child
32099,Base fast
32100,Follow event
32101,Social subject
32102,Again agency
32103,Hotel minute
32104,None food
32105,Them many
32106,Paper unit
32107,Drug daughter
32108,Tv view
32109,Woman lawyer
32110,Campaign across
32111,Could can
32112,Law eye
32113,Ask address
32114,What according
32115,Pm indeed
32116,Each news
32117,Resource window
32118,Large result
32119,Right fish
32120,Least physical
32121,Radio race
32122,As coach
32123,Production entire
32124,Financial nothing
32125,Affect son
32126,View these
32127,Impact think
32128,Market hospital
32129,Analysis possible
32130,Side near
32131,Friend sort
32132,Social seat
32133,Specific let
32134,Hard art
32135,Area let
32136,Quickly painting
32137,Politics stand
32138,Two know
32139,Yourself home
32140,Together pull
32141,Beat movement
32142,Question yard
32143,Recently style
32144,Focus test
32145,Listen look
32146,Could treatment
32147,Not speak
32148,Middle challenge
32149,Keep do
32150,During science
32151,Small player
32152,Edge machine
32153,Son what
32154,Edge until
32155,Court involve
32156,Last war
32157,Quickly trial
32158,Wish simply
32159,Son individual
32160,Star participant
32161,Low sea
32162,From painting
32163,Economic send
32164,Win from
32165,Star foreign
32166,Attorney small
32167,Cost official
32168,Race various
32169,Themselves opportunity
32170,Discuss I
32171,Capital western
32172,Program official
32173,Those idea
32174,Once degree
32175,Of wonder
32176,Claim day
32177,High break
32178,Night stop
32179,Already up
32180,Agree social
32181,Similar north
32182,Too prove
32183,Course hear
32184,Among foot
32185,Here pressure
32186,Attorney majority
32187,Character including
32188,Southern war
32189,Amount history
32190,And risk
32191,Feeling during
32192,Voice learn
32193,Turn allow
32194,When several
32195,Able government
32196,Situation dog
32197,It enter
32198,Fight treatment
32199,Dream white
32200,Help bar
32201,People serious
32202,Morning bed
32203,Trade reveal
32204,Discussion contain
32205,Weight officer
32206,Thank common
32207,Quite industry
32208,Want goal
32209,Open quality
32210,Especially its
32211,Worker property
32212,Help that
32213,Civil less
32214,Hour fight
32215,Wind world
32216,Building amount
32217,Left job
32218,Per who
32219,Experience manage
32220,School move
32221,Region hope
32222,Care evening
32223,War call
32224,Draw car
32225,Development around
32226,Eat rock
32227,Girl of
32228,Forget heart
32229,Force out
32230,People learn
32231,Read girl
32232,Success traditional
32233,Drug key
32234,Start imagine
32235,Lot less
32236,Foreign allow
32237,Strong voice
32238,Note back
32239,Pretty nature
32240,Region science
32241,Film red
32242,Rate part
32243,Much safe
32244,Listen drop
32245,Low our
32246,Middle offer
32247,Consumer officer
32248,Throughout national
32249,Fear federal
32250,Important news
32251,Under establish
32252,Successful single
32253,Cause camera
32254,Change everyone
32255,Believe notice
32256,This because
32257,Fall remember
32258,Guess worker
32259,Baby night
32260,Box very
32261,Avoid case
32262,Laugh report
32263,Mother drop
32264,Hotel it
32265,Picture animal
32266,West control
32267,Hour Congress
32268,See land
32269,By easy
32270,Likely wall
32271,Develop stand
32272,Member reduce
32273,Value set
32274,Time radio
32275,Body side
32276,Week serious
32277,Send billion
32278,Plant decide
32279,Mean career
32280,Whatever firm
32281,Probably exist
32282,See everyone
32283,Risk mention
32284,To soldier
32285,For thing
32286,Laugh child
32287,Everybody house
32288,Month up
32289,Reach building
32290,Sound single
32291,Teacher attention
32292,Member line
32293,Discover note
32294,Somebody process
32295,Early always
32296,Sure three
32297,Week expect
32298,Capital next
32299,Ok station
32300,Significant force
32301,Admit keep
32302,Tax life
32303,Newspaper building
32304,Already community
32305,Team easy
32306,Beyond dark
32307,Body down
32308,Price word
32309,Near president
32310,Staff above
32311,Marriage hair
32312,National later
32313,Your deep
32314,However three
32315,Yard wind
32316,Pull decade
32317,Miss cause
32318,Wrong education
32319,Natural explain
32320,Moment act
32321,Gas very
32322,Kind result
32323,Successful wonder
32324,Already in
32325,Much be
32326,Relationship kitchen
32327,Church figure
32328,None box
32329,Shake decade
32330,Important within
32331,Into do
32332,Common meeting
32333,News act
32334,Situation movement
32335,Finish break
32336,Owner activity
32337,Improve him
32338,Live fact
32339,Road answer
32340,Soldier relationship
32341,Ground mission
32342,Difficult service
32343,Message agreement
32344,Plan many
32345,Prepare peace
32346,Between card
32347,Pick leg
32348,Couple plan
32349,All season
32350,Mean by
32351,Stock job
32352,Blue agent
32353,Real system
32354,Democrat network
32355,Court boy
32356,White compare
32357,Organization structure
32358,Property cold
32359,Say market
32360,Child camera
32361,Up significant
32362,Black mother
32363,Heavy edge
32364,Finally nation
32365,Glass hope
32366,Old population
32367,Against expect
32368,Run his
32369,Smile five
32370,Fly brother
32371,Real reason
32372,Position pass
32373,Cause current
32374,Probably yard
32375,Alone power
32376,Unit think
32377,Thought have
32378,General number
32379,Example former
32380,Person talk
32381,Left attention
32382,Actually boy
32383,Might art
32384,Glass star
32385,Response raise
32386,Share hold
32387,Travel out
32388,Operation year
32389,Different feeling
32390,Site conference
32391,Likely yes
32392,Special down
32393,Professional early
32394,Heavy stop
32395,Be able
32396,Institution look
32397,Surface beat
32398,Military bed
32399,Upon employee
32400,Senior care
32401,Join throughout
32402,Yet since
32403,Keep piece
32404,Wife blue
32405,Study remember
32406,Happen series
32407,Course attorney
32408,Will commercial
32409,Above interview
32410,Expect address
32411,Skin audience
32412,Believe growth
32413,Raise down
32414,Girl hard
32415,Goal after
32416,Finish road
32417,Animal institution
32418,Blood meeting
32419,Enough former
32420,Us best
32421,From individual
32422,I fire
32423,Have evening
32424,If sign
32425,Position might
32426,Animal just
32427,Skill bad
32428,Although present
32429,Success beat
32430,Chair rock
32431,Forward draw
32432,Take herself
32433,Country around
32434,Decision mother
32435,Keep television
32436,Wrong policy
32437,None nice
32438,Writer eight
32439,Provide result
32440,Summer whether
32441,Particular career
32442,Very difficult
32443,Term former
32444,Include may
32445,Nor family
32446,Identify will
32447,Others rest
32448,Can shoulder
32449,Music quite
32450,May Democrat
32451,Test term
32452,Doctor enjoy
32453,Either along
32454,Morning believe
32455,Chance fund
32456,Free sometimes
32457,Board because
32458,Forget two
32459,Production guess
32460,Eye on
32461,Various together
32462,Property must
32463,Hospital chance
32464,Like risk
32465,Lawyer hear
32466,Modern myself
32467,How group
32468,Common star
32469,New sense
32470,Five save
32471,Compare issue
32472,Address too
32473,Design according
32474,Catch particularly
32475,Black crime
32476,Set put
32477,Key remain
32478,Close drive
32479,Back worker
32480,Provide grow
32481,Eat source
32482,Fly whatever
32483,Remember charge
32484,Together much
32485,Meeting case
32486,Among everything
32487,Course peace
32488,Worry assume
32489,Evidence indeed
32490,Billion charge
32491,Day real
32492,Possible fill
32493,Executive special
32494,Forward why
32495,Several many
32496,Court fire
32497,Natural morning
32498,Sort authority
32499,History guy
32500,Charge sometimes
32501,Adult visit
32502,Audience development
32503,Window minute
32504,Cup church
32505,Manage forget
32506,Whom attorney
32507,New design
32508,Finish table
32509,Budget now
32510,Ability single
32511,Role election
32512,Share arrive
32513,Lawyer believe
32514,Play doctor
32515,Miss identify
32516,Dinner others
32517,News rather
32518,Age official
32519,More glass
32520,Film full
32521,Memory risk
32522,Have listen
32523,Water role
32524,Research end
32525,Picture yet
32526,To must
32527,Seem animal
32528,Plant continue
32529,Charge continue
32530,Very important
32531,Admit fall
32532,Score prevent
32533,Member two
32534,House whom
32535,His environmental
32536,Certainly bill
32537,Wrong tell
32538,Hot mother
32539,Make national
32540,Make blood
32541,Onto lot
32542,Team expert
32543,Other risk
32544,Mother woman
32545,Fire travel
32546,Might major
32547,Seek institution
32548,Economy indicate
32549,Build last
32550,Stop though
32551,Control bed
32552,Term long
32553,Her able
32554,Glass develop
32555,Available wish
32556,Require region
32557,Plan military
32558,Pull out
32559,Various figure
32560,You time
32561,Others study
32562,Where else
32563,Personal baby
32564,Social herself
32565,Perform game
32566,Herself house
32567,Pick he
32568,Exactly stock
32569,Television smile
32570,Tree thing
32571,Board assume
32572,Yes adult
32573,Evidence lay
32574,Stop from
32575,Citizen word
32576,Organization list
32577,No assume
32578,Bit put
32579,Color fly
32580,Loss general
32581,Avoid international
32582,Leader stand
32583,Agent page
32584,Financial usually
32585,Raise above
32586,Season my
32587,With group
32588,Fall budget
32589,Race especially
32590,Game outside
32591,Soon try
32592,American politics
32593,Example west
32594,Newspaper well
32595,I on
32596,Change way
32597,Next suffer
32598,Between significant
32599,Window sound
32600,Commercial peace
32601,Nation third
32602,Individual someone
32603,Perform tell
32604,Born field
32605,Road success
32606,Eat Democrat
32607,Clearly bed
32608,Easy claim
32609,Fear side
32610,Check authority
32611,Allow yourself
32612,Property inside
32613,Great activity
32614,Outside protect
32615,Man scientist
32616,Free rise
32617,Sign more
32618,Present blood
32619,Example she
32620,Article threat
32621,None report
32622,Affect many
32623,Subject child
32624,National society
32625,Think office
32626,Even house
32627,Shoulder soon
32628,Study season
32629,Anyone guy
32630,Close however
32631,Sure training
32632,Such something
32633,Blood may
32634,Land interview
32635,Spring half
32636,Television moment
32637,Throw black
32638,Single south
32639,Question able
32640,Score relate
32641,Threat reduce
32642,Assume tree
32643,For history
32644,Perform paper
32645,Through white
32646,Analysis always
32647,Game past
32648,Ok home
32649,Especially everyone
32650,Member month
32651,Close affect
32652,Begin fly
32653,Court many
32654,Somebody arm
32655,Practice single
32656,Child organization
32657,Trade point
32658,Training wall
32659,Then group
32660,Little short
32661,Power course
32662,Gun take
32663,Might general
32664,Seem century
32665,For ask
32666,Well open
32667,Consumer nearly
32668,Senior effort
32669,Onto direction
32670,Check no
32671,Movie manager
32672,Structure shoulder
32673,Series set
32674,Image level
32675,Last machine
32676,Reality head
32677,Beautiful trade
32678,Term often
32679,Animal buy
32680,Wife tonight
32681,Budget center
32682,Keep picture
32683,Energy weight
32684,Question stage
32685,Their television
32686,About field
32687,Approach appear
32688,Education economic
32689,Matter nothing
32690,Threat really
32691,Let accept
32692,Term success
32693,Law evening
32694,Agent Congress
32695,Against serve
32696,Fund article
32697,Indeed eye
32698,Serious yet
32699,Draw go
32700,Across show
32701,Chair sometimes
32702,Third off
32703,President offer
32704,Especially well
32705,Window study
32706,Ask himself
32707,Bit natural
32708,Power security
32709,Today standard
32710,Fear us
32711,Individual rule
32712,World add
32713,Stage deal
32714,Money wonder
32715,Cut attention
32716,Wish Democrat
32717,Nation most
32718,Family usually
32719,Alone music
32720,Establish candidate
32721,Significant able
32722,Right language
32723,Actually teacher
32724,Fill attorney
32725,Mr effect
32726,Matter letter
32727,Traditional professor
32728,Wait increase
32729,Rest station
32730,Have everything
32731,Him along
32732,Green truth
32733,Old finish
32734,Road scientist
32735,Away free
32736,Writer cultural
32737,Sell hotel
32738,So positive
32739,Own whatever
32740,Even father
32741,Fact hope
32742,Minute peace
32743,Only boy
32744,Later after
32745,State too
32746,Every hospital
32747,Official compare
32748,Dinner office
32749,Eight maybe
32750,List class
32751,Hundred girl
32752,Sign what
32753,Work can
32754,Throughout political
32755,Standard month
32756,Chair few
32757,Maintain build
32758,Whom with
32759,Win with
32760,Total market
32761,Will consumer
32762,Fast go
32763,Close rate
32764,Event audience
32765,Something plan
32766,Quickly worry
32767,Behavior business
32768,Very better
32769,Foot time
32770,Compare rock
32771,Thing where
32772,Name rather
32773,Hand score
32774,Moment nothing
32775,Trip when
32776,Look lose
32777,Phone wait
32778,Baby treatment
32779,Agency begin
32780,Condition pretty
32781,Deal stage
32782,Appear rich
32783,Day new
32784,Direction class
32785,Safe yet
32786,Behind allow
32787,Draw for
32788,Blue church
32789,Gun better
32790,Floor total
32791,Write movie
32792,Thus Congress
32793,Career resource
32794,Rule position
32795,Concern pressure
32796,Mother campaign
32797,Within but
32798,Tonight mean
32799,Magazine firm
32800,Laugh plant
32801,Understand fall
32802,Behind structure
32803,Suffer situation
32804,Official PM
32805,Camera first
32806,Reduce catch
32807,Born account
32808,Use dark
32809,Interview ahead
32810,Experience tax
32811,Miss event
32812,Choice beyond
32813,However would
32814,School television
32815,Plant building
32816,Speak her
32817,Attention without
32818,Opportunity whether
32819,Agree role
32820,At push
32821,Wide growth
32822,Cover speak
32823,Property white
32824,Mr Democrat
32825,Against challenge
32826,Often large
32827,Water fish
32828,Cold person
32829,And fire
32830,Watch specific
32831,Campaign media
32832,Feeling suggest
32833,Off room
32834,Bed little
32835,During from
32836,Marriage something
32837,Pressure vote
32838,Meet every
32839,Customer safe
32840,Ready kitchen
32841,Large down
32842,Allow study
32843,Wife assume
32844,Debate trade
32845,While product
32846,Try hundred
32847,Career operation
32848,Case majority
32849,Across certainly
32850,Two bill
32851,Family a
32852,Card his
32853,Let who
32854,Run name
32855,Edge worker
32856,My number
32857,Voice that
32858,Herself about
32859,Cup less
32860,Why pass
32861,Among resource
32862,Bar other
32863,Start popular
32864,Story response
32865,Himself type
32866,Color meet
32867,Professor parent
32868,Ahead develop
32869,Line several
32870,Political foot
32871,Ahead pass
32872,Tough beyond
32873,No door
32874,Simple serious
32875,Thought explain
32876,Reality what
32877,Model full
32878,Into here
32879,When church
32880,Training Congress
32881,Billion system
32882,Deal do
32883,Allow be
32884,Turn officer
32885,Run cost
32886,Green anyone
32887,Rise deep
32888,Hundred anyone
32889,Organization method
32890,Wall believe
32891,Despite hand
32892,Technology year
32893,Allow make
32894,Sea worker
32895,On after
32896,Task choose
32897,Bit including
32898,Help however
32899,Upon third
32900,Truth organization
32901,Attention record
32902,Hit understand
32903,Former action
32904,Walk evidence
32905,Imagine month
32906,Hold throw
32907,Including yard
32908,Would ability
32909,Better be
32910,Left discover
32911,Serious happy
32912,Condition never
32913,Remain newspaper
32914,Senior including
32915,Anything size
32916,Born near
32917,Other quickly
32918,Push effort
32919,Nature answer
32920,Environment nearly
32921,Least training
32922,Firm computer
32923,Nor part
32924,Hospital will
32925,Allow school
32926,Political how
32927,Marriage media
32928,Chance her
32929,Agent cost
32930,Report work
32931,Lose Mr
32932,Weight base
32933,Hospital weight
32934,Design garden
32935,Among agency
32936,Art need
32937,Subject more
32938,Land that
32939,Statement do
32940,With boy
32941,North interview
32942,Attorney let
32943,Two benefit
32944,Notice value
32945,Region drive
32946,Trouble attention
32947,Strategy probably
32948,Professor have
32949,Level sort
32950,These maintain
32951,Training main
32952,Major want
32953,Everybody talk
32954,Bill management
32955,Perhaps head
32956,Conference late
32957,Air newspaper
32958,Through health
32959,Reason staff
32960,Bring size
32961,Prepare result
32962,Identify development
32963,Cost phone
32964,World subject
32965,Line whatever
32966,Central throw
32967,Four sign
32968,Defense able
32969,Friend magazine
32970,Entire phone
32971,Record indicate
32972,If visit
32973,May list
32974,Order push
32975,Eat trade
32976,Cut picture
32977,Though rock
32978,Father onto
32979,Easy hope
32980,Town box
32981,Hold understand
32982,Together green
32983,Ability respond
32984,Share increase
32985,Call hear
32986,Any environment
32987,Project customer
32988,Build court
32989,Indicate you
32990,Recognize after
32991,Must it
32992,Big lead
32993,Behavior wall
32994,Fall goal
32995,Let myself
32996,Religious forget
32997,Upon long
32998,Without seem
32999,Player international
33000,Me public
33001,Character whatever
33002,Class response
33003,Actually once
33004,Later above
33005,Writer ahead
33006,Coach leader
33007,Strategy develop
33008,Challenge again
33009,Technology so
33010,Need able
33011,By to
33012,Car cost
33013,Past structure
33014,Peace challenge
33015,Large official
33016,The him
33017,Stage sound
33018,Tax degree
33019,Film sell
33020,Body difficult
33021,Thing begin
33022,West candidate
33023,Meet available
33024,Recent total
33025,Successful occur
33026,Throughout suddenly
33027,Vote sister
33028,Child ability
33029,Leg civil
33030,Security check
33031,Foreign when
33032,Five memory
33033,Tax line
33034,College oil
33035,Tough whole
33036,Me ago
33037,Cause reach
33038,Street order
33039,High or
33040,Firm large
33041,Drop seem
33042,Member the
33043,Most sense
33044,Believe scene
33045,Him store
33046,Technology system
33047,But television
33048,Notice field
33049,Pick clear
33050,Newspaper Democrat
33051,Real thousand
33052,Cost clearly
33053,Material agreement
33054,Region air
33055,Raise let
33056,Despite happy
33057,Significant need
33058,Within interesting
33059,Say often
33060,Choice arm
33061,Town policy
33062,Stay same
33063,Development role
33064,Shake how
33065,Hit amount
33066,Little middle
33067,Dark our
33068,Scientist indicate
33069,Both her
33070,Compare woman
33071,Far nor
33072,Individual through
33073,Administration begin
33074,Republican either
33075,Writer social
33076,Moment provide
33077,Protect travel
33078,News part
33079,Concern attorney
33080,Positive office
33081,Responsibility hot
33082,Example simply
33083,Woman successful
33084,Writer house
33085,Each thousand
33086,Drop move
33087,Than member
33088,Measure loss
33089,Our capital
33090,Plant police
33091,Avoid section
33092,To order
33093,Recognize religious
33094,Simple education
33095,Sing other
33096,Very get
33097,Girl affect
33098,Several two
33099,Son whatever
33100,Size such
33101,Child four
33102,Early fish
33103,Feel interesting
33104,Choose sign
33105,Particular method
33106,Trial magazine
33107,Century head
33108,Decision give
33109,Event decade
33110,Hope spend
33111,Perhaps stand
33112,Tv real
33113,Between speak
33114,Significant student
33115,Statement range
33116,Building car
33117,Hair speak
33118,Guy rather
33119,Attention too
33120,Quite stock
33121,Great bill
33122,Through democratic
33123,Party lose
33124,Far rock
33125,Official resource
33126,School save
33127,Time office
33128,Baby important
33129,Drop day
33130,Next issue
33131,These country
33132,Whom factor
33133,Peace push
33134,Call able
33135,Price American
33136,Forget focus
33137,Marriage none
33138,Firm democratic
33139,Citizen audience
33140,Myself trouble
33141,Level star
33142,Mr hold
33143,Market add
33144,Once actually
33145,Four decide
33146,Meeting seem
33147,Line sometimes
33148,Enter body
33149,Mother approach
33150,Throughout despite
33151,International woman
33152,Candidate national
33153,Somebody both
33154,Production perform
33155,Help father
33156,Wall happen
33157,Cut run
33158,Prove beyond
33159,Today whatever
33160,Plant teacher
33161,See generation
33162,Visit civil
33163,Bad gun
33164,Back growth
33165,Structure however
33166,Key direction
33167,Choice wrong
33168,Town child
33169,Person we
33170,Social avoid
33171,Measure he
33172,Real determine
33173,Once car
33174,Rule include
33175,Director wear
33176,Bit specific
33177,Me scene
33178,Support thought
33179,As tend
33180,Into memory
33181,Talk Mr
33182,A total
33183,How full
33184,Go three
33185,Glass approach
33186,Serve within
33187,Accept health
33188,Painting card
33189,Machine first
33190,Instead election
33191,Stay rate
33192,Future feeling
33193,Middle movement
33194,Up nature
33195,Reach peace
33196,Someone we
33197,Avoid south
33198,Purpose establish
33199,Project south
33200,Politics suffer
33201,Always theory
33202,When or
33203,Outside show
33204,Artist sound
33205,Hope ten
33206,Reach study
33207,Energy piece
33208,If bed
33209,Continue security
33210,Street father
33211,Building service
33212,Add short
33213,Nothing possible
33214,Agreement trouble
33215,Pick produce
33216,Somebody face
33217,Number cup
33218,Glass we
33219,Avoid nature
33220,Still increase
33221,Community red
33222,Note than
33223,Person as
33224,Month begin
33225,Thought form
33226,Quality hour
33227,Study situation
33228,Man fly
33229,Page maybe
33230,Environment approach
33231,One must
33232,Very environmental
33233,Fly simple
33234,Look push
33235,View however
33236,View would
33237,Thank shoulder
33238,American bad
33239,Us these
33240,Administration cost
33241,Interesting large
33242,Receive ago
33243,Shoulder PM
33244,Remember sign
33245,Environment economy
33246,Participant build
33247,Call house
33248,Sister month
33249,Improve beat
33250,Nothing education
33251,Activity appear
33252,Woman pattern
33253,Like season
33254,Water big
33255,Sit be
33256,Table standard
33257,The over
33258,Give accept
33259,Wait short
33260,Kind gun
33261,Director husband
33262,Relate through
33263,Daughter month
33264,Region position
33265,Enough prepare
33266,Stay security
33267,Wide garden
33268,Myself account
33269,Line build
33270,Century president
33271,Evening defense
33272,Concern itself
33273,Billion yourself
33274,Break parent
33275,Speech note
33276,Real professional
33277,Example that
33278,Painting actually
33279,Item cause
33280,Within others
33281,South together
33282,Air sister
33283,Animal structure
33284,Project power
33285,Positive military
33286,Food mouth
33287,Serious set
33288,Speech might
33289,For military
33290,Never point
33291,Concern recent
33292,Analysis since
33293,Car teacher
33294,Plan new
33295,Two method
33296,Help water
33297,Realize offer
33298,Recent assume
33299,Agency across
33300,Plant miss
33301,President animal
33302,Best region
33303,Above draw
33304,Article tough
33305,Keep none
33306,Born Republican
33307,Arrive him
33308,Enjoy clearly
33309,Through politics
33310,Huge camera
33311,Close door
33312,Leg medical
33313,Science class
33314,Site Republican
33315,Cell yourself
33316,Never surface
33317,President goal
33318,Debate particular
33319,Call focus
33320,Writer example
33321,Herself level
33322,Article edge
33323,Organization sport
33324,Network single
33325,Organization police
33326,Better five
33327,Require resource
33328,Wear reduce
33329,Side side
33330,Scene unit
33331,Should walk
33332,Police serious
33333,Party federal
33334,Production group
33335,Picture ok
33336,Animal sense
33337,Several national
33338,Hour chance
33339,Color Republican
33340,Space federal
33341,Within my
33342,Floor world
33343,Assume the
33344,Country campaign
33345,Set few
33346,Along feeling
33347,Might attorney
33348,Enough building
33349,Item until
33350,Full then
33351,Mr both
33352,Improve activity
33353,Establish computer
33354,Arm positive
33355,Pass market
33356,Charge think
33357,Lot democratic
33358,Professional travel
33359,Western great
33360,Foreign mission
33361,Real night
33362,Watch eat
33363,Song future
33364,Movement determine
33365,Try them
33366,Sense at
33367,Approach trial
33368,Them attorney
33369,Deep live
33370,Lead wish
33371,Really employee
33372,Red put
33373,Man those
33374,Land military
33375,With bed
33376,National either
33377,Same concern
33378,Dinner financial
33379,Employee resource
33380,Check with
33381,Bag however
33382,Recent describe
33383,Might option
33384,Until around
33385,Interview require
33386,Many figure
33387,Window member
33388,Might easy
33389,Politics without
33390,Seven indeed
33391,Life power
33392,Could draw
33393,Perform computer
33394,Director floor
33395,Out share
33396,Bag daughter
33397,Certainly dinner
33398,Blue pay
33399,Occur catch
33400,Cold ok
33401,Probably record
33402,Five concern
33403,Interview hard
33404,Rock green
33405,Tough color
33406,Work happy
33407,Rather spring
33408,Whose moment
33409,Figure either
33410,Network maintain
33411,Oil campaign
33412,Money agreement
33413,Price body
33414,Many personal
33415,Strong world
33416,Story wife
33417,Most structure
33418,Wait bring
33419,Fire pretty
33420,Share do
33421,Most want
33422,Particular our
33423,Single have
33424,Involve none
33425,Movement statement
33426,Administration strategy
33427,Those give
33428,Determine visit
33429,Dog card
33430,Style company
33431,Be thus
33432,Ok month
33433,Development both
33434,Many now
33435,Partner lot
33436,On system
33437,Political any
33438,Action management
33439,Tough customer
33440,Interest research
33441,Place toward
33442,About let
33443,Fill maybe
33444,Approach hand
33445,Knowledge standard
33446,Green concern
33447,Film bad
33448,Every indeed
33449,Character none
33450,Spring television
33451,Community professor
33452,Take politics
33453,Try cost
33454,Town plan
33455,Indicate play
33456,Its officer
33457,They capital
33458,Offer wind
33459,Son young
33460,Cold lawyer
33461,Impact game
33462,Drop gas
33463,Group foot
33464,Simple billion
33465,Effect argue
33466,Decide recent
33467,Study example
33468,Paper just
33469,Skin above
33470,She person
33471,Movie participant
33472,Onto actually
33473,Summer agree
33474,Foreign rate
33475,Parent focus
33476,Century foreign
33477,Money every
33478,Bad middle
33479,Reflect order
33480,Answer yeah
33481,Role race
33482,Shake spend
33483,Shake best
33484,Will police
33485,Little board
33486,Upon scientist
33487,One face
33488,Movie focus
33489,Together direction
33490,Walk discover
33491,Ready add
33492,Far appear
33493,Why where
33494,Catch star
33495,There trip
33496,Lose space
33497,Research police
33498,Pattern out
33499,Would popular
33500,Anyone herself
33501,Begin yet
33502,Parent as
33503,Move forward
33504,Lawyer quite
33505,Up security
33506,Way responsibility
33507,Bring mother
33508,Teach pull
33509,Occur education
33510,Nor history
33511,Lead some
33512,Section executive
33513,Just have
33514,Too message
33515,Own mother
33516,It including
33517,Baby other
33518,Key eat
33519,May likely
33520,These trip
33521,Across tax
33522,Until local
33523,Job just
33524,Rather remember
33525,Face every
33526,Board last
33527,Authority your
33528,Expect everyone
33529,Official whatever
33530,Few sell
33531,Analysis peace
33532,Fine response
33533,Campaign push
33534,Scientist matter
33535,Sea conference
33536,Career follow
33537,Become market
33538,Improve consumer
33539,Oil let
33540,Question risk
33541,Will partner
33542,Father arrive
33543,Region industry
33544,Science party
33545,But Democrat
33546,Man product
33547,Discussion suddenly
33548,Threat way
33549,Meeting stage
33550,Style consumer
33551,Employee customer
33552,Off summer
33553,Per nothing
33554,Whose leave
33555,Just education
33556,Oil shoulder
33557,Physical however
33558,Choice president
33559,Lay four
33560,So set
33561,Relate close
33562,Someone sort
33563,Town century
33564,Moment education
33565,Generation end
33566,Real unit
33567,Nothing test
33568,Argue class
33569,Tonight none
33570,Spring so
33571,Many provide
33572,Whatever with
33573,Hear magazine
33574,Mind similar
33575,Officer work
33576,Two seat
33577,Out case
33578,Business without
33579,From happen
33580,Medical anything
33581,Politics hope
33582,Pretty value
33583,Establish outside
33584,Chair white
33585,Cup threat
33586,Opportunity fill
33587,Debate mention
33588,Project phone
33589,Beyond successful
33590,Party experience
33591,Record nor
33592,Marriage everything
33593,Society central
33594,Various arrive
33595,Sell author
33596,Fast within
33597,Score share
33598,For side
33599,Performance already
33600,Little share
33601,Nearly together
33602,Form born
33603,Figure room
33604,Resource avoid
33605,Age test
33606,Mother idea
33607,Close occur
33608,Bed approach
33609,Hair sure
33610,Light father
33611,Better I
33612,Cause night
33613,Interest quickly
33614,Scene test
33615,Reality three
33616,Rest song
33617,Save we
33618,Least room
33619,Cup discuss
33620,Both cup
33621,Determine entire
33622,Short million
33623,Factor look
33624,Agreement public
33625,Investment center
33626,Ability we
33627,Health red
33628,Result tell
33629,What during
33630,Soon man
33631,Seem different
33632,Maintain identify
33633,Eat stand
33634,Sister give
33635,Likely yard
33636,Magazine ground
33637,Safe religious
33638,Send use
33639,Them quickly
33640,Say every
33641,Everything describe
33642,Player happy
33643,History three
33644,Environment campaign
33645,Suggest care
33646,Establish show
33647,Record toward
33648,According office
33649,Force alone
33650,Between agency
33651,Expect everything
33652,Identify difference
33653,Information international
33654,Into figure
33655,Draw special
33656,Black spend
33657,Option can
33658,Hope here
33659,Happy right
33660,There miss
33661,Mean try
33662,Season operation
33663,Fine state
33664,Common benefit
33665,Daughter them
33666,Treatment place
33667,Paper future
33668,Success relate
33669,Third back
33670,Above statement
33671,Address hour
33672,Back whether
33673,Any call
33674,Boy audience
33675,Technology computer
33676,Ago itself
33677,Well only
33678,Expert director
33679,Picture edge
33680,Term nature
33681,Begin small
33682,Heavy hard
33683,Stage environment
33684,Read catch
33685,Current blue
33686,Determine white
33687,Put rich
33688,But during
33689,Cause four
33690,Recent water
33691,Positive concern
33692,Mind listen
33693,Huge late
33694,Mother thought
33695,Best brother
33696,Join field
33697,Family interesting
33698,Shoulder hour
33699,Any plant
33700,Change myself
33701,Strong nation
33702,Decade center
33703,Structure structure
33704,Student color
33705,Somebody explain
33706,These responsibility
33707,Conference leader
33708,Energy if
33709,Picture enter
33710,Whole economy
33711,Bring spring
33712,International music
33713,Fast teach
33714,Form social
33715,Floor onto
33716,Gas something
33717,Best relationship
33718,Material five
33719,Moment rule
33720,Would economic
33721,Reduce black
33722,Particular food
33723,Great development
33724,Clear garden
33725,Knowledge plant
33726,Leader beautiful
33727,Consider soon
33728,Establish forget
33729,Oil animal
33730,Feel culture
33731,We ok
33732,Clear east
33733,Ten ball
33734,Down generation
33735,Pm late
33736,Water north
33737,Return base
33738,Believe assume
33739,Sea sometimes
33740,Former after
33741,Couple base
33742,They paper
33743,Age sell
33744,Also final
33745,Rather pick
33746,Resource there
33747,Western single
33748,Sound paper
33749,Picture market
33750,Discuss above
33751,Wall wear
33752,Whether give
33753,Message school
33754,Fly state
33755,Pressure term
33756,Rate wrong
33757,Believe democratic
33758,Stand simply
33759,Before contain
33760,Draw major
33761,Good either
33762,Discuss deal
33763,First laugh
33764,Question color
33765,North apply
33766,Too agent
33767,Black realize
33768,Seat all
33769,Television behavior
33770,Collection conference
33771,Pm factor
33772,Figure player
33773,Believe time
33774,Teacher avoid
33775,Me understand
33776,Office newspaper
33777,Per fire
33778,Knowledge recognize
33779,Art area
33780,Word first
33781,Have this
33782,Wrong me
33783,Experience real
33784,Place see
33785,Analysis discuss
33786,Enough our
33787,Family property
33788,Society miss
33789,Debate job
33790,Floor analysis
33791,Method gas
33792,Option before
33793,However meet
33794,Table room
33795,Star environment
33796,Page tax
33797,Today bag
33798,Often save
33799,Bed beat
33800,Pressure you
33801,Look within
33802,Line until
33803,Generation decade
33804,Year but
33805,Decade decade
33806,This remain
33807,Occur series
33808,And physical
33809,Be class
33810,House eight
33811,Top sell
33812,None behavior
33813,Every far
33814,Despite bar
33815,Teacher receive
33816,Next program
33817,Name every
33818,Law good
33819,Picture different
33820,Although better
33821,Fish wide
33822,Hospital answer
33823,Record two
33824,Smile improve
33825,Key already
33826,Low production
33827,Little hair
33828,Chair because
33829,Development system
33830,Billion open
33831,Soon director
33832,Husband share
33833,Ball suffer
33834,Shoulder sound
33835,Trip case
33836,Defense trial
33837,Look necessary
33838,Event cold
33839,Thank since
33840,Know nor
33841,Themselves draw
33842,Property itself
33843,Surface edge
33844,Ability difference
33845,Once financial
33846,Fight information
33847,Really early
33848,Less beautiful
33849,Sport recent
33850,Seat prove
33851,Next travel
33852,Say body
33853,To respond
33854,Activity paper
33855,Themselves point
33856,Care enjoy
33857,Relate try
33858,See weight
33859,Unit really
33860,Much whether
33861,Stand month
33862,Discuss anything
33863,Company section
33864,The assume
33865,Pass new
33866,Sport simply
33867,Focus consider
33868,Light someone
33869,Turn factor
33870,Cold box
33871,Evening rest
33872,Able next
33873,Show drive
33874,If vote
33875,Interesting stage
33876,Spring people
33877,Chair analysis
33878,Heavy personal
33879,Try ask
33880,Leg box
33881,Cell build
33882,Answer off
33883,Into indicate
33884,Wife hundred
33885,Must me
33886,Next general
33887,Station read
33888,Hit exist
33889,Into personal
33890,For at
33891,Prevent business
33892,Chair step
33893,Our accept
33894,Firm less
33895,Try include
33896,Piece allow
33897,Sister success
33898,Visit might
33899,Behind one
33900,Task purpose
33901,Area because
33902,Table choice
33903,Manager our
33904,Month feel
33905,Building day
33906,Statement capital
33907,Explain describe
33908,Usually bank
33909,Free wife
33910,Them quality
33911,Whatever would
33912,Since become
33913,Marriage quality
33914,Seek science
33915,Management behind
33916,Live church
33917,Mr that
33918,Ago him
33919,Small popular
33920,Arm enough
33921,Institution move
33922,Most a
33923,Maybe especially
33924,Here new
33925,Wrong sport
33926,Once may
33927,Question when
33928,Most present
33929,Return federal
33930,Road accept
33931,Music poor
33932,Which tell
33933,The green
33934,Cold believe
33935,Service owner
33936,Majority trial
33937,Option choice
33938,Teacher thus
33939,Before pick
33940,All pattern
33941,Join west
33942,Window several
33943,Page box
33944,Least structure
33945,Price cover
33946,Father mission
33947,Produce determine
33948,Glass leave
33949,Class agent
33950,President help
33951,Tell rise
33952,Eat later
33953,No success
33954,Accept lot
33955,Personal energy
33956,Per fall
33957,Sister series
33958,Billion us
33959,Deep day
33960,Back who
33961,First so
33962,Information produce
33963,Box participant
33964,Discussion performance
33965,Free mind
33966,Family between
33967,Economic happy
33968,Window arrive
33969,Set style
33970,Nature debate
33971,Part network
33972,Single finally
33973,Success consider
33974,Owner lot
33975,Media interest
33976,With perform
33977,Seem dog
33978,Still school
33979,Product million
33980,Street decision
33981,Dark seek
33982,Building research
33983,Religious election
33984,Material least
33985,Citizen speech
33986,Ability standard
33987,Five age
33988,Friend save
33989,Build reality
33990,Return individual
33991,Center kitchen
33992,Person his
33993,When memory
33994,Piece hot
33995,Social second
33996,Base alone
33997,We join
33998,Resource family
33999,Seek road
34000,Individual short
34001,Traditional kid
34002,Across each
34003,Kid throw
34004,Population car
34005,Our community
34006,Cause beat
34007,School head
34008,Likely do
34009,Heart character
34010,Career entire
34011,Benefit woman
34012,Democrat program
34013,Camera news
34014,Clearly save
34015,Candidate condition
34016,Avoid yourself
34017,Ground across
34018,Main billion
34019,Station ask
34020,Company stand
34021,Probably table
34022,Whole else
34023,Teacher grow
34024,Alone challenge
34025,Hour else
34026,Star knowledge
34027,Career set
34028,Animal ok
34029,Television resource
34030,Quite plant
34031,People guess
34032,House no
34033,Treat she
34034,Yourself note
34035,Line hit
34036,Eye appear
34037,Method option
34038,Subject staff
34039,Agreement process
34040,Democrat character
34041,Those message
34042,Can almost
34043,Support station
34044,Others school
34045,Mrs change
34046,Manage member
34047,Read strategy
34048,Industry operation
34049,Single stock
34050,Provide majority
34051,A teach
34052,Trial off
34053,History remain
34054,Really stuff
34055,According music
34056,Heavy military
34057,Black nature
34058,We loss
34059,Part professor
34060,Every consumer
34061,Allow various
34062,Prevent kind
34063,Around according
34064,Effort interview
34065,Political focus
34066,Also interest
34067,Republican despite
34068,Argue campaign
34069,Nearly knowledge
34070,Few lead
34071,Future public
34072,Evidence spend
34073,Realize money
34074,Strategy talk
34075,Think too
34076,Father hope
34077,She policy
34078,Bill author
34079,Best control
34080,Relate exist
34081,Leader without
34082,Ask force
34083,Result feeling
34084,Cut former
34085,Yard history
34086,Prevent red
34087,Health floor
34088,Perform land
34089,Protect compare
34090,Here share
34091,Hotel American
34092,This tough
34093,System room
34094,Both write
34095,Term mission
34096,Article quite
34097,From general
34098,Pull general
34099,Part nor
34100,But special
34101,President international
34102,Still trouble
34103,Event create
34104,Study shake
34105,Career or
34106,Time bill
34107,Generation similar
34108,Pull agree
34109,Agree because
34110,Identify issue
34111,Color off
34112,Anyone late
34113,Some expect
34114,Nature more
34115,Him political
34116,Account message
34117,Scene day
34118,For discuss
34119,Happen might
34120,Me soldier
34121,Fight area
34122,Consider quality
34123,Admit when
34124,Consider strong
34125,Wide tax
34126,Religious east
34127,Do as
34128,Necessary believe
34129,Clearly yeah
34130,Under suffer
34131,Recognize sign
34132,Speech several
34133,Hand building
34134,Compare good
34135,Eight president
34136,Protect picture
34137,My protect
34138,Production drug
34139,Along region
34140,Another catch
34141,Able level
34142,Beat account
34143,Yard some
34144,Building individual
34145,Or myself
34146,Enter raise
34147,Build policy
34148,Where system
34149,Plan current
34150,Week manager
34151,Social us
34152,Environmental movement
34153,Figure human
34154,Outside doctor
34155,Direction this
34156,Piece list
34157,Final him
34158,At forward
34159,Majority speak
34160,Return else
34161,Mission student
34162,Exist must
34163,Item theory
34164,Season professional
34165,Respond yourself
34166,Someone body
34167,Marriage join
34168,Three own
34169,Eye also
34170,Industry church
34171,Property always
34172,Friend political
34173,Result new
34174,Man fall
34175,Top among
34176,Have city
34177,Vote doctor
34178,Late better
34179,Stop any
34180,Step five
34181,Level same
34182,Call listen
34183,Nice soldier
34184,Idea kind
34185,Direction common
34186,Score pressure
34187,Hair important
34188,Specific nature
34189,Experience authority
34190,Something modern
34191,Rich become
34192,Study when
34193,Especially court
34194,Serious them
34195,The his
34196,Also find
34197,Ago much
34198,Project about
34199,Possible simple
34200,Sister trip
34201,Personal surface
34202,Employee short
34203,Direction safe
34204,Manager exist
34205,Pull movie
34206,Interest which
34207,Spend manage
34208,News person
34209,Certainly fill
34210,Stand represent
34211,Require Republican
34212,Society fear
34213,Board eight
34214,Manage hotel
34215,Guy national
34216,War statement
34217,Outside environmental
34218,My probably
34219,Practice mind
34220,Room respond
34221,Candidate opportunity
34222,History job
34223,Yeah alone
34224,Say term
34225,Environmental none
34226,Ago girl
34227,Them morning
34228,Reflect first
34229,Brother research
34230,Organization edge
34231,Ahead management
34232,Bag decade
34233,Too sister
34234,Close issue
34235,Right rich
34236,Live hear
34237,Girl mind
34238,Huge easy
34239,Form beautiful
34240,Conference office
34241,Art who
34242,Rich offer
34243,Financial not
34244,Since live
34245,Born international
34246,Both south
34247,East face
34248,Support make
34249,Color since
34250,Good look
34251,Maintain police
34252,Standard put
34253,Successful walk
34254,A dog
34255,How pretty
34256,Light star
34257,Human long
34258,Sign situation
34259,Seven worry
34260,Beautiful indeed
34261,Hope writer
34262,Table so
34263,War Democrat
34264,Include party
34265,Sea level
34266,Rather raise
34267,Ten although
34268,Even break
34269,Air somebody
34270,Need north
34271,Leave girl
34272,Candidate nothing
34273,Read affect
34274,Person yeah
34275,Outside drug
34276,Management still
34277,Forward TV
34278,People ability
34279,Majority address
34280,Save mother
34281,Act live
34282,Lead almost
34283,Media need
34284,Represent body
34285,Sell tonight
34286,Us read
34287,Artist tax
34288,Positive organization
34289,Source away
34290,Follow cost
34291,Price television
34292,Suffer against
34293,According student
34294,Around public
34295,Tend society
34296,National under
34297,Local author
34298,Offer low
34299,Indicate smile
34300,Impact thousand
34301,Anything consumer
34302,Thing manager
34303,People too
34304,Treatment blue
34305,Project job
34306,Fund wait
34307,Lawyer conference
34308,Behind prove
34309,Project clear
34310,Large find
34311,Human beat
34312,Writer statement
34313,The already
34314,Sister discuss
34315,Perform until
34316,Reduce as
34317,Firm rock
34318,Recent form
34319,Edge cold
34320,Ball factor
34321,Detail anyone
34322,Community allow
34323,Maybe guess
34324,College bad
34325,Move she
34326,Purpose where
34327,Effort writer
34328,How option
34329,Save news
34330,Or particularly
34331,Radio cell
34332,Service view
34333,Cost big
34334,Identify water
34335,Teacher reveal
34336,Dark want
34337,Nice environmental
34338,Such voice
34339,Level even
34340,Computer join
34341,Reach choose
34342,Mr step
34343,Later professional
34344,Social modern
34345,For level
34346,Child whatever
34347,Above explain
34348,Member green
34349,She summer
34350,Between coach
34351,Represent employee
34352,Resource image
34353,Political form
34354,Expect direction
34355,Strong base
34356,Impact explain
34357,Peace act
34358,Ever lot
34359,Ask green
34360,Human ever
34361,Religious cold
34362,Mouth care
34363,Yeah later
34364,Save series
34365,Strategy then
34366,Kitchen wrong
34367,Clear woman
34368,Be drop
34369,Toward college
34370,Our friend
34371,Single weight
34372,Bill anyone
34373,Off environment
34374,Improve during
34375,Try safe
34376,Game its
34377,Exist never
34378,Full past
34379,Meet marriage
34380,Book million
34381,Customer somebody
34382,Nation rest
34383,How strong
34384,New what
34385,Since instead
34386,Such culture
34387,Agree total
34388,Discover staff
34389,Red language
34390,Seat doctor
34391,Cut response
34392,Experience wind
34393,Hard lay
34394,Model around
34395,Government have
34396,Poor part
34397,Society middle
34398,Image heart
34399,Possible he
34400,Police sign
34401,Themselves free
34402,He ever
34403,Pay even
34404,Guess lawyer
34405,Serve type
34406,Situation to
34407,Teach rich
34408,Draw difference
34409,But past
34410,Administration speak
34411,Word picture
34412,Bad walk
34413,Whether friend
34414,Raise form
34415,Understand should
34416,Forget throw
34417,Rock through
34418,Administration bit
34419,Measure total
34420,Ten back
34421,Claim resource
34422,Despite people
34423,Bring major
34424,Pattern leg
34425,Large fear
34426,Method true
34427,Must seven
34428,Help well
34429,Yeah control
34430,Generation painting
34431,Share fight
34432,Around seven
34433,My experience
34434,Management these
34435,While thought
34436,Follow law
34437,Player story
34438,Question watch
34439,Role still
34440,Identify less
34441,Sense marriage
34442,Than charge
34443,They simple
34444,Whom together
34445,Right company
34446,In onto
34447,Top five
34448,Peace bring
34449,Order standard
34450,Nor relate
34451,Letter apply
34452,Great have
34453,Explain call
34454,Billion everything
34455,Tv since
34456,Ok wonder
34457,Necessary community
34458,Forget increase
34459,Under card
34460,Drop big
34461,Type apply
34462,Feel military
34463,Follow region
34464,Social simple
34465,Itself red
34466,Likely yeah
34467,Short mother
34468,Shoulder top
34469,Other toward
34470,Decade dream
34471,Rise hand
34472,Wall doctor
34473,Race local
34474,Part reduce
34475,Drive you
34476,Near knowledge
34477,Teach believe
34478,Real international
34479,Operation face
34480,Professor public
34481,First his
34482,When choice
34483,Never figure
34484,Around discuss
34485,Tough knowledge
34486,Themselves myself
34487,Event old
34488,Listen top
34489,Begin feeling
34490,Necessary organization
34491,Stage like
34492,Interview whom
34493,Only father
34494,Focus policy
34495,Institution shake
34496,Receive apply
34497,Feeling Republican
34498,Trouble mother
34499,Shake PM
34500,Drive service
34501,Name view
34502,Somebody born
34503,Old particular
34504,Trade phone
34505,Young end
34506,Turn manager
34507,Budget despite
34508,Tend today
34509,Table environmental
34510,Method game
34511,Race majority
34512,Still sell
34513,Accept opportunity
34514,Such part
34515,Choice special
34516,Result expert
34517,Total fill
34518,Message candidate
34519,Together collection
34520,Have reason
34521,Church special
34522,Success popular
34523,Interest stock
34524,Floor really
34525,Executive window
34526,Personal clearly
34527,Even produce
34528,Political factor
34529,Short world
34530,Also always
34531,Involve accept
34532,Fly director
34533,Measure sister
34534,Knowledge parent
34535,Group pressure
34536,Collection rather
34537,Quickly mouth
34538,Road make
34539,Start clear
34540,Be sense
34541,Hear change
34542,West yourself
34543,Young identify
34544,Put necessary
34545,Election seat
34546,Build environment
34547,Police chair
34548,Statement indeed
34549,Or speak
34550,Prepare clear
34551,Help truth
34552,Almost main
34553,News blood
34554,Modern citizen
34555,Brother financial
34556,Cost build
34557,Price human
34558,Nor particular
34559,Consider enough
34560,Control myself
34561,Production beautiful
34562,School send
34563,Oil deal
34564,Black generation
34565,More involve
34566,Set simple
34567,Available boy
34568,Early activity
34569,End officer
34570,Building manager
34571,Probably radio
34572,Poor west
34573,Think establish
34574,Later cost
34575,Interview certain
34576,Fight media
34577,Image mind
34578,Successful live
34579,Yeah water
34580,Notice democratic
34581,Teacher figure
34582,Single professor
34583,List arm
34584,Number here
34585,Let where
34586,Week tend
34587,Scene likely
34588,Light blood
34589,Address their
34590,Hundred remember
34591,Pull view
34592,Place instead
34593,Police by
34594,Cut stand
34595,From politics
34596,Because really
34597,Citizen factor
34598,Process hit
34599,President success
34600,Become ten
34601,Ever arm
34602,Girl especially
34603,Method fly
34604,Almost despite
34605,Spend shake
34606,Cost least
34607,Wish dark
34608,Also perhaps
34609,Wait national
34610,Those effort
34611,Blue two
34612,Condition window
34613,Piece kind
34614,Fund beyond
34615,Get physical
34616,Resource method
34617,Establish fast
34618,Share entire
34619,Science yes
34620,Easy economy
34621,News service
34622,Congress grow
34623,Relationship figure
34624,A series
34625,Eight to
34626,Find worker
34627,Old marriage
34628,Season point
34629,Course spring
34630,Happen government
34631,To break
34632,Business many
34633,Half important
34634,Fear claim
34635,Reflect painting
34636,Start everybody
34637,Friend establish
34638,Sport open
34639,Want interesting
34640,Establish most
34641,Once manage
34642,May when
34643,Door soon
34644,Assume box
34645,Sea current
34646,Western threat
34647,Group act
34648,Among court
34649,Official office
34650,Six anyone
34651,Fast environmental
34652,Make protect
34653,Physical read
34654,Argue ability
34655,Along education
34656,Character mind
34657,Network citizen
34658,Kitchen stock
34659,Article even
34660,Nor base
34661,Between born
34662,Learn animal
34663,Thing her
34664,Produce maybe
34665,Offer since
34666,Deep pressure
34667,Matter increase
34668,Gas hope
34669,Piece draw
34670,Fall attention
34671,Civil individual
34672,Report just
34673,Example medical
34674,All exist
34675,Film reach
34676,Sure difference
34677,Process size
34678,Manager conference
34679,Reason authority
34680,Our save
34681,Fast employee
34682,Final government
34683,Myself run
34684,Fast card
34685,Degree idea
34686,Many four
34687,Beautiful successful
34688,Mean seat
34689,Not none
34690,Give discover
34691,System realize
34692,Travel conference
34693,Off imagine
34694,Along seem
34695,Section air
34696,Change design
34697,Course sister
34698,Major but
34699,Charge concern
34700,Meeting book
34701,Red citizen
34702,Less time
34703,This lose
34704,Sport his
34705,Oil measure
34706,Direction only
34707,Often already
34708,Close young
34709,Too at
34710,Treat home
34711,Large prove
34712,Child first
34713,Determine guy
34714,Wish read
34715,True region
34716,News news
34717,More why
34718,Difference southern
34719,View major
34720,When economy
34721,Democratic few
34722,Trouble class
34723,Begin side
34724,Discussion peace
34725,Administration meet
34726,Chance voice
34727,Economic stop
34728,Cost size
34729,Suggest computer
34730,Catch high
34731,Attack wife
34732,Group thank
34733,Certain thank
34734,Task rise
34735,Left early
34736,Result common
34737,Than pick
34738,Act pick
34739,Issue while
34740,Fund stock
34741,Nature it
34742,Responsibility production
34743,Change artist
34744,Measure tend
34745,Dark size
34746,Across strategy
34747,Lose design
34748,Suddenly modern
34749,Require gun
34750,Yet then
34751,Budget thank
34752,Interesting success
34753,Run five
34754,Capital part
34755,Different language
34756,Others fast
34757,Morning position
34758,Every themselves
34759,Improve act
34760,To attention
34761,Fall later
34762,Believe brother
34763,It exactly
34764,Same else
34765,Hour walk
34766,Prevent well
34767,Receive morning
34768,Effect feeling
34769,Light road
34770,Board have
34771,Two artist
34772,Charge attack
34773,Movie cultural
34774,Look product
34775,Ability chance
34776,Type attack
34777,Study most
34778,Grow dinner
34779,Myself yes
34780,Federal maintain
34781,Peace travel
34782,Rather return
34783,Message hospital
34784,During half
34785,Think responsibility
34786,Up million
34787,Hear blue
34788,Movement cut
34789,Worry suddenly
34790,Mind product
34791,Building middle
34792,Behavior second
34793,Hotel fill
34794,White tonight
34795,View cup
34796,Security above
34797,Ok large
34798,Where song
34799,Form various
34800,Growth thousand
34801,Population soldier
34802,Whole front
34803,Citizen do
34804,Day receive
34805,Music focus
34806,Plan center
34807,Crime commercial
34808,Put forget
34809,Tonight record
34810,History why
34811,Technology attorney
34812,Stage just
34813,Talk young
34814,Position detail
34815,Build cause
34816,Crime risk
34817,Base white
34818,Town although
34819,Owner for
34820,There boy
34821,Which similar
34822,Second alone
34823,Commercial very
34824,Win pass
34825,Place election
34826,Discuss wear
34827,Mean husband
34828,Though toward
34829,Difference trial
34830,Exactly positive
34831,Must upon
34832,Talk reduce
34833,Across network
34834,Wonder wish
34835,Eye lot
34836,Explain hundred
34837,Area book
34838,Police level
34839,Again say
34840,Throughout mouth
34841,Pressure radio
34842,Group to
34843,Rich fish
34844,Skin training
34845,Large relationship
34846,Performance prevent
34847,Agreement car
34848,Grow someone
34849,Receive there
34850,Heart position
34851,Ever smile
34852,Government worry
34853,Bag mind
34854,Red system
34855,Even least
34856,Experience economic
34857,Law school
34858,Tax newspaper
34859,Old free
34860,Serious play
34861,Cultural notice
34862,Effect do
34863,Growth condition
34864,Focus short
34865,Design house
34866,Toward fear
34867,People spend
34868,Age ask
34869,Detail song
34870,Fill future
34871,Source window
34872,Between prove
34873,On building
34874,Smile idea
34875,Manage choice
34876,Author standard
34877,Make sport
34878,Section current
34879,Quality plan
34880,Determine once
34881,Expect none
34882,Describe international
34883,Suffer relate
34884,Road receive
34885,Call high
34886,Range level
34887,Strategy and
34888,Writer miss
34889,Wall house
34890,Environmental president
34891,Sound religious
34892,Product message
34893,Push its
34894,During form
34895,Become ahead
34896,Enter these
34897,Way treatment
34898,Point pressure
34899,Test race
34900,Believe seat
34901,Positive baby
34902,Of into
34903,Computer win
34904,Evidence middle
34905,Let modern
34906,Quite east
34907,Sign miss
34908,Raise rule
34909,Business civil
34910,Ask make
34911,Structure us
34912,Program national
34913,Great front
34914,Result put
34915,Large family
34916,Imagine live
34917,Something center
34918,Nice foreign
34919,Present several
34920,Loss wall
34921,Information country
34922,Surface certain
34923,Join measure
34924,Mean western
34925,Figure full
34926,Our wrong
34927,Foreign material
34928,Shoulder myself
34929,Floor medical
34930,Site task
34931,Lawyer yeah
34932,Success feel
34933,Republican meet
34934,General well
34935,Father cup
34936,Provide late
34937,End sell
34938,General character
34939,Travel provide
34940,For American
34941,Consider agree
34942,Bad need
34943,Explain service
34944,Professional meeting
34945,Do piece
34946,Sure rock
34947,Choose others
34948,Federal season
34949,Even then
34950,Goal create
34951,Reduce note
34952,Head strong
34953,Ready explain
34954,Mean campaign
34955,Born of
34956,Firm increase
34957,Evening page
34958,Focus last
34959,Three full
34960,Above work
34961,Mind so
34962,East behavior
34963,Air according
34964,Down model
34965,Together public
34966,Discuss material
34967,Scientist game
34968,Then action
34969,Say of
34970,Success long
34971,Little current
34972,Side ever
34973,Above someone
34974,Wrong director
34975,Her away
34976,Key official
34977,Voice tonight
34978,Field off
34979,Charge bad
34980,Chance maybe
34981,Relationship check
34982,Executive international
34983,Possible prevent
34984,Example read
34985,Participant oil
34986,New identify
34987,Side today
34988,Hot word
34989,Keep dinner
34990,Not fall
34991,Third standard
34992,Less open
34993,Sister idea
34994,More worry
34995,Doctor increase
34996,City situation
34997,Later others
34998,Also century
34999,Mention center
35000,North rock
35001,Energy store
35002,Nice whether
35003,Figure read
35004,Boy check
35005,People prove
35006,Increase always
35007,Because well
35008,Later debate
35009,Sit Democrat
35010,American eat
35011,Indicate walk
35012,Purpose although
35013,Street hard
35014,Expect activity
35015,Yard every
35016,Listen at
35017,President detail
35018,Gas lead
35019,National store
35020,Than environment
35021,Safe require
35022,Continue everybody
35023,Anyone join
35024,Idea sure
35025,Center generation
35026,Something interview
35027,Time Republican
35028,Stuff run
35029,Administration opportunity
35030,Garden charge
35031,Industry available
35032,Scientist successful
35033,Religious poor
35034,Sport recognize
35035,While determine
35036,Director game
35037,Garden lot
35038,Medical note
35039,Nothing detail
35040,Also human
35041,Share form
35042,Form nice
35043,Democrat think
35044,Him land
35045,Easy turn
35046,Break hope
35047,Goal section
35048,Weight worry
35049,Onto baby
35050,Follow course
35051,At check
35052,Source realize
35053,Machine arm
35054,Hand red
35055,Some its
35056,Notice must
35057,Act hair
35058,That strong
35059,Enjoy marriage
35060,Window though
35061,Car even
35062,Onto nice
35063,However stock
35064,Special fact
35065,Open Congress
35066,Everything run
35067,Contain million
35068,Seat long
35069,Around line
35070,Administration suffer
35071,Rest difference
35072,Edge likely
35073,Party possible
35074,Drug will
35075,Win sister
35076,Relate long
35077,Brother heavy
35078,Develop particular
35079,Top live
35080,Look parent
35081,Tough likely
35082,Television friend
35083,Yeah much
35084,Around along
35085,Special apply
35086,What along
35087,Ground each
35088,Word although
35089,Your country
35090,Us miss
35091,Lot box
35092,Customer minute
35093,Husband record
35094,Character hit
35095,Bill down
35096,Account quickly
35097,Ball care
35098,Rise he
35099,Positive strategy
35100,Worry mean
35101,Energy there
35102,Yes really
35103,Simple TV
35104,Democrat back
35105,Future draw
35106,Study decide
35107,Job travel
35108,Social evening
35109,Couple receive
35110,Off idea
35111,Six PM
35112,Range short
35113,Wife put
35114,Better capital
35115,Purpose myself
35116,Item involve
35117,However American
35118,Suffer improve
35119,Security away
35120,Event condition
35121,For rather
35122,Sound dog
35123,Per kitchen
35124,Daughter his
35125,Seem concern
35126,Should manager
35127,Note action
35128,Smile fire
35129,Without science
35130,Rise issue
35131,Democrat imagine
35132,Sport yeah
35133,Key such
35134,Every more
35135,Senior personal
35136,Him choice
35137,Movie agency
35138,Focus compare
35139,Human might
35140,People eye
35141,Defense and
35142,Game group
35143,Between million
35144,Authority push
35145,Describe different
35146,Board idea
35147,Spend view
35148,Article realize
35149,All seat
35150,Worry partner
35151,Attorney simple
35152,Reach fund
35153,Less senior
35154,Fall keep
35155,Tv century
35156,Girl even
35157,Call probably
35158,Piece five
35159,Production officer
35160,Court number
35161,Matter thus
35162,Wish care
35163,Push speech
35164,Traditional person
35165,Ground decision
35166,Especially age
35167,Hard television
35168,Small the
35169,Will avoid
35170,Arrive around
35171,Class receive
35172,Note six
35173,Detail before
35174,Stuff number
35175,Condition tough
35176,Woman take
35177,Join interesting
35178,Despite anyone
35179,Indeed create
35180,National outside
35181,Teacher vote
35182,Nothing candidate
35183,Both customer
35184,Fill which
35185,Fast she
35186,Tell product
35187,Vote than
35188,Eat push
35189,Believe three
35190,Nothing quite
35191,Surface answer
35192,College lead
35193,Give health
35194,Get future
35195,Hard note
35196,Indicate modern
35197,Item change
35198,Since recent
35199,Late that
35200,Similar operation
35201,Sure box
35202,Decade than
35203,Successful memory
35204,Agree tree
35205,Positive land
35206,Imagine whole
35207,Give treat
35208,Popular present
35209,Draw image
35210,Fill eat
35211,Sea name
35212,Central many
35213,Cause somebody
35214,Enough soon
35215,Total indicate
35216,Hour other
35217,Professor card
35218,Stand tend
35219,Keep information
35220,Mind big
35221,Manage provide
35222,Hear degree
35223,Group page
35224,Social with
35225,I generation
35226,Increase explain
35227,Include prove
35228,Agent before
35229,Treat the
35230,Civil political
35231,Part open
35232,Maintain whatever
35233,Professor past
35234,Reflect your
35235,Fund include
35236,Before fall
35237,Sign can
35238,Must husband
35239,Whether build
35240,Prove along
35241,Water son
35242,Great writer
35243,Push certainly
35244,Car cover
35245,Benefit name
35246,Tv today
35247,Value new
35248,Simple others
35249,Role what
35250,Against girl
35251,Will friend
35252,Clear accept
35253,Question appear
35254,Perhaps father
35255,Discover probably
35256,Lawyer fear
35257,Data before
35258,Him type
35259,Republican among
35260,Understand unit
35261,Pick case
35262,Especially fight
35263,Memory decision
35264,Try guy
35265,Situation approach
35266,Fine perhaps
35267,Campaign develop
35268,Heavy identify
35269,Shoulder prepare
35270,Interest clearly
35271,Gun writer
35272,Tax nothing
35273,Present beyond
35274,Involve common
35275,Inside budget
35276,Pay administration
35277,They impact
35278,Final maybe
35279,Group its
35280,Become truth
35281,Blue must
35282,Lawyer purpose
35283,Family do
35284,Dinner sea
35285,Much off
35286,Huge politics
35287,Agree difficult
35288,True offer
35289,Few news
35290,Family answer
35291,Woman majority
35292,Commercial participant
35293,Much for
35294,With market
35295,Ready within
35296,Course drop
35297,Myself dark
35298,Military coach
35299,Paper year
35300,This pattern
35301,Anyone court
35302,Spring everything
35303,Director consider
35304,Health month
35305,Movement shake
35306,Water their
35307,Behind fact
35308,Computer serious
35309,Need room
35310,Future policy
35311,Determine style
35312,Recognize space
35313,Wind reason
35314,Although baby
35315,Never plan
35316,Her most
35317,Job end
35318,Agency kind
35319,Stage minute
35320,Understand land
35321,Although someone
35322,Sell former
35323,Example force
35324,Indeed produce
35325,Teach kind
35326,Future discuss
35327,Find relate
35328,Hard short
35329,Reality between
35330,Plant else
35331,Especially through
35332,Garden watch
35333,Economic action
35334,Seem turn
35335,Commercial view
35336,Anything by
35337,Some such
35338,Wonder wonder
35339,It stuff
35340,Six health
35341,Statement around
35342,Western hope
35343,Case painting
35344,Run time
35345,Tv discussion
35346,Trial behavior
35347,Road threat
35348,Country town
35349,Indeed suffer
35350,Few woman
35351,Science second
35352,Adult candidate
35353,Event significant
35354,Town leave
35355,Finish close
35356,Century who
35357,Work white
35358,Local song
35359,Guess why
35360,Nearly ask
35361,Show I
35362,Loss put
35363,Special really
35364,Assume near
35365,Military only
35366,Month off
35367,Marriage same
35368,Option time
35369,Country staff
35370,Any describe
35371,Nature book
35372,Smile step
35373,Fund bank
35374,Law rock
35375,Student song
35376,Reduce area
35377,Base hospital
35378,Mention stay
35379,Fly indicate
35380,Gun stock
35381,Senior police
35382,Herself president
35383,Consumer over
35384,Under accept
35385,Be enough
35386,Region center
35387,Treat parent
35388,Another machine
35389,Seven police
35390,Eye prevent
35391,Son wait
35392,Remember view
35393,Feel structure
35394,House film
35395,Although base
35396,Low themselves
35397,Much nice
35398,Produce process
35399,Community although
35400,News age
35401,Level learn
35402,Lay history
35403,Lose window
35404,Pass something
35405,Voice and
35406,Act imagine
35407,Allow employee
35408,Third never
35409,Bag former
35410,Police general
35411,Manage lose
35412,Still add
35413,Eye mission
35414,Store result
35415,Would article
35416,Range article
35417,Commercial issue
35418,Serve adult
35419,Nothing down
35420,Food identify
35421,Mean information
35422,Off teacher
35423,Evidence low
35424,Month stage
35425,Business still
35426,Network involve
35427,Though record
35428,Check would
35429,Son court
35430,Interview available
35431,Wind right
35432,Sense something
35433,Term form
35434,Carry certain
35435,Send down
35436,Five kitchen
35437,Kitchen maintain
35438,Half list
35439,Necessary pretty
35440,Stay treatment
35441,Article large
35442,Relate national
35443,Lead oil
35444,Hotel position
35445,Full to
35446,West parent
35447,Lawyer figure
35448,Type top
35449,On add
35450,Beautiful report
35451,Than past
35452,Lose large
35453,Best board
35454,Care foot
35455,Them current
35456,Always anyone
35457,Similar improve
35458,Our participant
35459,Against wide
35460,Edge face
35461,Writer really
35462,Real life
35463,Take race
35464,Three company
35465,Huge peace
35466,Suggest they
35467,Check agency
35468,Organization discover
35469,Together point
35470,Trouble edge
35471,Run book
35472,Think space
35473,Catch will
35474,Land west
35475,Off west
35476,Many worker
35477,Of sing
35478,Look traditional
35479,In lay
35480,Any against
35481,Share wear
35482,Color especially
35483,Necessary range
35484,Very group
35485,Alone population
35486,Situation fast
35487,Society never
35488,Beyond Democrat
35489,Field series
35490,Job wear
35491,Represent them
35492,Plant discussion
35493,Not happy
35494,Break human
35495,Oil Mr
35496,Claim to
35497,Director whether
35498,Important them
35499,Simple radio
35500,Possible where
35501,Wall how
35502,Bank economy
35503,Buy must
35504,Write participant
35505,Future poor
35506,Within lay
35507,Spend administration
35508,Product form
35509,Forward production
35510,Effect director
35511,Continue discussion
35512,Expert choose
35513,Class management
35514,Future art
35515,System throughout
35516,Several quickly
35517,Side source
35518,Community institution
35519,Above something
35520,Structure rock
35521,Town language
35522,Discover energy
35523,Stuff everybody
35524,Hundred audience
35525,Gas cold
35526,Position student
35527,Hand news
35528,Point common
35529,Window although
35530,Last but
35531,Again test
35532,Teach idea
35533,Fine often
35534,Hope firm
35535,President who
35536,Magazine work
35537,Sell join
35538,Early south
35539,Card consumer
35540,Bag defense
35541,Rest budget
35542,He executive
35543,Early investment
35544,Ten democratic
35545,Tv he
35546,For stop
35547,Local tend
35548,Art certainly
35549,Walk walk
35550,South drug
35551,Consider exactly
35552,Run apply
35553,Into watch
35554,Another shoulder
35555,Debate write
35556,Expert morning
35557,Notice need
35558,Time father
35559,Street eat
35560,Street quality
35561,Though effort
35562,Common purpose
35563,Once family
35564,Admit far
35565,His win
35566,Name herself
35567,Mouth floor
35568,Contain these
35569,Rich family
35570,City lay
35571,Arrive detail
35572,Activity top
35573,So morning
35574,Or road
35575,Nature season
35576,Collection thing
35577,Particular land
35578,Laugh measure
35579,Dinner onto
35580,Be attack
35581,Race attention
35582,Main gun
35583,Better student
35584,Voice I
35585,Real dog
35586,Season product
35587,Modern modern
35588,Throughout boy
35589,News agency
35590,Successful bring
35591,Though with
35592,Yourself law
35593,None floor
35594,Political name
35595,Senior suggest
35596,Memory against
35597,Election health
35598,Case brother
35599,Alone especially
35600,Anything sell
35601,Herself cause
35602,Focus owner
35603,Law become
35604,Many week
35605,Decide either
35606,Special pattern
35607,Yes collection
35608,Give area
35609,Close though
35610,Area accept
35611,Stop enter
35612,Personal past
35613,Political contain
35614,Consider language
35615,Ago husband
35616,Benefit item
35617,Tough strong
35618,Later future
35619,Catch concern
35620,During state
35621,Nothing response
35622,Town idea
35623,Father partner
35624,Use tax
35625,Goal family
35626,Conference inside
35627,Necessary some
35628,That describe
35629,Attention take
35630,Along discussion
35631,Risk end
35632,Give building
35633,Lead turn
35634,Product human
35635,Under safe
35636,Source be
35637,People suggest
35638,Case senior
35639,Cut full
35640,Reveal five
35641,Figure image
35642,Catch make
35643,Onto from
35644,Study age
35645,Sell admit
35646,Card wall
35647,Indeed talk
35648,Yourself low
35649,As level
35650,Price pressure
35651,Her lose
35652,Book catch
35653,Threat cause
35654,Score source
35655,Less card
35656,Charge measure
35657,Board child
35658,Individual brother
35659,Yourself simple
35660,When growth
35661,Democrat up
35662,Respond partner
35663,Exist investment
35664,Door thank
35665,Nature notice
35666,Task together
35667,Human popular
35668,Protect begin
35669,Office speech
35670,Gas already
35671,Enjoy college
35672,Economy painting
35673,Do build
35674,Room last
35675,Young peace
35676,Stage majority
35677,Space which
35678,Political water
35679,Note personal
35680,East product
35681,Factor capital
35682,Meeting new
35683,Accept want
35684,Raise where
35685,Speech return
35686,Line sound
35687,Statement so
35688,Fire buy
35689,Leader accept
35690,Little kid
35691,Station go
35692,Lead knowledge
35693,Marriage I
35694,Because nature
35695,Rate lay
35696,Around little
35697,On people
35698,Nation goal
35699,Shoulder shake
35700,Month trouble
35701,Return daughter
35702,Media building
35703,Certainly fine
35704,Get themselves
35705,Give hour
35706,Issue animal
35707,Fund guess
35708,Country voice
35709,Feeling kid
35710,Rather increase
35711,Stay question
35712,Drive simply
35713,Identify direction
35714,Week head
35715,Institution visit
35716,Stop investment
35717,Response career
35718,Run arrive
35719,Guy door
35720,Allow report
35721,Sport education
35722,Film vote
35723,Not affect
35724,Learn upon
35725,Whatever choose
35726,Current add
35727,Beautiful answer
35728,Law especially
35729,Art fund
35730,Pressure total
35731,Option model
35732,Who around
35733,Back cost
35734,Effort shoulder
35735,Need teacher
35736,Service public
35737,Let back
35738,Organization usually
35739,Example agency
35740,Wish man
35741,Tonight today
35742,Executive miss
35743,Finally education
35744,System travel
35745,By near
35746,Summer fear
35747,Economic loss
35748,Girl step
35749,Above along
35750,Somebody but
35751,Sort sea
35752,Race system
35753,Tend manage
35754,Cup itself
35755,Price happy
35756,Piece other
35757,Painting mean
35758,Approach will
35759,Impact defense
35760,Fear wonder
35761,Trial future
35762,Ground hundred
35763,Clear statement
35764,Actually dark
35765,East dark
35766,Similar manage
35767,Item source
35768,Rest anyone
35769,Foot form
35770,Expert his
35771,Medical century
35772,Recently street
35773,Attorney drug
35774,Door increase
35775,Article according
35776,After expert
35777,Water series
35778,Behavior way
35779,Middle positive
35780,Story form
35781,Save specific
35782,My top
35783,Popular wife
35784,Dream hospital
35785,Week thousand
35786,Religious line
35787,Business anything
35788,Special himself
35789,Stop seek
35790,Than I
35791,Necessary old
35792,Yeah bill
35793,Drug institution
35794,Less second
35795,Sport indicate
35796,Parent threat
35797,May her
35798,Not yet
35799,Reach call
35800,Six as
35801,Speak particularly
35802,Choose east
35803,Reduce worry
35804,His fear
35805,Church father
35806,Nothing area
35807,While fire
35808,Really including
35809,Democratic notice
35810,More reason
35811,Door unit
35812,Realize drug
35813,Off everything
35814,Discuss mission
35815,Drop top
35816,Today push
35817,Art would
35818,Front modern
35819,Alone with
35820,Image international
35821,Avoid matter
35822,Act despite
35823,Style also
35824,Throughout they
35825,Fight tax
35826,Just American
35827,Design rate
35828,Campaign without
35829,Floor let
35830,Every ground
35831,Area use
35832,Research today
35833,Son think
35834,Exactly even
35835,Professor must
35836,Need week
35837,Hundred world
35838,Number movie
35839,Plant result
35840,Line less
35841,Everyone pretty
35842,Meeting nature
35843,Fish in
35844,View east
35845,Others two
35846,Group understand
35847,Western which
35848,Wonder who
35849,Sea structure
35850,Against office
35851,War lot
35852,Green figure
35853,Occur question
35854,Peace five
35855,Yard yet
35856,Apply consider
35857,A true
35858,Pay recognize
35859,Program call
35860,Need nice
35861,Specific human
35862,Consumer plant
35863,Across dog
35864,Particular play
35865,Admit phone
35866,Catch image
35867,Specific develop
35868,Moment month
35869,Late nothing
35870,Task analysis
35871,Message him
35872,Culture realize
35873,Discuss represent
35874,Car perhaps
35875,Image pattern
35876,Allow machine
35877,Watch especially
35878,Participant open
35879,Camera performance
35880,Box election
35881,Very which
35882,Phone month
35883,Billion happen
35884,West whole
35885,Allow provide
35886,Relate medical
35887,Night outside
35888,Speak American
35889,Indeed term
35890,Hand likely
35891,Watch police
35892,Recently tell
35893,Number drop
35894,Stop back
35895,Large stuff
35896,Main authority
35897,Everybody change
35898,Fill item
35899,Throw event
35900,Simply rich
35901,They wait
35902,Step occur
35903,Teacher item
35904,Quality forget
35905,Sea skill
35906,Bring fast
35907,All before
35908,Suffer even
35909,Those generation
35910,Build song
35911,Require hair
35912,Wife rule
35913,Trade decide
35914,Choice could
35915,Home ago
35916,Movie former
35917,Even establish
35918,Way social
35919,Especially feel
35920,Money final
35921,Officer war
35922,Create just
35923,Might our
35924,Note eight
35925,Quite section
35926,Operation three
35927,Personal goal
35928,Reality military
35929,Support peace
35930,Moment weight
35931,Stuff difficult
35932,You suddenly
35933,But drive
35934,Seem imagine
35935,Offer usually
35936,Their take
35937,Civil deep
35938,Cut we
35939,Allow year
35940,Subject describe
35941,Lawyer history
35942,Strong treatment
35943,Almost hand
35944,Hear grow
35945,Pm get
35946,Prepare everybody
35947,Economic black
35948,Provide computer
35949,North peace
35950,Shake foreign
35951,Those help
35952,Low low
35953,Down produce
35954,Design special
35955,Time little
35956,A lawyer
35957,Interview say
35958,Include sing
35959,Out area
35960,Nature stay
35961,Might answer
35962,Including building
35963,Floor clear
35964,Office candidate
35965,Defense national
35966,Worker his
35967,Size big
35968,Rate growth
35969,Spend paper
35970,Participant these
35971,Official adult
35972,Huge beyond
35973,Stage shake
35974,Its car
35975,Road form
35976,Door right
35977,Water baby
35978,None door
35979,Investment relationship
35980,Administration cold
35981,Pretty leader
35982,Picture like
35983,Customer should
35984,Three join
35985,Hear during
35986,Experience try
35987,War glass
35988,Piece clear
35989,They prevent
35990,Shoulder since
35991,Career join
35992,Contain night
35993,Case itself
35994,Million art
35995,Produce kind
35996,Whole career
35997,Economic once
35998,Himself half
35999,Finally family
36000,Pressure whom
36001,Direction account
36002,Three job
36003,While either
36004,Suddenly image
36005,Key them
36006,Radio form
36007,American majority
36008,Economic option
36009,Successful financial
36010,Believe rule
36011,Look shake
36012,Word long
36013,Fast social
36014,Report key
36015,Area alone
36016,Think then
36017,Drive hit
36018,Style letter
36019,Discover every
36020,Budget deep
36021,Mention star
36022,Their answer
36023,Very hit
36024,For risk
36025,Its candidate
36026,Any certainly
36027,Exist mean
36028,Recently no
36029,Result blue
36030,Woman candidate
36031,Trial pick
36032,Skill nice
36033,Store event
36034,Development grow
36035,Now young
36036,Huge respond
36037,Ago statement
36038,Three coach
36039,Beat say
36040,Opportunity level
36041,Full fact
36042,Service account
36043,Exactly can
36044,Pass detail
36045,Girl part
36046,Modern last
36047,Plan along
36048,Magazine chance
36049,Them wish
36050,Draw technology
36051,Turn understand
36052,Able just
36053,Administration possible
36054,Price loss
36055,Special grow
36056,Less today
36057,Particular bed
36058,Stand seek
36059,Position whatever
36060,Contain financial
36061,Sometimes own
36062,Now glass
36063,Attorney when
36064,Direction society
36065,Economy west
36066,Fine only
36067,Religious wall
36068,Need some
36069,Thought marriage
36070,Deep pick
36071,Difference than
36072,Teach book
36073,High war
36074,Successful determine
36075,Simple run
36076,Eight value
36077,Site like
36078,Bank oil
36079,Accept successful
36080,Great oil
36081,Peace culture
36082,Than her
36083,Each beautiful
36084,Half consider
36085,Certainly yes
36086,Matter report
36087,Six head
36088,Message wall
36089,Compare whatever
36090,Entire day
36091,Stage home
36092,Poor past
36093,Environment again
36094,However threat
36095,Tell purpose
36096,End subject
36097,Six company
36098,Fact ahead
36099,West face
36100,Real which
36101,Card five
36102,Term friend
36103,Audience here
36104,Eight economic
36105,Base conference
36106,Like many
36107,Strong easy
36108,Stage see
36109,Blood mouth
36110,Rest we
36111,Here suggest
36112,Institution exist
36113,Treatment suffer
36114,Every hope
36115,Note improve
36116,Best economy
36117,Board important
36118,Clearly information
36119,Sense often
36120,Authority human
36121,There recent
36122,Idea memory
36123,Professor guess
36124,Work end
36125,Everybody moment
36126,Change eye
36127,Where like
36128,Trip not
36129,Investment of
36130,Yourself ok
36131,Politics like
36132,Return eight
36133,Worker center
36134,Contain term
36135,Sense couple
36136,Because look
36137,Wear loss
36138,Attorney strong
36139,Current scene
36140,Generation laugh
36141,Hotel free
36142,Green interview
36143,Attorney may
36144,Husband magazine
36145,Suddenly current
36146,Air the
36147,High news
36148,Exist movie
36149,Free approach
36150,Last low
36151,Long ability
36152,Age score
36153,Medical reduce
36154,Or crime
36155,Must career
36156,Whether teach
36157,Beautiful car
36158,Local conference
36159,Daughter respond
36160,Smile protect
36161,Up adult
36162,Often person
36163,Network system
36164,Member night
36165,Kitchen report
36166,Gun able
36167,Whose far
36168,Carry life
36169,Position option
36170,To floor
36171,Few try
36172,Player behind
36173,Area system
36174,Direction decade
36175,Forward compare
36176,Art purpose
36177,Senior camera
36178,Enjoy daughter
36179,Court couple
36180,Such space
36181,Security attorney
36182,Meet region
36183,Compare myself
36184,Throw usually
36185,Think other
36186,Value ten
36187,Computer operation
36188,Hair produce
36189,Own couple
36190,Take tend
36191,Certainly phone
36192,Public job
36193,Trouble wear
36194,Avoid guy
36195,Political artist
36196,Idea reveal
36197,Difficult loss
36198,Create contain
36199,Commercial cold
36200,Everybody game
36201,Hold source
36202,No those
36203,Owner imagine
36204,Now whose
36205,Go argue
36206,Human either
36207,Visit opportunity
36208,Trouble look
36209,Bank specific
36210,Social clearly
36211,Myself most
36212,Simple fill
36213,Personal share
36214,Difference speak
36215,Form hand
36216,Although think
36217,Enjoy team
36218,Those can
36219,Feeling me
36220,Game appear
36221,Source level
36222,Under summer
36223,Keep sure
36224,Only federal
36225,How school
36226,Score physical
36227,Who right
36228,Soldier structure
36229,Position Republican
36230,Heavy start
36231,Him father
36232,Loss else
36233,Our child
36234,Laugh over
36235,Call employee
36236,Police degree
36237,Bag situation
36238,Change specific
36239,Letter purpose
36240,Or certainly
36241,Sense cup
36242,Property free
36243,Choose worry
36244,Important experience
36245,Start gun
36246,Run teach
36247,Bring organization
36248,Room guy
36249,Drop report
36250,Sea beyond
36251,Reality mean
36252,Maybe network
36253,Perhaps bill
36254,Question add
36255,Idea enough
36256,Administration name
36257,Possible affect
36258,Treat difficult
36259,Word blood
36260,This situation
36261,Discuss place
36262,Figure defense
36263,Professor push
36264,Center off
36265,Per management
36266,Bring including
36267,Include degree
36268,White or
36269,Bit describe
36270,Decide must
36271,Actually person
36272,Participant model
36273,Positive big
36274,Song structure
36275,Sense society
36276,Go message
36277,Opportunity one
36278,Realize garden
36279,Attorney push
36280,Family sit
36281,Discover growth
36282,Standard not
36283,Space executive
36284,High none
36285,Wrong form
36286,Picture attorney
36287,Send activity
36288,Manage scientist
36289,Really increase
36290,Or run
36291,Edge power
36292,Name budget
36293,Nature might
36294,Source land
36295,Fact painting
36296,Cell first
36297,Development thousand
36298,Reduce discuss
36299,Trouble happen
36300,Its since
36301,Challenge friend
36302,Compare affect
36303,Support west
36304,Prove suddenly
36305,Family style
36306,Field box
36307,Whose performance
36308,Performance hundred
36309,Wrong church
36310,Cold tend
36311,Deep along
36312,Move add
36313,True option
36314,Include piece
36315,Anyone toward
36316,Culture end
36317,We people
36318,Government appear
36319,Sound property
36320,Occur history
36321,Opportunity coach
36322,Evidence another
36323,Something professional
36324,Thus exist
36325,Almost black
36326,Book space
36327,Since remain
36328,Summer study
36329,See play
36330,Above suddenly
36331,Policy last
36332,Interesting draw
36333,Get whatever
36334,Allow least
36335,Institution recognize
36336,Number watch
36337,Both should
36338,Note rich
36339,Arrive no
36340,Myself draw
36341,Forward federal
36342,Beat sing
36343,Weight actually
36344,Actually learn
36345,Across assume
36346,Imagine increase
36347,Room often
36348,Partner these
36349,Military can
36350,Modern allow
36351,Make meeting
36352,Far improve
36353,Model technology
36354,No civil
36355,Audience student
36356,Keep remember
36357,Give may
36358,Member magazine
36359,Skill plan
36360,Million clearly
36361,And your
36362,Fear need
36363,Decade without
36364,Skin mean
36365,Campaign discuss
36366,Military western
36367,First commercial
36368,Wish big
36369,Ground thousand
36370,Space you
36371,Tv American
36372,Direction television
36373,Edge school
36374,Draw long
36375,Door although
36376,Project finally
36377,Word camera
36378,Different determine
36379,Low subject
36380,Commercial oil
36381,Big enter
36382,Game wonder
36383,Training smile
36384,Size must
36385,Television another
36386,However hospital
36387,All conference
36388,Step board
36389,Easy his
36390,Wrong bill
36391,Serious travel
36392,Benefit far
36393,When crime
36394,Off beautiful
36395,Authority nor
36396,Evening reach
36397,Mission outside
36398,Health change
36399,Expect yard
36400,Charge impact
36401,Check finally
36402,Executive letter
36403,Not early
36404,Only produce
36405,Few ready
36406,Result support
36407,Yeah consider
36408,Audience responsibility
36409,Arrive use
36410,Him wall
36411,Who thought
36412,Central fine
36413,Talk employee
36414,Job great
36415,Herself focus
36416,Drop table
36417,Act perhaps
36418,List purpose
36419,Step account
36420,Method firm
36421,Thought relationship
36422,Say theory
36423,Sort story
36424,Sound success
36425,Property move
36426,Once network
36427,Suffer drive
36428,Life return
36429,Glass step
36430,Chair camera
36431,Collection officer
36432,Traditional agent
36433,Could me
36434,Camera something
36435,Turn politics
36436,True truth
36437,Seven seat
36438,Personal necessary
36439,Open suffer
36440,Force police
36441,Space control
36442,Environmental agree
36443,Myself necessary
36444,Various some
36445,Avoid positive
36446,Necessary onto
36447,Also area
36448,Describe two
36449,Husband break
36450,Staff large
36451,Too particularly
36452,Box each
36453,Pattern positive
36454,Light bed
36455,Begin tree
36456,Offer administration
36457,Responsibility keep
36458,Safe Mr
36459,Instead draw
36460,Budget every
36461,Reflect cold
36462,Matter over
36463,After collection
36464,Successful scientist
36465,A pass
36466,Many around
36467,Memory message
36468,Deep score
36469,Decade run
36470,Exist often
36471,Cell himself
36472,Lot size
36473,Cause resource
36474,Relationship idea
36475,Ball own
36476,Remain western
36477,Participant special
36478,Last their
36479,Fall player
36480,Degree model
36481,Teach away
36482,Similar store
36483,Operation official
36484,Different able
36485,My hot
36486,Article end
36487,Trip so
36488,Friend population
36489,When during
36490,Two food
36491,Week those
36492,Long huge
36493,Most candidate
36494,Parent few
36495,Effort speech
36496,Up decade
36497,Meet difference
36498,Whole set
36499,Concern health
36500,Mouth worker
36501,Tell strategy
36502,Mouth know
36503,Expect community
36504,Material affect
36505,Group region
36506,Common require
36507,Yard film
36508,Share record
36509,Agreement field
36510,Middle service
36511,Thing let
36512,Go analysis
36513,Turn way
36514,Area could
36515,Wrong also
36516,Field process
36517,Opportunity never
36518,Side yard
36519,Budget enter
36520,Line fact
36521,Agent seat
36522,Sea wall
36523,Challenge number
36524,Be radio
36525,Whether need
36526,Hit goal
36527,Air able
36528,Must participant
36529,Soon ability
36530,Then road
36531,Grow yet
36532,Family send
36533,Movement happy
36534,Loss force
36535,Middle through
36536,Structure across
36537,View fall
36538,Next team
36539,Agreement exist
36540,Film marriage
36541,Husband appear
36542,Center nation
36543,Remember close
36544,Lot nice
36545,Federal of
36546,Onto year
36547,Audience force
36548,Nation writer
36549,Mission start
36550,Recognize people
36551,About star
36552,First thousand
36553,If meeting
36554,East join
36555,Doctor doctor
36556,Study join
36557,Audience ahead
36558,End offer
36559,Home ahead
36560,Change station
36561,Husband strong
36562,Environment recognize
36563,Present two
36564,Specific central
36565,His cover
36566,Rather time
36567,Rule push
36568,Capital pass
36569,Detail above
36570,House much
36571,Yes after
36572,Could the
36573,Voice build
36574,Mention into
36575,Cut cultural
36576,Meet expert
36577,Share cover
36578,Buy despite
36579,Identify poor
36580,These word
36581,Street edge
36582,Window do
36583,Test speech
36584,Work wonder
36585,Turn service
36586,Effort simply
36587,Author his
36588,Sell near
36589,Ago other
36590,Find produce
36591,Century couple
36592,Site expert
36593,Which nice
36594,Want process
36595,Training fight
36596,Cultural well
36597,Economic free
36598,Whom music
36599,Rich discussion
36600,Fall house
36601,Threat ok
36602,History sing
36603,Nation tell
36604,Western evening
36605,Month eat
36606,Lot week
36607,Foot including
36608,Authority add
36609,Professional view
36610,Name else
36611,Today speech
36612,Guy friend
36613,Later edge
36614,Call age
36615,Important but
36616,Land computer
36617,Compare forward
36618,Well democratic
36619,Early house
36620,Animal notice
36621,Wonder oil
36622,Fund leader
36623,Information purpose
36624,Evidence treatment
36625,Source particularly
36626,Participant very
36627,Second today
36628,Treat both
36629,Happy staff
36630,Life after
36631,Every hard
36632,Relate important
36633,Right black
36634,Compare right
36635,Economy set
36636,Something fund
36637,Place shake
36638,Contain against
36639,However manager
36640,Accept forward
36641,Animal blood
36642,His fight
36643,Big work
36644,Work defense
36645,City ground
36646,Yourself involve
36647,Point they
36648,Majority decide
36649,Cultural detail
36650,Great future
36651,Leader bad
36652,Friend hot
36653,Effect fact
36654,Other Mrs
36655,Late city
36656,Other design
36657,Or nation
36658,Hot modern
36659,Car vote
36660,Man range
36661,Forward process
36662,Different ever
36663,Carry full
36664,Show mean
36665,Gas ever
36666,Might like
36667,Son break
36668,Hair for
36669,Base spend
36670,Everyone dog
36671,Rich structure
36672,Product before
36673,Perhaps why
36674,Ground specific
36675,Kid hand
36676,Case happen
36677,Peace a
36678,Arrive because
36679,Democrat continue
36680,Indeed purpose
36681,Police safe
36682,Future positive
36683,Real by
36684,Real development
36685,Two scene
36686,Real among
36687,Quickly head
36688,Concern production
36689,Natural hand
36690,Think style
36691,Cost kind
36692,Determine soon
36693,Environmental three
36694,Reflect model
36695,Miss authority
36696,Particular arm
36697,About senior
36698,Marriage check
36699,Appear act
36700,Operation guy
36701,Environment large
36702,His father
36703,Them they
36704,Computer figure
36705,Under affect
36706,Dinner middle
36707,Interest people
36708,Add player
36709,Worry seem
36710,Day reach
36711,Sport including
36712,Benefit environment
36713,Race entire
36714,Short yes
36715,Stop player
36716,Table weight
36717,Wide wear
36718,Us pick
36719,Act type
36720,Out reveal
36721,High south
36722,Large media
36723,Guy do
36724,Bill type
36725,Impact believe
36726,Article national
36727,Indicate church
36728,Agent another
36729,Box American
36730,Measure student
36731,Play various
36732,Relate fish
36733,Tough represent
36734,Care window
36735,I whom
36736,Along quality
36737,Head remember
36738,My whether
36739,Hit get
36740,Network base
36741,National go
36742,Reduce writer
36743,Threat us
36744,Each father
36745,Later product
36746,Spend information
36747,Call nice
36748,Talk compare
36749,Build across
36750,Their camera
36751,Standard pay
36752,Then image
36753,Lose identify
36754,Cause billion
36755,Especially song
36756,Pass sort
36757,Again none
36758,Gas ask
36759,Range law
36760,Discuss include
36761,Top out
36762,Policy nice
36763,Which world
36764,Risk picture
36765,Bed week
36766,Start tough
36767,Box others
36768,Including history
36769,Specific create
36770,Space assume
36771,Republican lay
36772,Some simply
36773,Kind catch
36774,Hold let
36775,Maybe major
36776,Crime yes
36777,Will beyond
36778,Project police
36779,Relate want
36780,Girl operation
36781,Individual control
36782,Central group
36783,Instead culture
36784,Military into
36785,Bill industry
36786,Open late
36787,Develop purpose
36788,Challenge side
36789,Among computer
36790,Democrat usually
36791,Edge language
36792,Benefit president
36793,Simply matter
36794,Indeed concern
36795,War growth
36796,Source compare
36797,Population one
36798,Call region
36799,Particularly bad
36800,Red hold
36801,Could only
36802,Effort oil
36803,College stand
36804,Tend author
36805,Pm evidence
36806,Trial toward
36807,Phone grow
36808,Hope case
36809,Ready herself
36810,Issue that
36811,East role
36812,Business cell
36813,Thousand drug
36814,Establish daughter
36815,Article support
36816,Go meet
36817,Plan image
36818,Happy face
36819,Water sport
36820,Artist federal
36821,Suddenly visit
36822,Real staff
36823,Theory dinner
36824,Minute color
36825,Apply catch
36826,Tonight level
36827,Grow amount
36828,Large since
36829,Real stuff
36830,Reflect their
36831,Say face
36832,Smile writer
36833,Join yes
36834,Year around
36835,Happen large
36836,Wife argue
36837,Threat institution
36838,Key control
36839,Hard single
36840,Specific teach
36841,Price idea
36842,Everyone both
36843,Among by
36844,Consumer hope
36845,Difficult management
36846,Child teach
36847,Bar do
36848,Third fact
36849,Fear official
36850,On town
36851,Discussion family
36852,Alone alone
36853,Bill teacher
36854,Very start
36855,Democrat arrive
36856,Administration study
36857,History design
36858,Move able
36859,Family administration
36860,Prepare student
36861,Turn ball
36862,Return art
36863,Education glass
36864,Book help
36865,Social within
36866,Year for
36867,Behind fine
36868,Give air
36869,Son edge
36870,Course nothing
36871,Pull prove
36872,Generation whether
36873,Young visit
36874,Building benefit
36875,Dark heart
36876,Visit modern
36877,Wall professional
36878,Five history
36879,Address car
36880,Past actually
36881,Born help
36882,Gun character
36883,International might
36884,Fill interesting
36885,Law painting
36886,Magazine capital
36887,Medical word
36888,Institution cell
36889,Moment team
36890,Artist never
36891,Color physical
36892,Prevent face
36893,Western miss
36894,History base
36895,Eat miss
36896,Scene design
36897,Fly finally
36898,Material hot
36899,Huge dog
36900,Action law
36901,Together three
36902,Personal over
36903,Consumer us
36904,Author star
36905,Agent table
36906,City character
36907,Grow able
36908,Material white
36909,Economic form
36910,To west
36911,Someone enjoy
36912,Indeed interesting
36913,Your nature
36914,Identify tree
36915,Discover should
36916,It case
36917,Scientist reveal
36918,Last real
36919,Leave agree
36920,Crime sound
36921,Popular plan
36922,Itself tonight
36923,Exist through
36924,Or right
36925,Official billion
36926,Compare health
36927,Represent Mrs
36928,Stage which
36929,My some
36930,Only west
36931,Really the
36932,Mr might
36933,Official similar
36934,Throw economic
36935,Mention have
36936,Cell standard
36937,Common report
36938,Indeed character
36939,Sport order
36940,Security none
36941,Fund about
36942,Choose draw
36943,Expect offer
36944,True modern
36945,Value myself
36946,Management institution
36947,These report
36948,Produce current
36949,Draw over
36950,Clear operation
36951,American rock
36952,Professional society
36953,Better vote
36954,During peace
36955,Require challenge
36956,Others fact
36957,Save stage
36958,Win world
36959,Still describe
36960,Argue receive
36961,Letter leader
36962,Dark evening
36963,Some material
36964,Everyone half
36965,Return degree
36966,Pm someone
36967,Federal fall
36968,Station red
36969,Wall grow
36970,Hot buy
36971,Continue cold
36972,Evening end
36973,Scientist appear
36974,History among
36975,Course feeling
36976,Compare Congress
36977,Important fill
36978,Field entire
36979,Can rich
36980,Customer cultural
36981,Southern indeed
36982,Letter quite
36983,Response plan
36984,Spend future
36985,Nice born
36986,End charge
36987,Whose assume
36988,List whose
36989,True dream
36990,Ok couple
36991,Nice stop
36992,Already thousand
36993,Leave morning
36994,Line what
36995,Good whatever
36996,Realize discover
36997,Quite could
36998,Beat institution
36999,Level single
37000,Without reality
37001,Lose quickly
37002,Themselves box
37003,Detail when
37004,Appear character
37005,Himself author
37006,Tv stage
37007,Happen war
37008,Data possible
37009,Pay our
37010,Now cell
37011,Girl enter
37012,May mean
37013,Institution according
37014,Owner enjoy
37015,Level question
37016,Class on
37017,Yard statement
37018,Individual turn
37019,Dinner answer
37020,Discuss ten
37021,Draw likely
37022,Than anything
37023,Cut else
37024,Project order
37025,Final service
37026,Month as
37027,Personal meeting
37028,Apply into
37029,With why
37030,Hear positive
37031,At picture
37032,Animal any
37033,Allow rather
37034,Apply prove
37035,Whole argue
37036,Enjoy energy
37037,Buy total
37038,Simple Mr
37039,Across success
37040,Security put
37041,Front world
37042,Whole hope
37043,Network shake
37044,Ability method
37045,Never other
37046,Clearly brother
37047,Describe various
37048,Man I
37049,Another say
37050,Until catch
37051,More nor
37052,Happen detail
37053,Rest picture
37054,Of over
37055,Performance moment
37056,Health reason
37057,Moment scene
37058,Run discover
37059,Perhaps range
37060,Common manager
37061,Best appear
37062,Interest fish
37063,Year perform
37064,Free effect
37065,Message politics
37066,Outside middle
37067,Pattern another
37068,Two appear
37069,It north
37070,Win get
37071,Development hospital
37072,By government
37073,Else different
37074,That themselves
37075,Truth hold
37076,Sign recent
37077,Share size
37078,Measure bill
37079,Must or
37080,Source agree
37081,Dark exactly
37082,Push someone
37083,Option recently
37084,Five deep
37085,Draw dog
37086,Concern figure
37087,City make
37088,Direction billion
37089,Expect specific
37090,Leg generation
37091,Good run
37092,Investment top
37093,Guy coach
37094,Against product
37095,Four crime
37096,Model make
37097,Feel spring
37098,Government beyond
37099,Soon or
37100,Create along
37101,Much such
37102,Call development
37103,Party member
37104,Determine happy
37105,Local receive
37106,Sell court
37107,Ten artist
37108,Indeed performance
37109,Avoid capital
37110,Use free
37111,Between compare
37112,Commercial one
37113,Bring team
37114,This management
37115,Son possible
37116,Local upon
37117,Continue about
37118,Everything admit
37119,Analysis cover
37120,Serve life
37121,Candidate very
37122,Network wear
37123,Consumer attention
37124,Discover lawyer
37125,Western speech
37126,Almost school
37127,Final common
37128,Store kid
37129,Business major
37130,Rock election
37131,Art street
37132,Class above
37133,From however
37134,True these
37135,Hospital because
37136,Spring require
37137,Have environment
37138,Perhaps easy
37139,Exist site
37140,Season president
37141,Their value
37142,Hand write
37143,Majority factor
37144,Cold town
37145,Per reveal
37146,Right low
37147,Before loss
37148,Economy man
37149,Form church
37150,Few go
37151,Rise expert
37152,Local his
37153,Law word
37154,Shake these
37155,Site current
37156,Change easy
37157,Management call
37158,Call feel
37159,Detail perform
37160,Simple least
37161,Number nice
37162,Feeling but
37163,Plan sit
37164,Kitchen child
37165,Author state
37166,Guess our
37167,And city
37168,Star ground
37169,Medical month
37170,Television generation
37171,Expect company
37172,Car that
37173,Lead again
37174,Authority certain
37175,Within course
37176,Movie including
37177,Court mind
37178,Executive everyone
37179,Capital establish
37180,Find consider
37181,South quality
37182,News almost
37183,Central southern
37184,Forward tax
37185,Race by
37186,Similar I
37187,Like on
37188,Really start
37189,Not will
37190,Scene customer
37191,Guy also
37192,Five indeed
37193,Region result
37194,Close present
37195,Fire perform
37196,Base yourself
37197,Authority risk
37198,Them expert
37199,Common after
37200,Five grow
37201,We between
37202,Sometimes century
37203,Take when
37204,Discuss safe
37205,Would standard
37206,Drive show
37207,Per its
37208,Challenge Democrat
37209,Rock meet
37210,Military difference
37211,Traditional popular
37212,Everyone truth
37213,Yes between
37214,Concern court
37215,Allow sit
37216,Increase important
37217,Watch who
37218,Late thing
37219,Gun himself
37220,Choice establish
37221,Administration feel
37222,Authority job
37223,Figure send
37224,Become blood
37225,Development president
37226,Despite direction
37227,Professional table
37228,Yard fight
37229,War story
37230,Make type
37231,Citizen stand
37232,Present ahead
37233,Bar sign
37234,Then officer
37235,Kid small
37236,Collection appear
37237,Five relationship
37238,Once risk
37239,Trouble week
37240,How help
37241,Light analysis
37242,During eight
37243,Old growth
37244,Million drop
37245,Short tax
37246,Rest prevent
37247,Ok recently
37248,Me successful
37249,Science full
37250,Billion wife
37251,Wind series
37252,Anything his
37253,Plant child
37254,Beyond admit
37255,Coach low
37256,Measure high
37257,Option use
37258,Health hear
37259,Accept them
37260,Rate garden
37261,President will
37262,Network apply
37263,Mrs sure
37264,Like nothing
37265,Music tell
37266,Rest simply
37267,Line bar
37268,Many or
37269,Raise shoulder
37270,Through phone
37271,Allow hospital
37272,None us
37273,Market player
37274,Power authority
37275,Speech teacher
37276,For where
37277,Career pretty
37278,Continue think
37279,Right research
37280,Thing church
37281,Financial adult
37282,Change have
37283,Line night
37284,Great environment
37285,Operation size
37286,Week mouth
37287,Writer your
37288,According heavy
37289,Easy seem
37290,Bag room
37291,Know include
37292,Low explain
37293,Address often
37294,Law treat
37295,Quickly single
37296,Thousand I
37297,I strong
37298,Son action
37299,Someone decision
37300,Feeling bad
37301,Alone others
37302,Really cup
37303,Mission any
37304,Me instead
37305,Ability walk
37306,Knowledge price
37307,Report performance
37308,Or pay
37309,Ground close
37310,Save teach
37311,Affect build
37312,Become fast
37313,Blood speak
37314,Yeah national
37315,Before catch
37316,Community time
37317,Operation identify
37318,Who sing
37319,Loss seem
37320,Rest activity
37321,Message risk
37322,Score activity
37323,Want food
37324,Employee own
37325,Might suggest
37326,Ok imagine
37327,Other between
37328,Trade next
37329,So follow
37330,Tough blue
37331,Rate job
37332,Common top
37333,Development mother
37334,Name range
37335,Economic model
37336,Over there
37337,End none
37338,Help summer
37339,Director arrive
37340,Several state
37341,Expert rule
37342,Network thing
37343,One space
37344,Son drive
37345,Argue skin
37346,Life top
37347,Call control
37348,Take true
37349,Decade answer
37350,Society have
37351,Play attorney
37352,Avoid life
37353,Evening huge
37354,Build already
37355,Interest partner
37356,Market issue
37357,Reach prepare
37358,Enter employee
37359,Add thing
37360,Beat his
37361,Key computer
37362,In mind
37363,Lose feeling
37364,Suggest too
37365,Too less
37366,Protect school
37367,Him chance
37368,Character third
37369,Other special
37370,Road network
37371,About stand
37372,Want opportunity
37373,Car reduce
37374,Dark artist
37375,Buy worker
37376,Find store
37377,Understand half
37378,Go a
37379,Wonder director
37380,Finish ready
37381,Whom each
37382,Rise as
37383,Wind customer
37384,Become process
37385,Face interest
37386,Enough parent
37387,Send drive
37388,Structure president
37389,Tend Congress
37390,Language movement
37391,Second individual
37392,When owner
37393,Trip security
37394,Research little
37395,Yeah language
37396,Player affect
37397,Claim reach
37398,Have sport
37399,Day find
37400,Green bag
37401,Feeling leave
37402,Current central
37403,Him draw
37404,Care of
37405,Partner guess
37406,Hundred sign
37407,Week environment
37408,Reason close
37409,Face apply
37410,Manager simple
37411,Player cultural
37412,Let she
37413,Painting space
37414,Loss send
37415,Coach instead
37416,Play mean
37417,Rich manager
37418,East baby
37419,Pull pressure
37420,Area language
37421,Why explain
37422,Agree investment
37423,Relate every
37424,Open modern
37425,Through fill
37426,Pass prove
37427,Person loss
37428,Effort police
37429,Large nor
37430,Picture them
37431,For right
37432,Range great
37433,Through herself
37434,That international
37435,Enough special
37436,Care sign
37437,Charge popular
37438,Measure send
37439,Right line
37440,Despite affect
37441,Collection occur
37442,Across threat
37443,Offer office
37444,Number north
37445,Ask soon
37446,Middle use
37447,What lay
37448,Recognize new
37449,Measure beat
37450,Store project
37451,Wish continue
37452,Attention understand
37453,Usually network
37454,Special arrive
37455,Determine attention
37456,Light within
37457,Local become
37458,Go floor
37459,Condition these
37460,Three step
37461,What ever
37462,Wind peace
37463,Everybody paper
37464,Cold lose
37465,Executive situation
37466,Material half
37467,Eat central
37468,Pay line
37469,Moment one
37470,Clear itself
37471,Middle growth
37472,Occur we
37473,Country feel
37474,Game deal
37475,Window thousand
37476,Out conference
37477,Body them
37478,Although mouth
37479,Effort feel
37480,Position behind
37481,Age occur
37482,Body scientist
37483,Themselves himself
37484,Probably person
37485,Enter poor
37486,Agreement kitchen
37487,Trade imagine
37488,Million up
37489,Police similar
37490,Mrs number
37491,Turn she
37492,Wife magazine
37493,Compare past
37494,Laugh form
37495,As even
37496,Occur face
37497,Cost move
37498,Green century
37499,Serious new
37500,Arrive Mr
37501,Because wear
37502,Short plant
37503,That pick
37504,Lay health
37505,Interest front
37506,About resource
37507,Degree control
37508,Thing across
37509,Long idea
37510,Finish staff
37511,Top discuss
37512,Center future
37513,Nearly within
37514,Just age
37515,Artist major
37516,Under few
37517,Summer however
37518,Inside family
37519,Respond Democrat
37520,Price data
37521,Top hand
37522,East Congress
37523,List upon
37524,Media reveal
37525,Or serious
37526,It along
37527,Change him
37528,Appear great
37529,Difficult pressure
37530,Ahead important
37531,Man suddenly
37532,Environment successful
37533,Recognize lawyer
37534,Debate that
37535,Practice hope
37536,Mother owner
37537,Senior capital
37538,Attention war
37539,Necessary operation
37540,Official glass
37541,Whose field
37542,Sit live
37543,Standard outside
37544,Kitchen ball
37545,Game standard
37546,Several keep
37547,Mother laugh
37548,Development difficult
37549,Television federal
37550,Worry defense
37551,Evening reflect
37552,Gas modern
37553,Direction case
37554,Both able
37555,Something industry
37556,Improve trial
37557,Respond meet
37558,Technology guy
37559,Training fall
37560,Allow network
37561,Industry military
37562,Old range
37563,Else million
37564,Explain raise
37565,End body
37566,Production reason
37567,Bank new
37568,At with
37569,Year board
37570,Painting respond
37571,Include perform
37572,Billion upon
37573,Yes usually
37574,Onto million
37575,Actually bar
37576,Toward dark
37577,Evidence bed
37578,On we
37579,Debate throw
37580,Role yet
37581,Should yet
37582,Teach century
37583,Field admit
37584,Field religious
37585,Edge magazine
37586,Every change
37587,Born response
37588,Particular although
37589,Purpose vote
37590,Light tax
37591,Bring mention
37592,Rate see
37593,Really six
37594,Send understand
37595,Road animal
37596,Never wait
37597,Step might
37598,Like might
37599,Put seat
37600,Cultural town
37601,Floor attorney
37602,Move sister
37603,Leg expect
37604,Next finish
37605,Film boy
37606,Unit him
37607,Address official
37608,Artist with
37609,Loss tend
37610,Also enter
37611,Audience check
37612,Father create
37613,Could price
37614,Size need
37615,Plan television
37616,Cost like
37617,Control newspaper
37618,On single
37619,Street husband
37620,Claim else
37621,Cut front
37622,Change chance
37623,Feeling man
37624,Audience record
37625,Action entire
37626,Floor style
37627,Free citizen
37628,Way necessary
37629,His economic
37630,Themselves cold
37631,Real car
37632,Appear sport
37633,Beyond let
37634,Yet seven
37635,All green
37636,Report east
37637,Box yet
37638,Thousand American
37639,Thought large
37640,Over series
37641,Listen create
37642,Concern believe
37643,Out quite
37644,Teach responsibility
37645,Late participant
37646,Body value
37647,Let shake
37648,Money peace
37649,Growth leave
37650,Mention music
37651,Difficult public
37652,Raise watch
37653,Paper as
37654,Player here
37655,Well organization
37656,Can themselves
37657,Ball officer
37658,Green thus
37659,You return
37660,Surface whose
37661,Brother accept
37662,Character open
37663,Improve scene
37664,Fight easy
37665,Nearly per
37666,Break movie
37667,Recognize professor
37668,Skin son
37669,Skin claim
37670,Think amount
37671,Cold month
37672,When agree
37673,Suggest onto
37674,Like dog
37675,Sea performance
37676,Marriage season
37677,Idea admit
37678,Expert necessary
37679,Fill reach
37680,Arm front
37681,Thank how
37682,Along nor
37683,Also region
37684,Image fire
37685,Scene choose
37686,Number challenge
37687,Become any
37688,Activity ahead
37689,Forget total
37690,Alone tax
37691,Just pretty
37692,Own value
37693,Available among
37694,Teacher easy
37695,Option clear
37696,Cover toward
37697,Response lawyer
37698,Now every
37699,Treatment skill
37700,Phone hot
37701,Catch room
37702,Claim order
37703,Growth marriage
37704,Method feel
37705,Population single
37706,Hour song
37707,Agent yourself
37708,After need
37709,Politics cost
37710,Although blood
37711,Education race
37712,Her front
37713,Across measure
37714,Top history
37715,Direction side
37716,Save until
37717,Career piece
37718,Throw center
37719,Night week
37720,Take we
37721,Leg board
37722,List power
37723,Possible direction
37724,Exist too
37725,Finally someone
37726,Say way
37727,Style scene
37728,Place yes
37729,Huge language
37730,Feel control
37731,Sign ago
37732,Seek once
37733,Strong past
37734,Most anything
37735,Window a
37736,Purpose check
37737,Actually expect
37738,Actually wear
37739,Tell early
37740,Describe left
37741,Wonder mother
37742,Throw region
37743,Realize another
37744,Charge marriage
37745,Raise go
37746,Toward community
37747,Nation life
37748,Wait appear
37749,More share
37750,Tree suggest
37751,Large people
37752,Either use
37753,Reality somebody
37754,Tv choice
37755,Live face
37756,Lose leave
37757,Business western
37758,Night economy
37759,Safe authority
37760,Movie candidate
37761,Deal same
37762,Market bed
37763,Investment account
37764,Least early
37765,Lay each
37766,Whether travel
37767,Their set
37768,Apply against
37769,Oil name
37770,Rise president
37771,Future size
37772,Sort that
37773,Thought list
37774,Senior yourself
37775,Middle thank
37776,Talk agree
37777,Service this
37778,East health
37779,Expert above
37780,Prepare follow
37781,Talk difficult
37782,Spend successful
37783,Blood prevent
37784,Century traditional
37785,Big mean
37786,Like value
37787,Really city
37788,Consider space
37789,Ability brother
37790,Election item
37791,Kitchen capital
37792,Win rather
37793,Else stand
37794,Staff him
37795,Author day
37796,Serious account
37797,Need sport
37798,Owner realize
37799,New leader
37800,Off wrong
37801,Single economy
37802,Upon past
37803,Think better
37804,Center school
37805,May song
37806,Realize put
37807,Anything challenge
37808,Mind same
37809,Anyone themselves
37810,Ok describe
37811,All page
37812,Allow quite
37813,Dream some
37814,Another hospital
37815,Some analysis
37816,Wear fund
37817,Leader machine
37818,Rate where
37819,Thousand between
37820,Fact concern
37821,Might should
37822,Say report
37823,Toward customer
37824,Property why
37825,Often send
37826,Property cultural
37827,Who produce
37828,Foreign if
37829,Himself garden
37830,Marriage response
37831,Approach good
37832,Now few
37833,Husband official
37834,Difficult Republican
37835,Save enjoy
37836,Place important
37837,Stuff then
37838,Receive instead
37839,Rich check
37840,Image line
37841,Almost expert
37842,Main order
37843,Also more
37844,Knowledge since
37845,Charge a
37846,Citizen organization
37847,Reality best
37848,Piece team
37849,Every ten
37850,Trip miss
37851,Head rate
37852,Affect specific
37853,Product rule
37854,Candidate machine
37855,Water art
37856,Camera cut
37857,Tough job
37858,Far section
37859,Bank without
37860,Series nation
37861,Specific direction
37862,Road room
37863,Politics leave
37864,Property bring
37865,Beautiful tend
37866,Cost sea
37867,Individual charge
37868,Establish factor
37869,Beyond decide
37870,Foot film
37871,Indicate bill
37872,Speech who
37873,Nothing art
37874,Become amount
37875,Action could
37876,But political
37877,Government Republican
37878,Bit ability
37879,Bad up
37880,Think begin
37881,Million believe
37882,Official can
37883,Floor street
37884,Road specific
37885,Employee candidate
37886,Detail finish
37887,Happy decision
37888,Draw summer
37889,Technology item
37890,Recognize statement
37891,Include property
37892,Guy home
37893,Effort why
37894,Action hard
37895,Nearly move
37896,Compare become
37897,Father government
37898,Campaign be
37899,Community instead
37900,Gas animal
37901,Someone commercial
37902,Difficult far
37903,Tough moment
37904,Thousand already
37905,Notice six
37906,Mention ever
37907,Black a
37908,Throw know
37909,Night education
37910,Yeah foreign
37911,Respond again
37912,Wait another
37913,Question interest
37914,Lead must
37915,Debate paper
37916,Would offer
37917,My current
37918,Both final
37919,Fight exist
37920,Draw near
37921,Lot soon
37922,Issue prove
37923,Close choose
37924,Enough employee
37925,Do street
37926,Want animal
37927,Full night
37928,Score subject
37929,Arm employee
37930,Poor ask
37931,Body real
37932,Cover run
37933,Body my
37934,Someone law
37935,Page recently
37936,Series for
37937,Message rest
37938,Amount may
37939,Carry serve
37940,Remember of
37941,Serious east
37942,Old he
37943,Resource election
37944,Draw power
37945,The can
37946,Off whatever
37947,Play medical
37948,Bank evening
37949,Citizen girl
37950,Finish still
37951,Step suggest
37952,Word just
37953,Become accept
37954,Understand listen
37955,Mean guess
37956,Six sister
37957,Specific may
37958,Yeah question
37959,Audience play
37960,Theory however
37961,Need organization
37962,Less type
37963,Why now
37964,Sing necessary
37965,Address leave
37966,Difference collection
37967,Hold support
37968,Leg edge
37969,Sound far
37970,Who have
37971,Social wall
37972,Fear kid
37973,Respond miss
37974,Give term
37975,Language require
37976,Stay seem
37977,Most entire
37978,Sell defense
37979,None have
37980,Adult according
37981,Animal too
37982,Those within
37983,Conference war
37984,Score outside
37985,About unit
37986,Wind catch
37987,Project college
37988,Site finally
37989,Prove sister
37990,At a
37991,Threat speech
37992,Watch cover
37993,We somebody
37994,Center agreement
37995,Throw quickly
37996,Commercial lot
37997,Side author
37998,Determine statement
37999,Statement go
38000,Require actually
38001,After figure
38002,Military thank
38003,Wind live
38004,Group what
38005,Whole hair
38006,Tonight idea
38007,Security born
38008,Others coach
38009,Left them
38010,Environment chair
38011,Make six
38012,Little rate
38013,Hour listen
38014,Prevent travel
38015,Tonight series
38016,Author huge
38017,At usually
38018,Blue fight
38019,Deep word
38020,Two amount
38021,Have other
38022,Cost lot
38023,Buy number
38024,Reason million
38025,Issue everything
38026,Himself seek
38027,Last similar
38028,Experience air
38029,Present left
38030,That design
38031,Key fill
38032,Support fight
38033,Rise cell
38034,Degree entire
38035,These product
38036,Environmental talk
38037,Moment story
38038,Answer local
38039,Process send
38040,Husband music
38041,Nor able
38042,Evening leave
38043,Rich pretty
38044,Quickly increase
38045,Meet camera
38046,Dark operation
38047,Part company
38048,Drug world
38049,Past his
38050,Go should
38051,Space first
38052,Line behind
38053,Leave fact
38054,Possible fund
38055,Consumer wife
38056,Challenge record
38057,Home say
38058,Page cover
38059,Senior determine
38060,When from
38061,Like by
38062,Exist everything
38063,Find cost
38064,Three hour
38065,Share bring
38066,Whatever among
38067,Yourself character
38068,Thank without
38069,Then not
38070,Listen sort
38071,Environment nation
38072,Central other
38073,Thank leave
38074,Story deal
38075,Religious well
38076,Need ago
38077,Top how
38078,Question scene
38079,High less
38080,Such people
38081,Think speech
38082,Above meeting
38083,Week pressure
38084,Play another
38085,After not
38086,Citizen site
38087,Under center
38088,Real do
38089,Present believe
38090,Imagine data
38091,Environment activity
38092,Scientist left
38093,Begin treatment
38094,Successful throw
38095,Perhaps marriage
38096,Certainly key
38097,Year life
38098,Light federal
38099,Use watch
38100,Detail southern
38101,Son everyone
38102,Treatment history
38103,Few city
38104,Economic experience
38105,Idea note
38106,Seven culture
38107,Make democratic
38108,Nor small
38109,Window person
38110,House past
38111,Answer respond
38112,Every behind
38113,Fire wife
38114,Rich look
38115,Before price
38116,Deal the
38117,Its peace
38118,Throw great
38119,Law total
38120,Behind early
38121,Hand task
38122,Notice thought
38123,Course become
38124,Coach let
38125,Cultural various
38126,Road choose
38127,Southern second
38128,Short father
38129,Impact high
38130,General increase
38131,Public practice
38132,Top difficult
38133,Economy loss
38134,Notice bank
38135,Them way
38136,Field worry
38137,Improve capital
38138,Exactly culture
38139,Unit against
38140,Between still
38141,Bad simply
38142,Teach scientist
38143,Its of
38144,Meet American
38145,Lose doctor
38146,Administration yes
38147,Notice again
38148,Particularly pretty
38149,Marriage particularly
38150,Real already
38151,Radio never
38152,Thousand future
38153,Any artist
38154,Modern player
38155,Far avoid
38156,Bit by
38157,Today sort
38158,Through behind
38159,Anyone item
38160,Reflect himself
38161,Stock but
38162,Probably face
38163,Employee will
38164,Civil suddenly
38165,Top soldier
38166,Court attention
38167,Sound time
38168,Leader trade
38169,Keep war
38170,Hot collection
38171,Final nor
38172,Listen successful
38173,Speech blood
38174,Represent weight
38175,Than serve
38176,First stuff
38177,Prepare realize
38178,War modern
38179,Skill big
38180,Break rate
38181,Pretty account
38182,Mean whatever
38183,Build ago
38184,Future recognize
38185,Push agency
38186,Old physical
38187,Wall radio
38188,Into speech
38189,Different decide
38190,Commercial collection
38191,Summer operation
38192,Table hot
38193,Guess for
38194,Them must
38195,About debate
38196,Business feel
38197,Owner avoid
38198,International myself
38199,With statement
38200,Than board
38201,Worker together
38202,Season necessary
38203,Project later
38204,A effort
38205,Pull choose
38206,Bar need
38207,Why follow
38208,Challenge pressure
38209,Sign sit
38210,Can level
38211,Story contain
38212,So source
38213,Worry turn
38214,Candidate leader
38215,Partner show
38216,Individual indicate
38217,Development read
38218,Once room
38219,When behind
38220,Interesting fear
38221,Poor TV
38222,North food
38223,Civil strategy
38224,Our throughout
38225,Ahead central
38226,Live include
38227,Like level
38228,Guy yes
38229,Defense move
38230,Anyone source
38231,Agency owner
38232,Activity begin
38233,Quickly raise
38234,Technology everything
38235,Prove small
38236,Support similar
38237,Successful popular
38238,Sit community
38239,Ground weight
38240,Section idea
38241,Out pretty
38242,Religious spring
38243,Commercial building
38244,Behind difference
38245,Similar difficult
38246,Star news
38247,Area company
38248,Picture table
38249,Off buy
38250,Inside result
38251,Relate imagine
38252,Financial daughter
38253,My describe
38254,Customer personal
38255,Past discuss
38256,Attention story
38257,Wind part
38258,Its production
38259,Than them
38260,Notice near
38261,Hit television
38262,Mean seven
38263,Others fire
38264,Baby manager
38265,Senior whether
38266,Food sure
38267,Save west
38268,Final happy
38269,Bill seven
38270,Employee method
38271,Maintain call
38272,Successful product
38273,Race generation
38274,Process firm
38275,Energy despite
38276,Range someone
38277,Thought young
38278,Final public
38279,Shake establish
38280,Buy test
38281,Notice difference
38282,Be first
38283,Live article
38284,Open moment
38285,Role account
38286,Visit fact
38287,Control Mrs
38288,Meeting moment
38289,Three let
38290,Sport actually
38291,Century board
38292,Teacher these
38293,Despite pretty
38294,Animal should
38295,Spring should
38296,Democrat join
38297,Shoulder only
38298,Gun far
38299,Service fall
38300,Involve per
38301,Pull already
38302,Exactly room
38303,Radio institution
38304,When news
38305,Party college
38306,Hold city
38307,Send very
38308,Wish law
38309,Significant dinner
38310,Mission throughout
38311,Eight miss
38312,Get event
38313,Need security
38314,Cold should
38315,Television media
38316,Without its
38317,Best bit
38318,Place piece
38319,Bit service
38320,Wind white
38321,Rule security
38322,Television beyond
38323,Message lose
38324,Require then
38325,Suggest those
38326,Not person
38327,Series white
38328,Perhaps send
38329,Season get
38330,Wish sea
38331,Executive chance
38332,Early make
38333,Writer write
38334,School growth
38335,Most section
38336,Together wife
38337,Paper participant
38338,Stage side
38339,Also life
38340,Campaign movement
38341,Project form
38342,Take bed
38343,Long continue
38344,Indicate marriage
38345,Media institution
38346,Across claim
38347,Father me
38348,Lay popular
38349,Again wide
38350,Effect card
38351,Cause stand
38352,All among
38353,Left feeling
38354,Capital when
38355,Himself something
38356,Spend indicate
38357,Job think
38358,Example official
38359,Seven your
38360,Environment form
38361,Race strong
38362,Foot take
38363,Church pay
38364,House indeed
38365,Impact difference
38366,Kind husband
38367,Respond officer
38368,Sure save
38369,Let threat
38370,Politics sometimes
38371,Mouth during
38372,Look they
38373,Best him
38374,Whole character
38375,Top necessary
38376,Form effort
38377,Great deal
38378,Sea that
38379,I several
38380,Range mother
38381,Public hot
38382,Remain teacher
38383,Truth direction
38384,Condition simply
38385,Growth second
38386,Maintain maintain
38387,Left hit
38388,Money meet
38389,Quite anything
38390,Enter property
38391,Forward level
38392,Particularly each
38393,Interest six
38394,Prepare along
38395,Form own
38396,Mr professional
38397,Behavior nothing
38398,Challenge of
38399,Coach everyone
38400,Box maybe
38401,Foreign on
38402,Early sister
38403,Kitchen southern
38404,Ago get
38405,Arm purpose
38406,Court hope
38407,Bit for
38408,Provide set
38409,Still she
38410,Realize citizen
38411,Resource identify
38412,Traditional head
38413,Region role
38414,Experience week
38415,Yet between
38416,From message
38417,Remain fall
38418,Different friend
38419,Into approach
38420,Sing onto
38421,Business middle
38422,So fact
38423,Fly kind
38424,Form under
38425,Best leader
38426,Action about
38427,Quickly suggest
38428,Chair stock
38429,Long range
38430,Class other
38431,Believe be
38432,After responsibility
38433,Decision do
38434,Test economy
38435,Score stock
38436,Decision film
38437,Discuss heart
38438,Night pick
38439,Kitchen summer
38440,Trouble cost
38441,Cultural player
38442,Decide computer
38443,Away language
38444,Water effect
38445,Quality well
38446,Worker program
38447,Until live
38448,View how
38449,To within
38450,Local fine
38451,Happy own
38452,Performance life
38453,Evening staff
38454,Book democratic
38455,Relate sell
38456,Herself clear
38457,Wonder dinner
38458,Customer dog
38459,Figure again
38460,Serve feel
38461,Fire decade
38462,Task soldier
38463,Stage stage
38464,Federal step
38465,Even peace
38466,Edge current
38467,Market ability
38468,What official
38469,Mean argue
38470,Chair this
38471,Wonder along
38472,Time condition
38473,Various accept
38474,All address
38475,Direction often
38476,Environmental reveal
38477,Real save
38478,Box sound
38479,Our book
38480,Tough car
38481,Stay hundred
38482,Might week
38483,Professor look
38484,Risk dream
38485,Score star
38486,Ball trouble
38487,Call remain
38488,Analysis choice
38489,Find course
38490,Opportunity side
38491,Cut under
38492,Rock threat
38493,Majority although
38494,Chance report
38495,Various push
38496,The picture
38497,Identify own
38498,Word information
38499,Not growth
38500,Attorney eight
38501,Design collection
38502,Through production
38503,Believe why
38504,Tend reach
38505,Sometimes improve
38506,Much quality
38507,Go interesting
38508,Among have
38509,Speak score
38510,Team green
38511,Partner together
38512,List degree
38513,Produce remain
38514,Area continue
38515,Board news
38516,New section
38517,Many possible
38518,Mother consumer
38519,Stuff network
38520,Rest exactly
38521,Practice box
38522,Firm task
38523,Alone win
38524,Writer early
38525,Wind despite
38526,Cold rest
38527,Must population
38528,Themselves those
38529,Mission off
38530,Ever particularly
38531,Third concern
38532,Win agent
38533,Keep whom
38534,Finally war
38535,Mention evidence
38536,Environmental building
38537,Professor computer
38538,Letter tough
38539,Whom station
38540,Everyone memory
38541,Seek small
38542,Real we
38543,Add can
38544,Break together
38545,Arm interview
38546,Question thus
38547,Sense Mr
38548,No head
38549,Medical heart
38550,Their view
38551,Rate describe
38552,Audience capital
38553,Citizen give
38554,Raise man
38555,Free try
38556,Race modern
38557,Technology argue
38558,Smile oil
38559,Fish recognize
38560,Reflect kitchen
38561,Picture TV
38562,Exist happen
38563,Newspaper democratic
38564,Whatever debate
38565,Money case
38566,Focus now
38567,Lawyer under
38568,Design shake
38569,Skill state
38570,Maintain main
38571,Scene size
38572,Ok understand
38573,Address baby
38574,His certainly
38575,Some price
38576,Mother they
38577,Example executive
38578,Finish poor
38579,Company agreement
38580,Whatever down
38581,Themselves public
38582,Pick figure
38583,Use white
38584,House deal
38585,He course
38586,Speech war
38587,Lawyer approach
38588,Film only
38589,Ready such
38590,Particularly exist
38591,Also talk
38592,With someone
38593,Use good
38594,Into upon
38595,Choice senior
38596,Real traditional
38597,Certainly nation
38598,Later receive
38599,East surface
38600,Against attorney
38601,Poor night
38602,Politics difference
38603,Fund remain
38604,Debate truth
38605,Resource charge
38606,Art PM
38607,Down family
38608,Interesting risk
38609,Than together
38610,Fish stage
38611,Hold many
38612,Window group
38613,Entire threat
38614,Note contain
38615,Spring young
38616,Democrat top
38617,Thousand anything
38618,Save trial
38619,Resource tell
38620,Have trip
38621,Owner reality
38622,Dog imagine
38623,Be partner
38624,Attack safe
38625,Wait century
38626,Cup president
38627,Get only
38628,State grow
38629,Professional human
38630,Truth today
38631,Ability back
38632,Approach trouble
38633,I yet
38634,Understand effort
38635,Whether next
38636,Serve operation
38637,Value go
38638,Career situation
38639,Area allow
38640,Fine training
38641,Address forget
38642,Through different
38643,Significant fact
38644,Also feeling
38645,Window old
38646,Home film
38647,Wall southern
38648,General thus
38649,Economy share
38650,Task good
38651,Song add
38652,Bit reach
38653,Toward eye
38654,Provide product
38655,Finally information
38656,Decision though
38657,Happy PM
38658,Effect message
38659,Visit believe
38660,Particularly age
38661,Better sure
38662,Human reality
38663,Set current
38664,Mention analysis
38665,Question each
38666,Statement significant
38667,West choose
38668,Around true
38669,Ahead ok
38670,Team garden
38671,Key dog
38672,Thousand we
38673,Particularly year
38674,Idea same
38675,Paper position
38676,Sport reality
38677,Kind own
38678,Note including
38679,Later guy
38680,Fire help
38681,Across table
38682,Nature economy
38683,Discussion direction
38684,Than treat
38685,Machine yes
38686,Blood be
38687,Message all
38688,Language whom
38689,Mr discuss
38690,Soon after
38691,Subject challenge
38692,Mean major
38693,Life director
38694,Eight hotel
38695,Prevent various
38696,Daughter quality
38697,Top this
38698,Generation then
38699,Option ready
38700,Instead eight
38701,Public draw
38702,East environment
38703,Fear out
38704,Toward easy
38705,Nearly social
38706,Media yourself
38707,Compare because
38708,Drug shake
38709,Change American
38710,Edge themselves
38711,Religious administration
38712,Value happen
38713,Partner likely
38714,Action son
38715,Summer what
38716,If person
38717,Professor sense
38718,Skill assume
38719,Subject big
38720,Need benefit
38721,Might clear
38722,Their hold
38723,City send
38724,Type very
38725,Small something
38726,Health always
38727,Course today
38728,Our present
38729,These coach
38730,Smile eight
38731,About either
38732,Population hear
38733,Wall question
38734,Including like
38735,Everyone involve
38736,Recognize very
38737,Seek to
38738,Pretty heart
38739,Once Congress
38740,Dog citizen
38741,Where despite
38742,Pass read
38743,Interest chance
38744,Car more
38745,Blood nice
38746,Executive every
38747,Fund now
38748,Discover list
38749,Step recent
38750,Provide able
38751,Language practice
38752,Budget its
38753,Window drop
38754,She its
38755,Model customer
38756,By free
38757,Truth something
38758,Race whose
38759,Consider research
38760,Kitchen front
38761,Better blood
38762,Every challenge
38763,Major series
38764,Perhaps those
38765,Treatment city
38766,Course college
38767,Energy decide
38768,Key majority
38769,Take can
38770,Open baby
38771,Decide force
38772,Should audience
38773,Decision hear
38774,South focus
38775,Allow model
38776,More gun
38777,Ground happy
38778,See fear
38779,Make reason
38780,Other foot
38781,Member situation
38782,Growth we
38783,Cold really
38784,Adult operation
38785,Deep worker
38786,Central can
38787,Loss road
38788,It subject
38789,Beyond century
38790,Guy lead
38791,Hear edge
38792,Eight away
38793,So do
38794,Water choose
38795,Pretty return
38796,Religious cause
38797,Top strategy
38798,Hot bar
38799,Dog truth
38800,Nature pick
38801,Society indeed
38802,Enough indeed
38803,Every Mr
38804,Get director
38805,Produce work
38806,Current give
38807,Prevent goal
38808,Effect product
38809,Decision energy
38810,Girl really
38811,Begin win
38812,International lead
38813,Strong believe
38814,Rock look
38815,Oil growth
38816,I if
38817,Sometimes industry
38818,Later hotel
38819,Success talk
38820,Father career
38821,Level use
38822,Well management
38823,Movie game
38824,Store again
38825,Good vote
38826,Different news
38827,Whom imagine
38828,Difference cell
38829,Out car
38830,Almost whose
38831,Ask author
38832,Support now
38833,Among investment
38834,Stay seat
38835,Cultural everything
38836,Practice at
38837,Before cup
38838,Fund take
38839,Benefit light
38840,Arm like
38841,Well raise
38842,Table source
38843,Picture listen
38844,Article send
38845,Form address
38846,Bill still
38847,Option sport
38848,Gas white
38849,She heavy
38850,Whatever central
38851,Perform new
38852,Present individual
38853,Tax college
38854,Commercial now
38855,Film real
38856,Bed evidence
38857,Expect want
38858,Seven arrive
38859,Operation person
38860,Nature ago
38861,Range them
38862,Stop morning
38863,Simply operation
38864,Serve above
38865,Accept consumer
38866,Beat media
38867,Bed power
38868,Partner ready
38869,Name late
38870,Learn away
38871,Language charge
38872,Pay sing
38873,East keep
38874,Treat my
38875,Edge argue
38876,Physical cause
38877,Compare official
38878,Camera bed
38879,Without building
38880,Brother thousand
38881,Next on
38882,Pressure other
38883,College sea
38884,Might them
38885,Deal can
38886,Your reveal
38887,Discussion fight
38888,Sing animal
38889,Also military
38890,Change avoid
38891,Interest issue
38892,Forward economic
38893,Company article
38894,First party
38895,Name simply
38896,Present set
38897,Real common
38898,Care agreement
38899,Fear cultural
38900,Pull provide
38901,Start parent
38902,Wait southern
38903,Military technology
38904,Quite science
38905,Goal draw
38906,Talk room
38907,Official government
38908,Another find
38909,Young dark
38910,Spend end
38911,Who fish
38912,A most
38913,Season evidence
38914,Car identify
38915,Around some
38916,Better parent
38917,All fight
38918,Drop rate
38919,Usually discuss
38920,Candidate step
38921,Task pick
38922,However piece
38923,Boy red
38924,Leave season
38925,Keep sister
38926,Foreign skill
38927,Film free
38928,Budget anyone
38929,Age government
38930,Street bed
38931,Claim capital
38932,Bill strategy
38933,Real family
38934,Item act
38935,Concern player
38936,Hold economy
38937,Animal house
38938,Soon look
38939,Professional forward
38940,Official four
38941,Mouth himself
38942,Option chance
38943,Present civil
38944,Begin and
38945,Worry student
38946,Nation account
38947,Trip surface
38948,Area huge
38949,Professor help
38950,Series act
38951,Figure gun
38952,Upon store
38953,Follow whole
38954,Machine federal
38955,Trouble prevent
38956,Scene bar
38957,Serious continue
38958,Phone Congress
38959,Change while
38960,Month majority
38961,Then line
38962,Arm own
38963,Adult official
38964,Sure wife
38965,Blood garden
38966,Want big
38967,Production compare
38968,Offer beautiful
38969,Section control
38970,Congress seem
38971,Over rock
38972,Establish story
38973,Growth example
38974,Him dream
38975,Price actually
38976,Stage arrive
38977,Off dream
38978,Add strategy
38979,Recent teacher
38980,Dream follow
38981,Win former
38982,Agency why
38983,Simple body
38984,Off toward
38985,Of serve
38986,Draw condition
38987,Professor affect
38988,Suddenly miss
38989,Third sure
38990,Affect stop
38991,Long people
38992,Early long
38993,Production program
38994,Very same
38995,Recognize believe
38996,Daughter use
38997,Not dream
38998,Notice network
38999,Sing floor
39000,Nearly yes
39001,Side or
39002,Three state
39003,Score at
39004,Current alone
39005,Among third
39006,Indicate race
39007,So along
39008,Her politics
39009,Second different
39010,Western decide
39011,Goal partner
39012,Prove fear
39013,Plant thing
39014,More single
39015,Impact stage
39016,Employee single
39017,Better why
39018,Memory painting
39019,Thing through
39020,Help activity
39021,Debate much
39022,Realize exist
39023,Send break
39024,Others matter
39025,Blue method
39026,Number discussion
39027,None stock
39028,Produce contain
39029,Perhaps another
39030,Decide bar
39031,Network door
39032,Role style
39033,Relate girl
39034,Exactly bit
39035,Deal crime
39036,Sign ground
39037,Our consumer
39038,Such name
39039,Social he
39040,Hotel lot
39041,Wait month
39042,Strong example
39043,Force create
39044,Interest hair
39045,Cultural above
39046,Continue set
39047,Church win
39048,Fact science
39049,Us action
39050,Admit doctor
39051,Statement sometimes
39052,Fast along
39053,Fly wish
39054,Fact head
39055,Then all
39056,Itself mind
39057,My friend
39058,Light around
39059,Include door
39060,Employee high
39061,Culture happy
39062,Pass word
39063,Walk continue
39064,Possible the
39065,Sell left
39066,Organization language
39067,Kid party
39068,President item
39069,Sure under
39070,Race see
39071,Approach join
39072,Employee property
39073,Lead will
39074,East see
39075,Charge sure
39076,Nature true
39077,Catch main
39078,Push send
39079,Organization let
39080,Eight might
39081,Fine perform
39082,Year despite
39083,Reduce herself
39084,Though movement
39085,Art buy
39086,Understand sell
39087,Instead fill
39088,Success full
39089,Treat themselves
39090,Site court
39091,Feel general
39092,Former nor
39093,Black understand
39094,Full across
39095,Discuss artist
39096,Left something
39097,Seat past
39098,Program eight
39099,Produce what
39100,Teach improve
39101,Box prove
39102,Community society
39103,Difference method
39104,Five nothing
39105,Cold know
39106,Commercial surface
39107,Theory imagine
39108,Wait or
39109,Better protect
39110,Again than
39111,Everything candidate
39112,Education wind
39113,Answer almost
39114,Economic difficult
39115,Congress rise
39116,Happen future
39117,Establish civil
39118,Apply parent
39119,Food place
39120,Assume young
39121,Help area
39122,Including enter
39123,City car
39124,Drop maybe
39125,This character
39126,Material deal
39127,Ever part
39128,Common chance
39129,Now about
39130,Western outside
39131,Order last
39132,Find cut
39133,Bill start
39134,Particularly require
39135,Bit plant
39136,Candidate in
39137,Challenge interest
39138,Town quite
39139,Local who
39140,Discuss spring
39141,Race seat
39142,Region possible
39143,Couple sure
39144,Only common
39145,Cost car
39146,Develop travel
39147,Wife might
39148,Security these
39149,Side her
39150,Forget somebody
39151,Sport wish
39152,Challenge discover
39153,Adult hair
39154,Institution prevent
39155,Or administration
39156,Perhaps natural
39157,Word apply
39158,Film suddenly
39159,Every young
39160,Wind medical
39161,Reason soldier
39162,Tree care
39163,Cold this
39164,Green add
39165,Ready result
39166,Hospital respond
39167,Speech fire
39168,Place Republican
39169,Camera nearly
39170,Money entire
39171,Also manage
39172,Rather learn
39173,Enter I
39174,Resource road
39175,Stage senior
39176,Enjoy other
39177,Remain public
39178,Old view
39179,Manager you
39180,Yet recently
39181,Position second
39182,Wrong these
39183,Analysis stand
39184,Again poor
39185,Hospital author
39186,Type green
39187,Also want
39188,Parent edge
39189,Live stand
39190,To car
39191,Edge I
39192,Technology baby
39193,Make these
39194,Give oil
39195,Difference listen
39196,Whatever us
39197,Energy land
39198,Impact pretty
39199,Night or
39200,Argue may
39201,Audience mean
39202,Kid whose
39203,Impact size
39204,More those
39205,Of car
39206,Visit line
39207,Course artist
39208,A staff
39209,Office human
39210,Check question
39211,Again step
39212,Describe factor
39213,Impact run
39214,Always into
39215,Ever indeed
39216,Industry nothing
39217,Movement reality
39218,Tax class
39219,Significant sister
39220,Own point
39221,Debate his
39222,Hot industry
39223,Charge actually
39224,Friend wrong
39225,Economy according
39226,Current miss
39227,Seek play
39228,Save to
39229,I against
39230,Get push
39231,Authority read
39232,Writer strong
39233,Data represent
39234,Capital believe
39235,She anyone
39236,When catch
39237,If reason
39238,Everyone need
39239,Or idea
39240,Last standard
39241,Either bed
39242,Box arm
39243,Rock water
39244,Someone though
39245,Those entire
39246,Investment certainly
39247,Lot body
39248,Trial what
39249,Watch night
39250,Everyone community
39251,Dark seven
39252,Treatment mouth
39253,Also material
39254,While together
39255,Organization wind
39256,Road alone
39257,Myself south
39258,Grow hair
39259,Structure physical
39260,Not south
39261,List hair
39262,Find expect
39263,He family
39264,Feel find
39265,Coach drug
39266,Worry rich
39267,Knowledge room
39268,Something forget
39269,House thing
39270,Exactly sort
39271,Night character
39272,Early mean
39273,Resource full
39274,Wife standard
39275,Two reason
39276,Case eight
39277,Use necessary
39278,Brother million
39279,Cause rate
39280,Note world
39281,Through look
39282,Wear require
39283,Group particularly
39284,Company tonight
39285,Door rich
39286,Message practice
39287,Whatever reality
39288,Allow standard
39289,Answer parent
39290,Still difference
39291,Name health
39292,Customer likely
39293,These morning
39294,Hour eye
39295,Purpose investment
39296,Benefit man
39297,Measure place
39298,Window throughout
39299,Leg or
39300,Get young
39301,Thing Congress
39302,Response best
39303,Goal cell
39304,Knowledge just
39305,Little soon
39306,Become wait
39307,Thank radio
39308,Charge especially
39309,There reach
39310,Late exist
39311,Economy design
39312,Information gas
39313,Religious fill
39314,Pull dream
39315,Night others
39316,Particularly government
39317,Participant mind
39318,Memory eat
39319,Term least
39320,Maintain record
39321,Teach wife
39322,College do
39323,Detail help
39324,One challenge
39325,Situation similar
39326,Throughout nature
39327,Deep one
39328,Team majority
39329,Within may
39330,Way less
39331,Impact point
39332,Stage forget
39333,Back quite
39334,Stay common
39335,Change medical
39336,Major treatment
39337,Sell front
39338,Prepare instead
39339,Between perform
39340,Serious just
39341,New organization
39342,Same anything
39343,Including yourself
39344,Probably red
39345,Law great
39346,Sometimes deal
39347,Outside away
39348,Mind fall
39349,Worry member
39350,Development college
39351,Somebody job
39352,Fight decide
39353,Sell these
39354,Visit than
39355,Environment growth
39356,Rise simply
39357,Different will
39358,Occur value
39359,Experience game
39360,Require week
39361,Easy word
39362,Dream choose
39363,Detail walk
39364,Guess thank
39365,Compare article
39366,Dream expert
39367,Kind natural
39368,Thus key
39369,Turn follow
39370,Scientist sing
39371,Range situation
39372,International story
39373,Attorney pull
39374,Summer often
39375,Onto particularly
39376,About old
39377,Offer assume
39378,Suddenly study
39379,Tonight start
39380,Add that
39381,Section as
39382,Value fly
39383,Somebody less
39384,Somebody will
39385,Attorney can
39386,Why add
39387,Reduce prove
39388,Within ground
39389,Building help
39390,Board former
39391,Final increase
39392,Little natural
39393,National risk
39394,Should middle
39395,Certainly American
39396,Crime leg
39397,Charge style
39398,Information approach
39399,Yes them
39400,Authority ready
39401,Natural trip
39402,Themselves be
39403,Both lead
39404,Recent art
39405,Quite campaign
39406,Lawyer should
39407,Reality involve
39408,Give of
39409,Need building
39410,Republican soldier
39411,Help us
39412,Consider long
39413,Offer feel
39414,Performance somebody
39415,Product soon
39416,Lawyer support
39417,Occur college
39418,Try foreign
39419,Wide measure
39420,Rule instead
39421,Glass yet
39422,On maybe
39423,Travel gun
39424,Able fill
39425,Friend again
39426,Audience various
39427,Too really
39428,Responsibility example
39429,Consumer financial
39430,She everyone
39431,Physical small
39432,All skin
39433,Serve understand
39434,Quality career
39435,Economic me
39436,At wife
39437,Field public
39438,Surface authority
39439,Threat into
39440,Maybe art
39441,Mr never
39442,He happy
39443,Low last
39444,Me forward
39445,Throughout citizen
39446,Else he
39447,Usually past
39448,Issue after
39449,Challenge able
39450,Apply own
39451,Sure certain
39452,Huge media
39453,Ready meeting
39454,Individual ability
39455,Health population
39456,Create east
39457,Anything avoid
39458,Reveal read
39459,Despite end
39460,Eight try
39461,Decade rule
39462,Kid mouth
39463,Future act
39464,Movement participant
39465,Talk another
39466,According interview
39467,Item wife
39468,Station risk
39469,Stage happy
39470,Baby none
39471,Human according
39472,Rest forward
39473,Site maybe
39474,Any activity
39475,Century talk
39476,Young something
39477,Bar black
39478,Run actually
39479,Service seat
39480,Money without
39481,Plant soon
39482,Involve media
39483,Stay high
39484,Theory special
39485,Yet guy
39486,Organization summer
39487,Be add
39488,Him happy
39489,Institution blue
39490,Beat audience
39491,Half friend
39492,Security plan
39493,Car office
39494,Age yourself
39495,Send you
39496,Face type
39497,Letter box
39498,Short various
39499,Save person
39500,White every
39501,Author vote
39502,Drop simply
39503,Old blue
39504,Action break
39505,No first
39506,Along between
39507,Try would
39508,Senior anyone
39509,Look wish
39510,More heart
39511,Morning wife
39512,Provide member
39513,Stay cover
39514,Wrong rise
39515,Moment clear
39516,Though safe
39517,Crime watch
39518,Prepare course
39519,Notice financial
39520,Recently sea
39521,Large scientist
39522,Think change
39523,Property network
39524,Alone second
39525,Federal administration
39526,Culture employee
39527,Well majority
39528,Reflect one
39529,Ball particular
39530,Stop open
39531,Black probably
39532,Local nor
39533,Kind hear
39534,Speak place
39535,Herself deal
39536,Reflect war
39537,Bed rather
39538,From civil
39539,Person rich
39540,Knowledge boy
39541,Travel find
39542,Go by
39543,True blue
39544,Take item
39545,Beautiful as
39546,However act
39547,Image eight
39548,Player beautiful
39549,Your card
39550,Yes environmental
39551,Popular figure
39552,Music claim
39553,Not exist
39554,Concern customer
39555,Believe two
39556,Stay worker
39557,Appear who
39558,Challenge station
39559,Example significant
39560,Together return
39561,Behind environmental
39562,Walk join
39563,Good child
39564,Ask own
39565,Cup the
39566,Mind leave
39567,People raise
39568,Open evidence
39569,Break to
39570,Travel single
39571,Only machine
39572,Successful recent
39573,Affect end
39574,Difficult trip
39575,Quality almost
39576,Investment nothing
39577,Quickly medical
39578,Test sign
39579,Serve wall
39580,Property kid
39581,Share leader
39582,Process close
39583,Who institution
39584,Though easy
39585,Control or
39586,Thing until
39587,Half picture
39588,Set law
39589,Receive action
39590,Away training
39591,Continue traditional
39592,Clear style
39593,Area admit
39594,Democratic either
39595,Television carry
39596,President think
39597,Wrong teacher
39598,Evening body
39599,Choose assume
39600,Name buy
39601,Movement father
39602,Table spend
39603,Generation until
39604,Worry him
39605,Hit house
39606,Bed use
39607,Medical could
39608,Forward sister
39609,High response
39610,Think friend
39611,Trial write
39612,Exactly information
39613,Go fight
39614,Station discuss
39615,Age sister
39616,Spend not
39617,Baby majority
39618,Social culture
39619,Article foot
39620,Play determine
39621,On probably
39622,Travel PM
39623,Mean soon
39624,Serve child
39625,Able direction
39626,Something cut
39627,How pay
39628,Relationship everything
39629,Pressure site
39630,Audience side
39631,Feeling phone
39632,Relationship nothing
39633,Water piece
39634,People ball
39635,Radio bank
39636,Analysis report
39637,End ten
39638,Consumer side
39639,Kid understand
39640,Eye generation
39641,Issue try
39642,Purpose letter
39643,Live similar
39644,Night discover
39645,Management standard
39646,Along prove
39647,Wall actually
39648,Back clearly
39649,Happy simple
39650,South institution
39651,Edge goal
39652,Them upon
39653,Right international
39654,Natural child
39655,Speech tree
39656,Lawyer computer
39657,Thousand car
39658,Hair include
39659,Want head
39660,Major fire
39661,Mission teacher
39662,Character purpose
39663,Despite forward
39664,Treatment rise
39665,Citizen perhaps
39666,No organization
39667,Kid responsibility
39668,Stand daughter
39669,Garden avoid
39670,Owner vote
39671,Piece education
39672,Skin sister
39673,Hard itself
39674,Short field
39675,Church pass
39676,Lead note
39677,Approach example
39678,Five claim
39679,Change at
39680,Anyone line
39681,Simple organization
39682,Your enough
39683,Drive instead
39684,During account
39685,Enjoy room
39686,Prevent road
39687,Often live
39688,Worker situation
39689,Figure agency
39690,Back reason
39691,Game road
39692,Who meeting
39693,International future
39694,Mission shoulder
39695,Move hold
39696,Challenge name
39697,Me own
39698,Employee better
39699,Window character
39700,Reality year
39701,Customer reflect
39702,College they
39703,Direction toward
39704,Something always
39705,Physical financial
39706,Role organization
39707,Series TV
39708,Pm have
39709,Alone notice
39710,College single
39711,Modern evidence
39712,Skin process
39713,Prove good
39714,Beautiful price
39715,Old much
39716,Performance shake
39717,Become body
39718,Relationship through
39719,Amount create
39720,Cell thing
39721,Degree space
39722,Tree cup
39723,Nothing data
39724,Account right
39725,Source plant
39726,Because style
39727,Cell right
39728,Call art
39729,Back poor
39730,Evidence my
39731,Feeling card
39732,Operation view
39733,Professional peace
39734,Federal majority
39735,Executive present
39736,None character
39737,Lose tree
39738,People light
39739,No former
39740,Decision the
39741,Memory wait
39742,Card box
39743,Guess return
39744,Scene among
39745,Miss direction
39746,President television
39747,Though tree
39748,Lead office
39749,Type care
39750,Across across
39751,Laugh fear
39752,Beautiful career
39753,Effort imagine
39754,Plan home
39755,Cut all
39756,Draw picture
39757,Middle tough
39758,Billion produce
39759,Various water
39760,Bed tend
39761,Down hit
39762,Room draw
39763,Dream like
39764,Special very
39765,Because big
39766,First fast
39767,Leader area
39768,Bad red
39769,Tell help
39770,Deep exactly
39771,Piece some
39772,Purpose interesting
39773,Hold generation
39774,Find job
39775,Born ago
39776,Crime use
39777,Research house
39778,Campaign middle
39779,Shoulder worker
39780,South smile
39781,Success shake
39782,Machine like
39783,Go leave
39784,None interview
39785,Bill those
39786,Clear policy
39787,Quickly energy
39788,Choose southern
39789,Sport do
39790,Under federal
39791,Ever many
39792,Likely environmental
39793,Professional mouth
39794,Director art
39795,Employee between
39796,Different ten
39797,Fall go
39798,Community present
39799,Yeah himself
39800,Single blood
39801,Member single
39802,Father term
39803,Sea necessary
39804,Movie eight
39805,Couple type
39806,Popular employee
39807,Property base
39808,Require investment
39809,Fire push
39810,Along western
39811,Form knowledge
39812,Development structure
39813,Floor top
39814,Serious sometimes
39815,Why buy
39816,Gun attention
39817,Beat either
39818,Nation environmental
39819,Take want
39820,See bar
39821,Me cost
39822,Who build
39823,Anything should
39824,Key eye
39825,Structure several
39826,Whom specific
39827,Fill skill
39828,Report size
39829,Nothing stock
39830,Trial dog
39831,Production catch
39832,Despite try
39833,Attack national
39834,Help toward
39835,Involve drop
39836,Pm figure
39837,Develop bed
39838,Chance sound
39839,Relate me
39840,Final reason
39841,Cost take
39842,Report school
39843,Stop necessary
39844,Yet around
39845,Wonder lot
39846,Government right
39847,Share then
39848,Budget matter
39849,Skill air
39850,Hope institution
39851,Including age
39852,Impact use
39853,Mouth mention
39854,Total evening
39855,Like owner
39856,Policy year
39857,Wide choose
39858,Goal side
39859,Sport spend
39860,Far race
39861,Order product
39862,Magazine choice
39863,Ever worry
39864,Candidate long
39865,Total matter
39866,Happy civil
39867,Serious very
39868,Use remain
39869,Room about
39870,Station special
39871,Society sometimes
39872,Rich make
39873,Often movement
39874,Along leave
39875,Skill difficult
39876,Former discussion
39877,Management human
39878,Civil lose
39879,Candidate my
39880,Government day
39881,Fight enough
39882,Game hold
39883,Member just
39884,By music
39885,Office check
39886,Position quickly
39887,Right role
39888,Whole throughout
39889,Response get
39890,Any involve
39891,Law then
39892,Debate late
39893,Fall growth
39894,Through huge
39895,Make thousand
39896,She dream
39897,Forget and
39898,Student effort
39899,Where go
39900,Laugh itself
39901,Choice number
39902,Security quickly
39903,Despite less
39904,Work music
39905,Civil party
39906,Set television
39907,Make be
39908,One these
39909,Second leader
39910,Institution age
39911,Down week
39912,Thought opportunity
39913,Lay still
39914,Control happy
39915,Develop beyond
39916,Customer American
39917,Store impact
39918,Night partner
39919,Study point
39920,Realize quality
39921,Join sometimes
39922,Truth market
39923,Sure society
39924,No college
39925,Course story
39926,Almost west
39927,Husband continue
39928,Standard world
39929,Exist each
39930,This option
39931,Consumer tell
39932,Family white
39933,Enough ok
39934,Me simply
39935,Stop make
39936,Arrive garden
39937,Particular news
39938,Lay single
39939,Wrong officer
39940,Affect anyone
39941,Final quality
39942,Everyone population
39943,Manage worker
39944,Manage create
39945,Baby accept
39946,Mention realize
39947,Man always
39948,Offer easy
39949,Child country
39950,Share beat
39951,Tend people
39952,Store day
39953,Early remain
39954,Huge bit
39955,Century enough
39956,Whether sea
39957,Save always
39958,Yourself possible
39959,Argue reflect
39960,Member wish
39961,Win measure
39962,Forward outside
39963,Prove model
39964,Would hand
39965,Drug section
39966,My senior
39967,Approach night
39968,Source its
39969,Voice so
39970,Sense someone
39971,Hear have
39972,Nation enough
39973,Tax important
39974,Option common
39975,Go final
39976,Thank every
39977,Miss for
39978,Military mouth
39979,Way suffer
39980,Deep evening
39981,Lay child
39982,Beat stop
39983,Future never
39984,Character tonight
39985,Alone throw
39986,Rest arrive
39987,Station while
39988,Against control
39989,Off offer
39990,No speech
39991,Parent building
39992,Rule whether
39993,Share meet
39994,Learn spend
39995,Care nice
39996,Else even
39997,Project every
39998,Others woman
39999,Effort check
40000,Even ground
40001,Spend leg
40002,Far moment
40003,These present
40004,Group line
40005,Every try
40006,First somebody
40007,Computer heavy
40008,Nation he
40009,Talk involve
40010,Cup claim
40011,Bag marriage
40012,Power during
40013,Grow must
40014,Once film
40015,Growth happy
40016,Amount type
40017,Everyone set
40018,Approach stand
40019,Trip few
40020,Yes individual
40021,Provide art
40022,Outside remain
40023,Form first
40024,Voice real
40025,Course wall
40026,Ever industry
40027,Per course
40028,Other note
40029,West window
40030,Get size
40031,Cultural election
40032,End go
40033,Over enjoy
40034,Learn there
40035,True practice
40036,Girl hundred
40037,Artist believe
40038,Inside in
40039,Leg cold
40040,Ready material
40041,Official despite
40042,South rather
40043,My billion
40044,Save order
40045,Exactly get
40046,Middle every
40047,Natural not
40048,Indicate although
40049,Thing and
40050,Take image
40051,Put Mrs
40052,Kid human
40053,Event conference
40054,Play new
40055,Fight break
40056,Letter none
40057,Network establish
40058,Argue goal
40059,Seat catch
40060,Surface level
40061,Task talk
40062,Pay medical
40063,Network on
40064,Former air
40065,Sound bit
40066,Majority central
40067,But PM
40068,Recently marriage
40069,Analysis reveal
40070,Wait blue
40071,Agreement edge
40072,Prove black
40073,Near truth
40074,Great onto
40075,Month they
40076,Thing student
40077,Clear important
40078,Magazine good
40079,Record school
40080,World source
40081,Data share
40082,Race such
40083,Outside course
40084,Leave summer
40085,Play beat
40086,Western class
40087,Ready voice
40088,Appear collection
40089,Country agreement
40090,Grow fly
40091,Despite whatever
40092,Enjoy approach
40093,Particularly step
40094,When drug
40095,Activity night
40096,Difficult these
40097,Rock economy
40098,Look mother
40099,Network a
40100,Little face
40101,Sport talk
40102,Brother also
40103,Most difficult
40104,Decade responsibility
40105,House own
40106,Have go
40107,Bill forget
40108,Still top
40109,Bill sea
40110,Hope when
40111,Turn we
40112,Scientist military
40113,Story camera
40114,Step certainly
40115,Order arm
40116,Another foot
40117,Of find
40118,Decision trouble
40119,Discussion audience
40120,Book response
40121,Performance long
40122,Finish do
40123,Former apply
40124,Institution understand
40125,Physical none
40126,Scene someone
40127,Over without
40128,Structure film
40129,Because area
40130,Fast wife
40131,Nation personal
40132,Order their
40133,Else hospital
40134,Natural address
40135,Concern sound
40136,Enough more
40137,Occur few
40138,Catch heart
40139,Hear into
40140,Business clearly
40141,Soon indicate
40142,Concern keep
40143,Ago owner
40144,Watch adult
40145,Perhaps focus
40146,Break foreign
40147,Almost kid
40148,Capital service
40149,While final
40150,Among member
40151,Before how
40152,Establish get
40153,Protect under
40154,Knowledge letter
40155,Material simple
40156,Good despite
40157,Five expect
40158,Pass around
40159,Food board
40160,Name plan
40161,Senior within
40162,Activity he
40163,Police friend
40164,Kid within
40165,Her claim
40166,Campaign with
40167,Usually position
40168,Community security
40169,Store what
40170,Star argue
40171,Various popular
40172,Family condition
40173,Fall animal
40174,State crime
40175,Learn and
40176,Situation order
40177,Else tell
40178,Difference degree
40179,Article base
40180,Financial local
40181,Employee million
40182,Magazine future
40183,Song herself
40184,Peace benefit
40185,Phone smile
40186,Task oil
40187,Meet go
40188,His player
40189,Sit meeting
40190,Window ready
40191,Yet defense
40192,Family along
40193,Occur suggest
40194,Another third
40195,West nation
40196,Physical nation
40197,Whether policy
40198,Feel wear
40199,Ground surface
40200,Address series
40201,Dinner in
40202,Hour agreement
40203,Whole once
40204,Loss nature
40205,Watch entire
40206,Despite rate
40207,Case open
40208,Man manage
40209,Military pressure
40210,Great training
40211,Argue student
40212,Allow young
40213,It rise
40214,Southern cost
40215,Treatment wrong
40216,Individual question
40217,Space especially
40218,Bed make
40219,Have life
40220,Local walk
40221,History plan
40222,Political five
40223,Figure expect
40224,Enter spend
40225,Air nor
40226,Respond group
40227,Nation style
40228,Police technology
40229,Discuss news
40230,Lawyer any
40231,Light manage
40232,Group baby
40233,Fight personal
40234,Success manager
40235,Unit kitchen
40236,Citizen energy
40237,Site forget
40238,Explain generation
40239,From firm
40240,Analysis management
40241,Toward economic
40242,Top account
40243,Data great
40244,Mr score
40245,Police quality
40246,Such new
40247,Special us
40248,Project sense
40249,Season rich
40250,You try
40251,Plant teach
40252,Visit sound
40253,Election after
40254,From clearly
40255,Behavior mean
40256,Describe husband
40257,Media imagine
40258,Both as
40259,Rather they
40260,Defense set
40261,Huge dinner
40262,Church notice
40263,Employee huge
40264,Price ability
40265,Place energy
40266,Father center
40267,Home stuff
40268,Real turn
40269,Tax lay
40270,South staff
40271,Heart about
40272,Area commercial
40273,Fight himself
40274,Spring risk
40275,Include simply
40276,Rise large
40277,Defense month
40278,Next purpose
40279,Vote at
40280,Each if
40281,Nature each
40282,Price according
40283,Art question
40284,There music
40285,Able will
40286,Most right
40287,Claim treatment
40288,Seem under
40289,Difference view
40290,Reduce central
40291,Carry notice
40292,Can who
40293,Establish hand
40294,System dark
40295,Authority investment
40296,Eat same
40297,Standard eye
40298,Anyone wall
40299,Sport buy
40300,Leg tend
40301,Election doctor
40302,Between thought
40303,Civil must
40304,That TV
40305,Ago throughout
40306,Effect kind
40307,Treatment name
40308,Building use
40309,Enough want
40310,Network star
40311,Bit here
40312,Save cover
40313,Wide live
40314,Either whom
40315,Question race
40316,If finally
40317,Film dinner
40318,Discover interview
40319,Movement much
40320,Material especially
40321,By sort
40322,General write
40323,Despite guy
40324,Room turn
40325,Stock story
40326,Manage wide
40327,Determine international
40328,Study six
40329,Return writer
40330,Friend food
40331,Want age
40332,Key now
40333,Represent old
40334,Grow view
40335,Main attack
40336,Tax same
40337,Both response
40338,Whatever clearly
40339,Discuss great
40340,According easy
40341,Inside improve
40342,Strong call
40343,Present consider
40344,Executive each
40345,Purpose drive
40346,Together song
40347,Say write
40348,Member serious
40349,Over head
40350,Room career
40351,Television office
40352,Over share
40353,Human control
40354,Until institution
40355,Customer hospital
40356,Ok book
40357,Pattern report
40358,Good have
40359,About your
40360,Help home
40361,Especially political
40362,Figure stop
40363,Tv bit
40364,Cold still
40365,Table those
40366,Staff move
40367,Very according
40368,Than product
40369,Tv commercial
40370,Plant direction
40371,Moment executive
40372,Vote lay
40373,Green a
40374,Soldier nice
40375,Total team
40376,Attorney something
40377,Business vote
40378,Responsibility west
40379,Individual book
40380,South spend
40381,Include find
40382,They job
40383,Each house
40384,Sea truth
40385,Least performance
40386,News deal
40387,Those save
40388,Resource process
40389,Peace could
40390,Appear meet
40391,Not six
40392,Grow plan
40393,Main entire
40394,Job sense
40395,Painting bad
40396,Tv five
40397,Phone beat
40398,Until book
40399,Window page
40400,Protect expect
40401,Senior blood
40402,Inside dark
40403,Of north
40404,Ahead detail
40405,Board hold
40406,Big health
40407,Election crime
40408,Away adult
40409,Interesting project
40410,Continue follow
40411,Section low
40412,Use surface
40413,Religious how
40414,Under during
40415,Doctor poor
40416,Most song
40417,Nature little
40418,Already summer
40419,Left such
40420,Market guy
40421,Guess beautiful
40422,Produce wrong
40423,Week our
40424,Its structure
40425,Remain cut
40426,Likely cold
40427,Tax another
40428,Either nation
40429,Great all
40430,Nice board
40431,With friend
40432,Piece drive
40433,View subject
40434,Yourself challenge
40435,Young until
40436,This another
40437,Much fast
40438,Let interesting
40439,Man town
40440,Debate only
40441,Beyond force
40442,Language listen
40443,Parent beautiful
40444,Message international
40445,Plan front
40446,Nice east
40447,Marriage politics
40448,Stock finally
40449,Everything old
40450,Recognize consumer
40451,Do explain
40452,Eye war
40453,Close early
40454,Protect social
40455,Rest east
40456,Into whole
40457,Street word
40458,Hand look
40459,Despite control
40460,Base somebody
40461,Training yard
40462,Share section
40463,Past care
40464,However note
40465,Until detail
40466,Represent six
40467,Sport degree
40468,Image policy
40469,During in
40470,Understand management
40471,Picture last
40472,Spend should
40473,Listen every
40474,Hotel cold
40475,Radio account
40476,Do hear
40477,Figure property
40478,Since reduce
40479,Number we
40480,Serve main
40481,Training high
40482,Popular no
40483,Stuff cold
40484,Impact situation
40485,Red last
40486,Determine ok
40487,Rest design
40488,Since structure
40489,Place share
40490,Stand can
40491,Cost authority
40492,Indicate there
40493,Reason against
40494,Too someone
40495,Significant water
40496,Whatever bed
40497,Rise various
40498,Around rise
40499,Yeah success
40500,Too season
40501,Image suggest
40502,Model board
40503,Education last
40504,This not
40505,Traditional after
40506,Player begin
40507,Child behind
40508,Its rise
40509,Teacher human
40510,Shake table
40511,Only attack
40512,Fast floor
40513,Yet agency
40514,Space still
40515,Kitchen authority
40516,Whom thousand
40517,Either subject
40518,Media perform
40519,Participant seem
40520,Fire ready
40521,Call me
40522,As trial
40523,Win home
40524,Around large
40525,World however
40526,Car turn
40527,Edge some
40528,Not very
40529,Firm time
40530,Kind better
40531,Concern out
40532,Unit last
40533,Customer quite
40534,Lose return
40535,Beautiful outside
40536,Responsibility TV
40537,Citizen ask
40538,Treatment charge
40539,Manage student
40540,Large center
40541,Carry report
40542,Sell perhaps
40543,Economy wide
40544,Tell business
40545,Director within
40546,First fact
40547,Team until
40548,Nearly black
40549,Rather ask
40550,Remain voice
40551,Player pretty
40552,Defense live
40553,Grow stay
40554,Industry step
40555,Book experience
40556,Drop huge
40557,Marriage threat
40558,Sit final
40559,Green number
40560,Customer part
40561,Woman he
40562,Herself party
40563,Over group
40564,Lawyer responsibility
40565,Them interview
40566,Indicate establish
40567,Cut certainly
40568,Rule miss
40569,Senior carry
40570,Security something
40571,Call brother
40572,Stay include
40573,General simply
40574,Scientist wrong
40575,Section west
40576,Run kitchen
40577,Born over
40578,Summer race
40579,List around
40580,Item word
40581,Sense item
40582,Human challenge
40583,Who write
40584,Black career
40585,Town reveal
40586,Language under
40587,Stay ten
40588,Today particularly
40589,Suggest assume
40590,Sure ever
40591,Already partner
40592,Lead return
40593,Last house
40594,He get
40595,Successful million
40596,Large region
40597,Production window
40598,Participant least
40599,Send career
40600,Edge consumer
40601,During heart
40602,Activity order
40603,Cost vote
40604,Growth soldier
40605,Drop care
40606,It woman
40607,Subject add
40608,Sea buy
40609,Perhaps service
40610,Exist require
40611,Sometimes him
40612,Owner case
40613,Control pressure
40614,Factor sure
40615,Individual act
40616,Air center
40617,Everything where
40618,Instead above
40619,Often fast
40620,Newspaper question
40621,Effect mean
40622,Follow section
40623,Sit interest
40624,Research performance
40625,Whatever second
40626,Someone may
40627,Popular evening
40628,Anyone foreign
40629,His accept
40630,Sort tax
40631,After consumer
40632,Cause service
40633,Time experience
40634,Measure story
40635,Maybe size
40636,Room forget
40637,Environment certain
40638,She something
40639,Gas thank
40640,Sign book
40641,Statement ok
40642,Project culture
40643,Performance feeling
40644,Help cell
40645,Front leg
40646,Fly world
40647,Consumer should
40648,Future level
40649,Season else
40650,Feeling class
40651,Quality late
40652,Five may
40653,Onto would
40654,Finish executive
40655,Sell onto
40656,Visit method
40657,By money
40658,Free student
40659,Tough seek
40660,Election do
40661,Smile instead
40662,Mrs feeling
40663,Car economy
40664,Ask risk
40665,Outside special
40666,General here
40667,Carry half
40668,Human prove
40669,Blood father
40670,So specific
40671,Various by
40672,Life type
40673,Apply office
40674,Popular fall
40675,Our everybody
40676,Remember anything
40677,Cover than
40678,Manage issue
40679,Watch detail
40680,To garden
40681,With tax
40682,Democratic again
40683,Race wide
40684,Offer involve
40685,Case throughout
40686,Safe project
40687,Manager whom
40688,Current note
40689,Design federal
40690,Budget exactly
40691,Price give
40692,Card build
40693,Wear spring
40694,Yet value
40695,Send site
40696,Have above
40697,Senior debate
40698,Feel particular
40699,Where remember
40700,Picture audience
40701,Place and
40702,Size prepare
40703,Short thought
40704,Those indeed
40705,Hospital take
40706,Than matter
40707,Player artist
40708,Suggest later
40709,Church strategy
40710,Certainly three
40711,Center check
40712,What medical
40713,Outside father
40714,Population lead
40715,Lawyer new
40716,Military pay
40717,Natural store
40718,Per old
40719,These sound
40720,Suddenly girl
40721,Vote major
40722,Necessary hope
40723,Tend word
40724,Together building
40725,Candidate current
40726,Activity close
40727,Actually center
40728,Street attention
40729,Look on
40730,Determine grow
40731,Six year
40732,Development property
40733,Put take
40734,Which general
40735,Adult site
40736,Design soldier
40737,Part they
40738,Your Congress
40739,End build
40740,Sit between
40741,Place maintain
40742,Build notice
40743,Alone world
40744,Summer owner
40745,Check break
40746,Start way
40747,Field although
40748,Bring course
40749,Policy prove
40750,Already still
40751,Father specific
40752,Never month
40753,Final that
40754,Within poor
40755,Strong business
40756,Gas act
40757,Congress place
40758,Before ago
40759,Activity do
40760,Good money
40761,Prove citizen
40762,Power somebody
40763,Avoid total
40764,Bag how
40765,White pass
40766,By treatment
40767,Yes over
40768,Ever law
40769,Wait maybe
40770,Stay heavy
40771,Begin actually
40772,Road little
40773,Fine garden
40774,Style property
40775,Concern risk
40776,Congress guy
40777,Property apply
40778,Occur seven
40779,Fight boy
40780,Send system
40781,Short reason
40782,Small degree
40783,Pull accept
40784,Around research
40785,Nearly industry
40786,Region pressure
40787,Painting question
40788,Our group
40789,Almost enjoy
40790,Action their
40791,Hand maybe
40792,Sister analysis
40793,Where place
40794,Also purpose
40795,Well level
40796,Him western
40797,Car seem
40798,Maintain cut
40799,Mind face
40800,Because lose
40801,Rise walk
40802,Civil catch
40803,Than good
40804,Green pressure
40805,Rule born
40806,Development article
40807,Reduce then
40808,State customer
40809,Street picture
40810,Somebody within
40811,Cause support
40812,Would young
40813,Song may
40814,Piece accept
40815,Break read
40816,Every light
40817,Nor field
40818,Religious development
40819,Value head
40820,Company have
40821,Fall rate
40822,Use serious
40823,First factor
40824,Six what
40825,Four choose
40826,Play past
40827,Case us
40828,Could board
40829,Throw forward
40830,Allow response
40831,Possible attack
40832,Culture watch
40833,White field
40834,Economy might
40835,Service west
40836,Toward between
40837,How economic
40838,Conference low
40839,Dog other
40840,Stay on
40841,Report position
40842,Hundred spring
40843,Could door
40844,Marriage police
40845,Think lose
40846,Garden so
40847,Impact capital
40848,Else allow
40849,Discover read
40850,Third know
40851,Color million
40852,Campaign step
40853,Specific structure
40854,You long
40855,Among watch
40856,Next increase
40857,Energy indeed
40858,View finish
40859,Front note
40860,Easy every
40861,Physical food
40862,Pull subject
40863,Age ground
40864,Street door
40865,Audience third
40866,Example artist
40867,Receive meet
40868,Order go
40869,Inside cup
40870,Other girl
40871,Certain become
40872,Pm tough
40873,That firm
40874,Any drug
40875,Feeling factor
40876,Behind before
40877,None them
40878,Left actually
40879,Natural fly
40880,Total mouth
40881,Garden fish
40882,Different born
40883,Want down
40884,Find wide
40885,Happy according
40886,Certain American
40887,Development kid
40888,Worker although
40889,Where half
40890,Debate medical
40891,Discuss it
40892,Capital ahead
40893,Theory professional
40894,They worry
40895,Officer character
40896,Much any
40897,Away reduce
40898,Glass century
40899,Across actually
40900,Entire wonder
40901,By evening
40902,Wonder face
40903,Property wind
40904,Stock scene
40905,Blood without
40906,Item whose
40907,Win century
40908,Left evidence
40909,Employee on
40910,Side couple
40911,Go process
40912,World friend
40913,Democrat nothing
40914,Serve popular
40915,Four model
40916,Mrs would
40917,Manager look
40918,Word medical
40919,End particularly
40920,Assume feeling
40921,Party here
40922,Population hospital
40923,Something ask
40924,Always bit
40925,Case author
40926,Become remember
40927,Rather civil
40928,Science trouble
40929,Run heart
40930,Of wear
40931,Discussion author
40932,Spring once
40933,Article here
40934,Significant sea
40935,Avoid reason
40936,Range rock
40937,Budget book
40938,Carry church
40939,Central three
40940,Soldier free
40941,Free eat
40942,Drive sure
40943,Could treat
40944,Forward likely
40945,Environmental maybe
40946,Big beyond
40947,Attention item
40948,Agreement without
40949,Another I
40950,Way continue
40951,Head carry
40952,Heavy statement
40953,Short through
40954,Word peace
40955,Support may
40956,Group talk
40957,Rest my
40958,Strategy buy
40959,Couple wonder
40960,Imagine teacher
40961,Operation front
40962,Laugh anything
40963,Remain network
40964,Nation analysis
40965,Yourself enter
40966,Look put
40967,Board be
40968,Increase require
40969,Thousand lay
40970,Sense degree
40971,Compare war
40972,Fine high
40973,Response work
40974,Moment friend
40975,Hour market
40976,Billion practice
40977,Require six
40978,Report benefit
40979,Hot evidence
40980,Now tree
40981,Second always
40982,Which hold
40983,Through person
40984,Himself major
40985,Pm approach
40986,Consumer simply
40987,Money finally
40988,Million real
40989,Rather keep
40990,Left trip
40991,Young build
40992,Military push
40993,Develop scene
40994,Decade charge
40995,Into beat
40996,Once management
40997,Herself head
40998,Order different
40999,Just television
41000,Common account
41001,Forward alone
41002,Stand mean
41003,Show eye
41004,Federal standard
41005,Fly wall
41006,Food current
41007,Together charge
41008,Source five
41009,Answer as
41010,Experience may
41011,State water
41012,Tree important
41013,Such imagine
41014,Reflect weight
41015,Individual should
41016,Nearly front
41017,But book
41018,Else her
41019,Fine subject
41020,Natural up
41021,Enjoy test
41022,Pressure economic
41023,Choose picture
41024,Far believe
41025,Spend song
41026,Citizen part
41027,Myself produce
41028,After seek
41029,Commercial try
41030,Girl administration
41031,These stage
41032,Issue she
41033,Particular remember
41034,Mr also
41035,Well cold
41036,Describe my
41037,I forget
41038,Real ago
41039,Region detail
41040,Draw stage
41041,Tonight truth
41042,Yourself show
41043,Seek remember
41044,Wall fund
41045,Government thousand
41046,Fear small
41047,Someone bag
41048,Realize field
41049,Science year
41050,Everybody firm
41051,Fly down
41052,Operation of
41053,Center speech
41054,Defense explain
41055,Civil serve
41056,Down fine
41057,Quite dinner
41058,Occur want
41059,Task mother
41060,City sing
41061,Remember suffer
41062,Pull two
41063,Pull let
41064,Off tree
41065,Piece so
41066,Market defense
41067,Them free
41068,Sign community
41069,Board international
41070,Hard thank
41071,Southern together
41072,Enough travel
41073,Close check
41074,Reveal some
41075,Never reason
41076,Evidence house
41077,Learn picture
41078,We build
41079,Matter still
41080,Yard parent
41081,That common
41082,Either floor
41083,Month individual
41084,Third while
41085,Member by
41086,Treat personal
41087,Thing truth
41088,Reach property
41089,Local manager
41090,Generation of
41091,House read
41092,Feeling character
41093,Way loss
41094,Clear give
41095,Federal fear
41096,Move major
41097,Series development
41098,Hot great
41099,Guy language
41100,Side market
41101,Matter again
41102,Especially partner
41103,Course free
41104,During picture
41105,Ten provide
41106,Send then
41107,Player push
41108,I maintain
41109,Take population
41110,Mother claim
41111,Natural high
41112,Himself reveal
41113,Mouth picture
41114,Its direction
41115,Act dinner
41116,Discover final
41117,Teach serious
41118,Media child
41119,Call daughter
41120,Great person
41121,Measure point
41122,Fear him
41123,If camera
41124,It seek
41125,Moment media
41126,Most simply
41127,Oil detail
41128,Happy power
41129,Until family
41130,Pull believe
41131,Believe study
41132,Notice high
41133,Future government
41134,Determine who
41135,See nature
41136,Then situation
41137,Relate beautiful
41138,American clearly
41139,Feeling remain
41140,Experience network
41141,Network one
41142,Land join
41143,Prevent onto
41144,Line should
41145,Reflect possible
41146,Full certain
41147,Buy news
41148,Board always
41149,Issue star
41150,Reduce power
41151,Rich clearly
41152,On pattern
41153,Sell country
41154,Floor debate
41155,Blue suddenly
41156,Fire less
41157,Design serious
41158,Work evening
41159,Democrat successful
41160,Building form
41161,Scientist tough
41162,Easy economic
41163,Want about
41164,Dark rule
41165,Pattern sister
41166,Task him
41167,Center baby
41168,Pressure run
41169,Expect laugh
41170,Wonder pay
41171,Rate per
41172,Service them
41173,Budget if
41174,Manage price
41175,Our month
41176,Board series
41177,Agreement fight
41178,Moment sell
41179,Soldier I
41180,Simply size
41181,Type college
41182,Meet cut
41183,His time
41184,Sound last
41185,Admit once
41186,Middle month
41187,Situation growth
41188,Effect must
41189,First go
41190,Daughter major
41191,Key effect
41192,Note citizen
41193,Evening color
41194,Include friend
41195,Likely late
41196,Participant product
41197,Church serve
41198,Middle weight
41199,Thank difference
41200,Listen community
41201,Section light
41202,During say
41203,Above determine
41204,View consumer
41205,Find say
41206,Eye no
41207,Ahead democratic
41208,Perform main
41209,Society old
41210,Indicate Congress
41211,Then brother
41212,Bed one
41213,That sometimes
41214,Want very
41215,Difference TV
41216,Whole hotel
41217,Want understand
41218,So bring
41219,Few watch
41220,Friend wind
41221,Certainly act
41222,Scene civil
41223,Maintain yard
41224,Building last
41225,Sit herself
41226,Actually try
41227,Back ahead
41228,Factor itself
41229,Sing education
41230,Capital fine
41231,Pull wear
41232,Return create
41233,Ask might
41234,Fight professional
41235,Television build
41236,Foot she
41237,Move law
41238,Friend laugh
41239,Personal new
41240,Region but
41241,Thus blood
41242,About responsibility
41243,Those though
41244,Choice whether
41245,Military feel
41246,According win
41247,Main radio
41248,Human then
41249,Hundred air
41250,Fire would
41251,Chair own
41252,Century under
41253,Other way
41254,Level dream
41255,Attorney add
41256,Too teach
41257,Over camera
41258,Say born
41259,Myself recently
41260,Science cause
41261,Game painting
41262,Born relate
41263,Nor soon
41264,Event purpose
41265,Decision international
41266,Interest direction
41267,Product look
41268,Step detail
41269,Score interest
41270,Mean establish
41271,Magazine about
41272,Model test
41273,Argue enough
41274,Tax real
41275,Seem want
41276,Sound book
41277,Expert cultural
41278,Stage best
41279,Scientist church
41280,Understand wide
41281,Run born
41282,Every me
41283,College series
41284,Across let
41285,Natural himself
41286,People even
41287,Benefit leave
41288,Development morning
41289,Miss than
41290,Wind look
41291,Break teacher
41292,Significant top
41293,Assume go
41294,Way one
41295,Radio military
41296,Performance physical
41297,Front husband
41298,Option executive
41299,Beat theory
41300,Voice nearly
41301,Painting fight
41302,Himself past
41303,Society short
41304,Budget fact
41305,Age wrong
41306,Report theory
41307,What space
41308,Once above
41309,Store give
41310,Actually here
41311,Blood line
41312,Process region
41313,Night season
41314,Area when
41315,Quality cover
41316,Around fly
41317,Enough within
41318,Energy fill
41319,Up number
41320,Serve outside
41321,Of writer
41322,Beat age
41323,Carry least
41324,Modern establish
41325,Yes check
41326,Leader expert
41327,Woman tough
41328,Language have
41329,Place dog
41330,Gun big
41331,During father
41332,Sister walk
41333,The himself
41334,Card technology
41335,Major dog
41336,Service yet
41337,Side represent
41338,Exactly tough
41339,Threat single
41340,Coach could
41341,Teach Congress
41342,Law degree
41343,Long manager
41344,Long plant
41345,Parent line
41346,He enjoy
41347,Executive according
41348,Couple together
41349,Available home
41350,Once hope
41351,Consumer parent
41352,Long everything
41353,Affect water
41354,Personal generation
41355,Note interest
41356,Sea customer
41357,Single food
41358,Movement business
41359,Direction result
41360,Camera various
41361,Off TV
41362,Plan wish
41363,Blue enough
41364,Concern may
41365,Economic study
41366,Laugh accept
41367,Report whose
41368,Position body
41369,Despite black
41370,Leave capital
41371,Book personal
41372,Evidence try
41373,Return long
41374,Each magazine
41375,Answer be
41376,Responsibility too
41377,Grow whom
41378,Truth thus
41379,Year yeah
41380,Through choose
41381,Happy music
41382,Past else
41383,Between return
41384,Lawyer require
41385,Every over
41386,Fly as
41387,Effort though
41388,Second write
41389,Recent show
41390,Five them
41391,Husband rule
41392,On her
41393,Hit pay
41394,Know build
41395,Available believe
41396,Several since
41397,Future room
41398,Reach member
41399,Listen bill
41400,Minute loss
41401,Receive society
41402,Minute poor
41403,Central around
41404,Name success
41405,Ten organization
41406,Grow radio
41407,Often enough
41408,Who most
41409,Partner opportunity
41410,Since there
41411,At meet
41412,Really note
41413,Since smile
41414,System Congress
41415,Heart worker
41416,Lay article
41417,Cost speak
41418,Many central
41419,Blue religious
41420,Kind consumer
41421,Professor boy
41422,Across wait
41423,Under black
41424,Cause someone
41425,Growth receive
41426,Television hair
41427,Design what
41428,Agree study
41429,Sound key
41430,Executive grow
41431,Important room
41432,Road easy
41433,Write white
41434,According quickly
41435,Month lose
41436,Writer so
41437,Special she
41438,Somebody hospital
41439,If ever
41440,Range picture
41441,Across while
41442,Beyond our
41443,Rest senior
41444,Certain reality
41445,Public former
41446,Letter appear
41447,Easy type
41448,Population listen
41449,Need nearly
41450,Two throw
41451,Others management
41452,Center mother
41453,Why finish
41454,Should top
41455,Worry learn
41456,Agreement save
41457,Research win
41458,Station huge
41459,Help social
41460,Stuff will
41461,National traditional
41462,Positive imagine
41463,Realize once
41464,Agree energy
41465,Cultural more
41466,Sea commercial
41467,Hope often
41468,Number pull
41469,Traditional yes
41470,Message house
41471,Could get
41472,Bar benefit
41473,Field chance
41474,Ever include
41475,Story part
41476,Participant better
41477,Property available
41478,Ability as
41479,Weight want
41480,Ahead marriage
41481,True family
41482,Performance fight
41483,Whether weight
41484,Above special
41485,No cause
41486,Level everything
41487,Yard smile
41488,Color can
41489,Sense use
41490,Concern where
41491,Understand dinner
41492,Recognize into
41493,Discussion others
41494,Pattern firm
41495,Figure painting
41496,Federal suggest
41497,Eye leader
41498,Mouth good
41499,Mr condition
41500,Per officer
41501,Total clear
41502,Adult that
41503,Out reason
41504,Start mouth
41505,Wife campaign
41506,Woman you
41507,Generation feeling
41508,Usually example
41509,Ago door
41510,Measure service
41511,Others finish
41512,Growth focus
41513,Where morning
41514,Almost three
41515,Cultural enjoy
41516,Listen phone
41517,Trip gas
41518,Eat he
41519,By study
41520,Mind heart
41521,On whole
41522,South region
41523,Begin spring
41524,Beat weight
41525,Coach husband
41526,To lose
41527,Activity listen
41528,Wind nothing
41529,Such number
41530,Cultural perform
41531,Security fact
41532,My conference
41533,Old order
41534,Fall approach
41535,Animal even
41536,Would court
41537,Future prove
41538,Edge feel
41539,Test during
41540,Me visit
41541,Kind sit
41542,Choice task
41543,Line find
41544,Strategy not
41545,Get action
41546,Six two
41547,Customer north
41548,Court her
41549,Us instead
41550,Like able
41551,Range animal
41552,Those claim
41553,Republican she
41554,Ten option
41555,By size
41556,Answer remain
41557,Number American
41558,System oil
41559,Traditional tax
41560,Establish pressure
41561,Attorney fish
41562,Middle floor
41563,Both approach
41564,Determine with
41565,School begin
41566,Personal social
41567,Challenge kitchen
41568,Meet two
41569,Something reflect
41570,Beat thought
41571,Manager film
41572,Seem check
41573,Group listen
41574,Ability its
41575,Thus method
41576,Some pick
41577,Finally south
41578,Stop cause
41579,Unit tree
41580,Color whole
41581,Government him
41582,Everything worry
41583,Must toward
41584,Product prevent
41585,West east
41586,Issue machine
41587,Technology trial
41588,Democrat long
41589,Give listen
41590,Customer forget
41591,Spring top
41592,Trouble unit
41593,Best recent
41594,Less without
41595,Wear represent
41596,Position better
41597,In artist
41598,Price least
41599,Many president
41600,Seat along
41601,Less music
41602,Writer become
41603,Put cell
41604,Wonder entire
41605,Imagine stay
41606,Instead wear
41607,Memory memory
41608,Put thought
41609,Fill pull
41610,Heart floor
41611,Race reason
41612,Woman audience
41613,Rule should
41614,Cause rest
41615,Your oil
41616,Star politics
41617,Both teacher
41618,Loss consider
41619,Real marriage
41620,Less child
41621,Official father
41622,Various better
41623,Hour actually
41624,Foreign big
41625,Score order
41626,Spring peace
41627,Foot itself
41628,Culture blood
41629,Law front
41630,Child you
41631,Simply system
41632,Box state
41633,Herself real
41634,This land
41635,Which through
41636,Remember lawyer
41637,Argue say
41638,Case energy
41639,Garden once
41640,Weight course
41641,Smile can
41642,Recently seek
41643,Alone step
41644,Simple woman
41645,Current major
41646,Defense late
41647,Relate nearly
41648,Box city
41649,Author out
41650,Game medical
41651,Between pretty
41652,Up about
41653,Suffer government
41654,Happy onto
41655,Call program
41656,Language compare
41657,Service market
41658,Speak the
41659,Country risk
41660,Represent born
41661,Like clear
41662,Across community
41663,Firm executive
41664,Alone decision
41665,Across major
41666,Could coach
41667,Finally painting
41668,Address language
41669,Customer necessary
41670,Million store
41671,Rather teach
41672,Until let
41673,Management difference
41674,Time laugh
41675,Body effort
41676,Offer consider
41677,Remain draw
41678,Certain example
41679,Step avoid
41680,Break media
41681,Statement itself
41682,Red personal
41683,Since develop
41684,Test same
41685,Us speech
41686,Argue race
41687,Must long
41688,May learn
41689,Her however
41690,Place somebody
41691,Check thought
41692,Foreign make
41693,Final save
41694,Concern over
41695,By amount
41696,Note of
41697,Style generation
41698,Along figure
41699,Them air
41700,Food eye
41701,World weight
41702,Into early
41703,Behavior imagine
41704,Sister like
41705,Just town
41706,Last behavior
41707,Usually effort
41708,Cup job
41709,Throw current
41710,Despite part
41711,Explain easy
41712,Cover reflect
41713,Base season
41714,Toward be
41715,Game ago
41716,Allow forward
41717,Affect home
41718,Professional TV
41719,Charge note
41720,Miss grow
41721,Foreign nice
41722,Series turn
41723,Education new
41724,Player shake
41725,Exactly Mr
41726,News religious
41727,Land around
41728,Law price
41729,Boy wear
41730,Cause program
41731,Support among
41732,Should suddenly
41733,Lead book
41734,Benefit little
41735,Plan statement
41736,Capital beat
41737,Simple make
41738,Offer base
41739,Small support
41740,Important should
41741,Factor society
41742,Cup power
41743,Create another
41744,Rule could
41745,Everything school
41746,Let tell
41747,Enjoy receive
41748,Dog class
41749,Especially open
41750,Both lot
41751,Debate end
41752,Cup risk
41753,Maintain only
41754,Enjoy history
41755,Science song
41756,Us sign
41757,Next exactly
41758,Type feel
41759,Ready interview
41760,Truth glass
41761,Manage catch
41762,Certain Mr
41763,Movement maybe
41764,Partner despite
41765,Heavy speak
41766,Center husband
41767,Because card
41768,Authority hundred
41769,There yeah
41770,Lawyer teacher
41771,Break concern
41772,According upon
41773,Window across
41774,Maybe close
41775,Compare we
41776,Sound imagine
41777,Bring build
41778,Know realize
41779,Act main
41780,Production little
41781,Reason follow
41782,Remain while
41783,Man mention
41784,Must minute
41785,What partner
41786,Wonder both
41787,Rock effect
41788,Around about
41789,Political particular
41790,Father talk
41791,Accept one
41792,Answer return
41793,Seek treatment
41794,Whatever other
41795,Effect of
41796,Scientist themselves
41797,Rule audience
41798,Style air
41799,Anything impact
41800,Pretty story
41801,Newspaper while
41802,Enter small
41803,Agree subject
41804,Single hot
41805,Successful open
41806,Everyone around
41807,Dream box
41808,Fund performance
41809,Exactly hot
41810,Beyond many
41811,Seek money
41812,Common ever
41813,Mind surface
41814,Fall ok
41815,Toward candidate
41816,Admit how
41817,Rather push
41818,Resource number
41819,Issue oil
41820,Kitchen build
41821,Visit this
41822,Rise soldier
41823,Debate sign
41824,Rate mind
41825,Scientist blue
41826,Start air
41827,Seek it
41828,Data culture
41829,Especially ever
41830,Difficult both
41831,Side be
41832,Floor school
41833,Bill prepare
41834,Environmental move
41835,Draw ability
41836,Nothing maintain
41837,Administration important
41838,Wait while
41839,Skin effect
41840,Decide statement
41841,Democratic view
41842,Their financial
41843,Cause maintain
41844,Recently down
41845,Finish expert
41846,Than indicate
41847,Compare answer
41848,Senior heart
41849,Piece per
41850,Reduce Mr
41851,Move dinner
41852,Treat paper
41853,Music Democrat
41854,Service many
41855,Adult good
41856,Serve agreement
41857,Who race
41858,Traditional station
41859,Language painting
41860,Trouble above
41861,Together compare
41862,Finish century
41863,Another affect
41864,Voice drive
41865,Out thank
41866,Performance program
41867,Recent pressure
41868,Despite culture
41869,Result return
41870,Remember tough
41871,Room bring
41872,Job character
41873,Job step
41874,Visit push
41875,Without camera
41876,Building view
41877,None design
41878,Will quite
41879,High product
41880,Win which
41881,Care style
41882,Character scene
41883,Wide four
41884,Financial away
41885,Agency star
41886,Until majority
41887,Those look
41888,This clear
41889,Fear risk
41890,Goal machine
41891,To fall
41892,Truth white
41893,Evidence million
41894,Lot science
41895,Degree thought
41896,Effect player
41897,Game always
41898,Hear center
41899,Something able
41900,Success important
41901,Century bad
41902,Opportunity study
41903,Film radio
41904,Receive take
41905,Attorney wait
41906,Threat believe
41907,Population action
41908,Computer end
41909,Court explain
41910,Ball have
41911,Race offer
41912,Affect must
41913,After all
41914,Admit garden
41915,Onto small
41916,Main operation
41917,Cultural act
41918,People thought
41919,Old themselves
41920,Artist report
41921,Quite office
41922,Little tell
41923,Agree collection
41924,Speech rule
41925,Event month
41926,Social occur
41927,Collection southern
41928,Pretty upon
41929,Certain machine
41930,More oil
41931,Gun eight
41932,Sure believe
41933,Shoulder risk
41934,Strong will
41935,Pick resource
41936,Though although
41937,Individual behind
41938,Usually charge
41939,Few blue
41940,High charge
41941,Just rich
41942,Place open
41943,Economic allow
41944,Practice hand
41945,Least red
41946,However certain
41947,Price medical
41948,Stop onto
41949,Town deal
41950,Develop three
41951,Nature front
41952,Move address
41953,Six possible
41954,College chair
41955,Point interview
41956,Place paper
41957,Sit mind
41958,My truth
41959,Avoid worker
41960,Item light
41961,Blue image
41962,Test reality
41963,Paper behavior
41964,Inside person
41965,Image behavior
41966,Into part
41967,Pass task
41968,Sort represent
41969,Produce she
41970,However serious
41971,Success modern
41972,Technology perform
41973,Movie money
41974,Away view
41975,Wind check
41976,A offer
41977,Open receive
41978,Possible day
41979,Health decade
41980,Bit phone
41981,At explain
41982,Attorney past
41983,Stop they
41984,Half arm
41985,Finish trip
41986,Capital guy
41987,Money news
41988,Newspaper born
41989,A authority
41990,Sport push
41991,Read thus
41992,Force ability
41993,Field least
41994,Need TV
41995,Pretty first
41996,Who organization
41997,Stand song
41998,Project last
41999,Citizen number
42000,Story serve
42001,Understand either
42002,Country black
42003,Wrong into
42004,With probably
42005,Worry road
42006,Ground nothing
42007,Note throughout
42008,Identify dog
42009,Court behind
42010,Fight compare
42011,Others they
42012,Pass financial
42013,Their system
42014,Throughout rise
42015,Rock huge
42016,Resource house
42017,Expert model
42018,Production allow
42019,Simply notice
42020,Fall spring
42021,Tonight hope
42022,Fall over
42023,Matter bad
42024,Notice war
42025,Detail without
42026,Song eye
42027,Station left
42028,From alone
42029,Sea her
42030,Major charge
42031,West resource
42032,Behavior decision
42033,Movie leave
42034,Institution artist
42035,Make decade
42036,Family number
42037,Watch star
42038,Join heavy
42039,Next teach
42040,Sister different
42041,Others range
42042,Thought maybe
42043,As movement
42044,Seat rich
42045,Single site
42046,Voice strong
42047,For growth
42048,Foot at
42049,Serve such
42050,Husband agent
42051,Board degree
42052,Church base
42053,My particularly
42054,Seem scene
42055,Energy worker
42056,On article
42057,Director everyone
42058,Debate seek
42059,Inside ground
42060,Throughout a
42061,Interest meeting
42062,Identify trouble
42063,International vote
42064,Serious sense
42065,Stay example
42066,Ahead very
42067,Compare certainly
42068,Agreement letter
42069,Situation positive
42070,Choice forget
42071,Question there
42072,Either hour
42073,Age available
42074,Claim fear
42075,Together happen
42076,Child red
42077,Just shake
42078,Shake up
42079,Candidate commercial
42080,Whose family
42081,Mouth interesting
42082,Staff guess
42083,Agree agency
42084,Civil movement
42085,Tv believe
42086,Writer forward
42087,Against information
42088,Across matter
42089,Situation yeah
42090,Language still
42091,Beautiful yes
42092,Act house
42093,Organization moment
42094,Evening exactly
42095,Mouth society
42096,Listen manage
42097,Energy likely
42098,Gun important
42099,Home apply
42100,Thus yourself
42101,Establish from
42102,Place memory
42103,Leave difference
42104,People someone
42105,Book speech
42106,Describe else
42107,Rise go
42108,Page stage
42109,Case production
42110,Manager support
42111,Develop because
42112,Full just
42113,Around turn
42114,Describe three
42115,Development if
42116,Strategy beyond
42117,Pay it
42118,Education involve
42119,Want all
42120,Form mouth
42121,Feel middle
42122,Hair north
42123,Tax field
42124,Service court
42125,Coach movement
42126,Any soldier
42127,Prove happy
42128,Arrive campaign
42129,Very another
42130,Probably forward
42131,Indicate media
42132,Simply season
42133,Current Republican
42134,Expert financial
42135,Relationship federal
42136,Exist around
42137,Performance speech
42138,Career affect
42139,Measure they
42140,Change stop
42141,Picture art
42142,Not service
42143,Risk do
42144,Approach compare
42145,Behavior red
42146,Where whatever
42147,Left none
42148,Huge run
42149,Cost probably
42150,Character activity
42151,Once practice
42152,Because sister
42153,Itself structure
42154,Light maybe
42155,Pm hundred
42156,Sense street
42157,Ten edge
42158,Professor gas
42159,Drug special
42160,Require ability
42161,Four skin
42162,New kind
42163,Democratic meet
42164,Charge hour
42165,Product husband
42166,Take quality
42167,Last improve
42168,Sort help
42169,Republican successful
42170,Article event
42171,Physical Republican
42172,Or less
42173,Let health
42174,Hope worry
42175,Ahead wind
42176,Kid store
42177,Entire operation
42178,Light conference
42179,Traditional hotel
42180,Two send
42181,Since choose
42182,Letter keep
42183,Employee street
42184,Throughout wind
42185,Mother clearly
42186,Standard even
42187,Edge food
42188,Election important
42189,Long contain
42190,Board method
42191,Look mention
42192,College structure
42193,Health century
42194,Each despite
42195,Off gun
42196,Environment fly
42197,Community however
42198,Do partner
42199,Parent play
42200,Feel season
42201,Turn guess
42202,Myself what
42203,Take candidate
42204,Tell ability
42205,Case state
42206,Attention operation
42207,Away section
42208,Discover themselves
42209,Movie group
42210,Cell single
42211,Common yet
42212,Almost movement
42213,Form meeting
42214,Result campaign
42215,Begin responsibility
42216,Information spring
42217,Offer bill
42218,Network focus
42219,Always word
42220,Guy if
42221,Event political
42222,Quickly phone
42223,Seek concern
42224,Rate free
42225,South himself
42226,Short shake
42227,Human write
42228,Long place
42229,My answer
42230,Within degree
42231,Message here
42232,What goal
42233,Have bar
42234,Might animal
42235,Others back
42236,Garden deal
42237,Think expect
42238,Eye condition
42239,Traditional center
42240,Matter reveal
42241,Five school
42242,Apply them
42243,Now budget
42244,Doctor both
42245,Would war
42246,Boy provide
42247,Hundred partner
42248,Financial election
42249,Compare gun
42250,Key left
42251,Least herself
42252,Past meet
42253,Need available
42254,Debate firm
42255,Thousand action
42256,Race section
42257,Scene stuff
42258,Bar mother
42259,Age technology
42260,Eye ability
42261,Home old
42262,If half
42263,Animal pattern
42264,Vote long
42265,Measure likely
42266,Green region
42267,Cup ask
42268,Speech thank
42269,Above blue
42270,End best
42271,Church threat
42272,Describe by
42273,Nearly writer
42274,They agree
42275,Speak service
42276,Home long
42277,Traditional great
42278,Word understand
42279,Strong several
42280,Ground lawyer
42281,Participant star
42282,Cup clear
42283,Reveal stock
42284,Measure responsibility
42285,Claim manage
42286,Bill television
42287,You sister
42288,According name
42289,Value specific
42290,Situation state
42291,Most memory
42292,Red election
42293,Affect personal
42294,Suffer daughter
42295,Present house
42296,Cost lay
42297,Will such
42298,Process west
42299,Meeting serious
42300,Prepare above
42301,Music wonder
42302,Policy history
42303,Five old
42304,Institution soldier
42305,Place edge
42306,Can skill
42307,Small need
42308,Discuss sister
42309,Must food
42310,Worry never
42311,Whole feeling
42312,Officer early
42313,Ever including
42314,Agent dinner
42315,One gas
42316,Of wrong
42317,Company everyone
42318,Parent eat
42319,Church collection
42320,Full safe
42321,Table store
42322,Man federal
42323,Voice share
42324,Discuss fine
42325,While eat
42326,Large become
42327,All shoulder
42328,Story unit
42329,Create scientist
42330,Member all
42331,Inside threat
42332,Plan stuff
42333,For mission
42334,Imagine car
42335,North will
42336,American brother
42337,Others history
42338,Long what
42339,College something
42340,Son science
42341,Car especially
42342,Section card
42343,Project light
42344,Return talk
42345,Full article
42346,Be peace
42347,Have provide
42348,Myself sign
42349,Fire big
42350,Vote late
42351,Final war
42352,Because gas
42353,Spend western
42354,Third resource
42355,Occur small
42356,Agency sort
42357,Account quality
42358,Baby camera
42359,Again wish
42360,Century national
42361,Would major
42362,Staff loss
42363,Line system
42364,More school
42365,Meeting air
42366,Country water
42367,Event art
42368,Water card
42369,Draw about
42370,May step
42371,Family yeah
42372,Expert chance
42373,Part west
42374,Travel camera
42375,Course if
42376,Certainly modern
42377,Huge each
42378,Reflect animal
42379,Mission cultural
42380,Man food
42381,Against eight
42382,Must body
42383,Risk mind
42384,Really future
42385,Really message
42386,Like outside
42387,Book father
42388,Look particularly
42389,Body resource
42390,Bad product
42391,Go others
42392,Pm rock
42393,Budget sure
42394,Identify look
42395,Question war
42396,Star just
42397,Dark best
42398,Evening without
42399,Over event
42400,Service push
42401,Course poor
42402,Like turn
42403,Discover it
42404,Ever usually
42405,Debate miss
42406,Deal when
42407,Market friend
42408,See bank
42409,Past hotel
42410,Sure toward
42411,Industry model
42412,Reveal lot
42413,Music direction
42414,Quickly risk
42415,Boy surface
42416,Ok operation
42417,Admit future
42418,Education middle
42419,Receive practice
42420,Least manager
42421,Air player
42422,Compare scientist
42423,Concern will
42424,Hold cell
42425,Behind audience
42426,Station national
42427,Congress up
42428,Sing pay
42429,Room religious
42430,Receive identify
42431,Suggest region
42432,Field space
42433,Five degree
42434,Good and
42435,Movie responsibility
42436,Fly after
42437,Compare floor
42438,Prove sure
42439,Outside shoulder
42440,Decade money
42441,Major information
42442,Foot certain
42443,New action
42444,How away
42445,Wish garden
42446,Management natural
42447,Else public
42448,Gas fine
42449,Offer citizen
42450,Woman budget
42451,Mouth because
42452,Once size
42453,Evening size
42454,Type ask
42455,Control next
42456,Artist add
42457,Real increase
42458,Might who
42459,Might avoid
42460,Again state
42461,Money investment
42462,Education also
42463,Election dog
42464,Prepare eight
42465,Probably loss
42466,Anyone create
42467,Manager prevent
42468,Military structure
42469,Like factor
42470,Head many
42471,Social customer
42472,Actually say
42473,Suggest white
42474,Site around
42475,Pressure simply
42476,Base operation
42477,Policy increase
42478,Pay where
42479,Describe travel
42480,Anything just
42481,Yeah able
42482,Eye do
42483,It reflect
42484,Data standard
42485,Course third
42486,Increase campaign
42487,Letter feel
42488,Computer hold
42489,Certain involve
42490,Guy big
42491,Week phone
42492,Spring rather
42493,His season
42494,Her special
42495,Share tell
42496,Moment focus
42497,Prepare center
42498,Rich sound
42499,Point film
42500,Sometimes word
42501,Radio perhaps
42502,Opportunity apply
42503,Realize security
42504,Seven section
42505,Out yeah
42506,Program life
42507,Listen song
42508,Save quickly
42509,Share somebody
42510,Difficult guess
42511,Stand nice
42512,Road to
42513,Seem nation
42514,Fight dog
42515,Radio modern
42516,Population charge
42517,Start itself
42518,Brother establish
42519,Pretty certain
42520,Buy finally
42521,System others
42522,Follow over
42523,Official southern
42524,Staff imagine
42525,Mouth trade
42526,Baby unit
42527,Cup special
42528,Traditional subject
42529,Billion high
42530,Say weight
42531,Test lead
42532,Loss entire
42533,Article decide
42534,Month interview
42535,Simple former
42536,Letter star
42537,Computer light
42538,Talk market
42539,Animal investment
42540,Human much
42541,Cover by
42542,Take them
42543,Value military
42544,Knowledge yeah
42545,Wide local
42546,Carry visit
42547,Security give
42548,Month letter
42549,Everybody billion
42550,Serious economic
42551,Move green
42552,Best add
42553,Decision exist
42554,Respond data
42555,Interesting edge
42556,Many establish
42557,Face treatment
42558,Suffer receive
42559,Newspaper respond
42560,Shoulder agreement
42561,Instead follow
42562,Fire interest
42563,Network meeting
42564,People power
42565,Change five
42566,Mission become
42567,Home quite
42568,Officer property
42569,Development attack
42570,Central want
42571,Age admit
42572,Interest maybe
42573,Partner financial
42574,Boy high
42575,Capital start
42576,Eat challenge
42577,Instead company
42578,Strong offer
42579,Budget itself
42580,Popular attention
42581,Support wear
42582,Yes ball
42583,Develop memory
42584,Accept peace
42585,Land fast
42586,Strong bag
42587,Affect education
42588,Turn help
42589,Final leader
42590,Sit event
42591,So beat
42592,Major employee
42593,Story six
42594,Leave chance
42595,Above direction
42596,Magazine company
42597,Head court
42598,Blue share
42599,Draw allow
42600,Staff south
42601,Indeed bad
42602,Thousand mouth
42603,Read moment
42604,Congress what
42605,Bank common
42606,Against best
42607,Save nearly
42608,Be data
42609,Finish people
42610,Price computer
42611,Situation few
42612,Control of
42613,Direction live
42614,Shake could
42615,You report
42616,Congress ever
42617,Born next
42618,Road single
42619,Road nearly
42620,Election own
42621,Including land
42622,Age may
42623,Sister food
42624,Sea opportunity
42625,Candidate after
42626,Imagine though
42627,Law clear
42628,Protect red
42629,Relationship goal
42630,Task know
42631,Nature food
42632,Top brother
42633,Radio idea
42634,Reason painting
42635,Across situation
42636,I possible
42637,Weight become
42638,Suffer crime
42639,Treatment father
42640,Training series
42641,Any red
42642,Cold hospital
42643,Anyone international
42644,Visit what
42645,Notice natural
42646,Take early
42647,Local still
42648,Police poor
42649,Conference last
42650,Way beautiful
42651,Short argue
42652,Company management
42653,Many blood
42654,Ok require
42655,Behavior discover
42656,These very
42657,Easy design
42658,Third arm
42659,The day
42660,Tend mean
42661,Agreement mouth
42662,Bit near
42663,My measure
42664,Record pressure
42665,Pull reach
42666,Charge training
42667,Leave account
42668,Film his
42669,Reflect industry
42670,Discussion dark
42671,Quality just
42672,Start bring
42673,Culture toward
42674,Response key
42675,Pm station
42676,Play term
42677,Effect shake
42678,Wind later
42679,Professor street
42680,Firm place
42681,Eight do
42682,Thus group
42683,Might international
42684,Nor ok
42685,Seem series
42686,Market shoulder
42687,Address upon
42688,Break cause
42689,Situation news
42690,Represent cultural
42691,All stuff
42692,Service machine
42693,Throughout account
42694,Role protect
42695,Option away
42696,Heavy help
42697,Top side
42698,Me in
42699,When south
42700,Enter pull
42701,Capital Republican
42702,Lawyer student
42703,Realize performance
42704,Happy forward
42705,Accept option
42706,Budget bar
42707,Future less
42708,Theory century
42709,Drop up
42710,Interest off
42711,Common into
42712,Sell law
42713,Company environment
42714,Able rest
42715,Good room
42716,Mission current
42717,Toward minute
42718,Ball reveal
42719,To fish
42720,Back especially
42721,Break identify
42722,Hot visit
42723,Government occur
42724,Allow world
42725,Fish election
42726,Enter mind
42727,Direction science
42728,Deep listen
42729,Respond benefit
42730,Factor natural
42731,Rock year
42732,Seat same
42733,Others economic
42734,Yet heavy
42735,Job among
42736,Way debate
42737,Would property
42738,Sound Democrat
42739,Light determine
42740,Enjoy kitchen
42741,Inside dog
42742,Three doctor
42743,Of large
42744,Step hospital
42745,Certainly treatment
42746,Human two
42747,Too employee
42748,Career work
42749,Camera teach
42750,Commercial happy
42751,After enjoy
42752,Likely they
42753,Prove low
42754,Rather more
42755,Not although
42756,Again people
42757,Great daughter
42758,Move bar
42759,Record bring
42760,Speak save
42761,Someone evidence
42762,Decision sport
42763,Explain contain
42764,Gun ball
42765,Quickly however
42766,Bill during
42767,Will at
42768,Decide society
42769,Century maintain
42770,Keep professor
42771,High whose
42772,Food hot
42773,Key glass
42774,Remain never
42775,Ahead future
42776,Good skill
42777,Sing within
42778,Effect language
42779,Money instead
42780,Care get
42781,Off majority
42782,Couple customer
42783,West heavy
42784,Year end
42785,Because give
42786,Everyone method
42787,Visit popular
42788,Model continue
42789,Detail method
42790,Might church
42791,Threat special
42792,City security
42793,Trade body
42794,Standard all
42795,Deal their
42796,Number computer
42797,Argue from
42798,Interview population
42799,Mention pick
42800,Range number
42801,Part himself
42802,Author treatment
42803,Activity certain
42804,Support memory
42805,Sound son
42806,Me let
42807,Beautiful push
42808,Force try
42809,Commercial hundred
42810,Entire try
42811,Democrat hard
42812,Summer movie
42813,Town before
42814,Spring trouble
42815,Relate wide
42816,Large increase
42817,Agree only
42818,Bit front
42819,Control work
42820,Throughout simple
42821,Perhaps water
42822,Those the
42823,Natural hold
42824,Of walk
42825,Stock never
42826,Wide couple
42827,Pull its
42828,Maintain pressure
42829,Edge tell
42830,Focus open
42831,Car remember
42832,Almost well
42833,Rest project
42834,Turn but
42835,Happy yet
42836,Shoulder along
42837,Hair stay
42838,Agency here
42839,Then imagine
42840,Attack student
42841,Get meeting
42842,Exist hour
42843,Sometimes idea
42844,Result southern
42845,Just material
42846,Chair strong
42847,Believe trip
42848,Class bed
42849,Service build
42850,Kid board
42851,Deal marriage
42852,Prepare buy
42853,Break federal
42854,Risk choose
42855,Future science
42856,Could stay
42857,See budget
42858,Media early
42859,Discuss real
42860,Coach similar
42861,Mouth star
42862,Notice maintain
42863,Thought religious
42864,Really fight
42865,Within bit
42866,School whom
42867,Program show
42868,Mind recent
42869,Against bag
42870,Economic look
42871,Option suddenly
42872,Will who
42873,Address design
42874,Condition policy
42875,Ten piece
42876,Yet health
42877,Position small
42878,Much low
42879,Pretty take
42880,Opportunity language
42881,Believe ever
42882,Thought support
42883,Skin mouth
42884,Media his
42885,Enjoy trade
42886,Team three
42887,Behavior window
42888,Act improve
42889,Rest board
42890,Evening minute
42891,Fire world
42892,Glass couple
42893,Media table
42894,Energy stay
42895,Through name
42896,Forget think
42897,Outside hear
42898,Move continue
42899,Employee tough
42900,Nor central
42901,Market everyone
42902,Past run
42903,Often general
42904,Laugh with
42905,Indicate enough
42906,Song to
42907,Move wrong
42908,Bed bag
42909,Vote letter
42910,Better staff
42911,Because run
42912,Beyond can
42913,Yard best
42914,Threat foot
42915,When yourself
42916,Staff process
42917,Here office
42918,Then responsibility
42919,Ever child
42920,Theory rock
42921,Scene mention
42922,Goal push
42923,Many approach
42924,Political back
42925,Concern new
42926,Yard sound
42927,Current six
42928,Either beautiful
42929,Last put
42930,Yard get
42931,Could every
42932,Easy us
42933,They else
42934,So forward
42935,Clearly general
42936,Through understand
42937,Record including
42938,When ground
42939,Behavior course
42940,Suffer prepare
42941,Another also
42942,Long draw
42943,Long office
42944,Include even
42945,Wonder pass
42946,Guy fast
42947,Show build
42948,Certain general
42949,Conference right
42950,Large represent
42951,Allow oil
42952,Worker dark
42953,Nor he
42954,Blood lose
42955,Arrive create
42956,Plant close
42957,Ball community
42958,On attack
42959,Water memory
42960,Paper laugh
42961,Cold country
42962,Finish society
42963,Kitchen sign
42964,Project born
42965,Media person
42966,Much administration
42967,Just leader
42968,See administration
42969,Avoid four
42970,Although word
42971,Begin blue
42972,War capital
42973,None usually
42974,Open discover
42975,Team piece
42976,Operation avoid
42977,Quickly science
42978,Agreement effort
42979,Coach seek
42980,Anyone truth
42981,Point official
42982,Might raise
42983,Sure team
42984,School sing
42985,Military eight
42986,Receive political
42987,None personal
42988,System evidence
42989,Edge region
42990,Only field
42991,Even member
42992,Between about
42993,Candidate institution
42994,Unit well
42995,Lay dog
42996,Edge notice
42997,Chance home
42998,Catch benefit
42999,Partner walk
43000,Nature form
43001,Seven none
43002,Sister difficult
43003,Strategy effect
43004,Particularly ago
43005,Indicate team
43006,Thousand gun
43007,Movement traditional
43008,Decide effect
43009,Federal must
43010,Contain five
43011,Crime few
43012,Water feel
43013,Food response
43014,Girl if
43015,Group mind
43016,Common religious
43017,Current tonight
43018,Space else
43019,Himself paper
43020,Country expert
43021,Bag all
43022,Meeting available
43023,Entire father
43024,As short
43025,Kitchen wear
43026,Service firm
43027,Include certainly
43028,Suddenly task
43029,Require movie
43030,Card ball
43031,White list
43032,Thought deep
43033,Bar main
43034,Tree natural
43035,Responsibility continue
43036,Thousand turn
43037,Above however
43038,Believe necessary
43039,Off seem
43040,Employee dark
43041,Prepare many
43042,At hand
43043,Worry foot
43044,Political on
43045,Country size
43046,Check nature
43047,Picture could
43048,Black peace
43049,Study second
43050,Imagine cold
43051,Which contain
43052,Statement relate
43053,Suddenly history
43054,Plan side
43055,Enjoy her
43056,Nature partner
43057,International ability
43058,Car house
43059,Student question
43060,Room thus
43061,Protect low
43062,Phone forward
43063,West line
43064,Sure able
43065,Economy help
43066,Improve sport
43067,Whether fear
43068,Letter argue
43069,Kind toward
43070,Fill wall
43071,Real how
43072,Over get
43073,Camera senior
43074,Action buy
43075,Age good
43076,Stage pick
43077,Result final
43078,Majority push
43079,Side first
43080,Man indicate
43081,Pretty across
43082,Church answer
43083,Particular save
43084,Poor interesting
43085,Foot between
43086,Attention sure
43087,Simply war
43088,Find medical
43089,Floor simple
43090,Well plant
43091,By door
43092,Glass room
43093,See fine
43094,Soon bill
43095,Total put
43096,Discuss condition
43097,Way open
43098,Those just
43099,Cause her
43100,Life plant
43101,Dark side
43102,Sell sit
43103,Already rise
43104,Space community
43105,Different room
43106,Until well
43107,Nice consumer
43108,Form represent
43109,Nearly nature
43110,Law rule
43111,Century Republican
43112,Couple performance
43113,Standard affect
43114,Mother social
43115,Create reality
43116,Upon name
43117,Tv major
43118,Onto threat
43119,Involve behavior
43120,President scientist
43121,Individual unit
43122,Group prepare
43123,Peace when
43124,Final fine
43125,When finish
43126,Team and
43127,Response order
43128,Police article
43129,Use continue
43130,Control appear
43131,Wife same
43132,Black fly
43133,Our light
43134,Trouble eight
43135,Now hand
43136,Indeed kid
43137,Them movement
43138,Concern onto
43139,Laugh million
43140,Deal change
43141,Color wear
43142,Popular left
43143,Level eye
43144,More build
43145,Short rather
43146,Door church
43147,Give animal
43148,Area report
43149,Part protect
43150,Feel also
43151,Fund executive
43152,Generation message
43153,Per thought
43154,Series energy
43155,Change section
43156,Own amount
43157,Fall need
43158,Team sell
43159,Look impact
43160,Condition all
43161,Test white
43162,Product national
